filename,class
52816546-4463-4a7f-a120-7d492a86a524.png,pneumonia
covid-19-pneumonia-34.png,COVID-19
a2e38131-f394-4146-a2ed-0054a9446b7e.png,normal
8dda3f06-b2fe-40ca-ae22-6457c956c3bf.png,pneumonia
3bb0913d-db75-4c66-81bd-fdd9143eef15.png,pneumonia
covid-19-pneumonia-evolution-over-a-week-1-day3.jpg,COVID-19
b0f4094c-1266-477f-8fec-d85e5389711f.png,normal
0a62df77-7459-4acc-9cca-a62c2cec4b0f.png,pneumonia
fff49165-b22d-4bb4-b9d1-d5d62c52436c.annot.original.png,COVID-19
ea7e10de-91f0-44b7-88ed-6e42f2e83ae7.png,pneumonia
lancet-case2b.jpg,COVID-19
3f55962b-e0d8-4b8e-b44a-23009ccaab33.png,normal
e2188dff-cd18-4a9b-bc0d-bb26a79e9855.png,normal
4b26d000-be82-4426-80f6-d129ff2e8c7c.png,pneumonia
39be0109-70d7-4bec-a59e-970da31447b2.png,pneumonia
52fee036-272a-455a-9714-b6ff73e28403.png,normal
2bbcad9d-9dce-41f6-8642-d0fdce90abd5.png,normal
7bab06ba-97af-4635-b729-f3be8dbce660.png,normal
97e3d9f2-fa1a-46cc-932c-b96879e199f6.png,pneumonia
8ace1a2f-7c08-4bc3-88dc-50e2ea032056.png,pneumonia
6ee4e2ca-87f4-4685-aeae-283b69512e90.png,normal
bebf034a-99ae-4413-a547-ea806600f782.png,normal
4d5f36a6-71a1-48b2-ae53-06544d918664.png,normal
f3f36e6b-8ce1-450e-b072-b61feabeebaf.png,normal
c2c49031-f803-495d-9abf-32589c04a99b.png,pneumonia
pneumocystis-pneumonia-2-PA.png,pneumonia
4ab7037d-0c66-41ac-a1fc-964b638f6054.png,normal
58cb9263f16e94305c730685358e4e_jumbo.jpeg,COVID-19
649ce8d0-49ba-40ee-9287-a9d5e16178a6.png,normal
figure1-5e7c1b8d98c29ab001275405-98-later.jpeg,COVID-19
beaee8dc-2b30-41c5-b646-b6f602b965a7.png,pneumonia
b678dfde-85c1-464f-936f-de965a7f5fe9.png,normal
80446565-E090-4187-A031-9D3CEAA586C8.jpeg,COVID-19
3743b37d-25a5-46a0-acac-5087c1791097.png,normal
jkms-35-e79-g001-l-a.jpg,COVID-19
covid-19-pneumonia-35-2.jpg,COVID-19
b2049c74-eb7d-46e2-be10-48bbe92cb1a6.png,normal
ff3b24b7-a7df-4ee0-a3f8-d213914355c4.png,normal
9f0e7349-144c-4202-86fa-3cd5e1bf252e.png,normal
1-s2.0-S0929664620300449-gr2_lrg-b.jpg,COVID-19
39EE8E69-5801-48DE-B6E3-BE7D1BCF3092.jpeg,COVID-19
673a442a-9862-4b7b-83ef-9205c4c9dc1a.png,pneumonia
c32611c5-e546-4021-b244-4a6d0503787c.png,pneumonia
35071f53-b924-440e-bdfe-7e6f3c74989d.png,pneumonia
129a1251-95cf-4663-91ad-4e58bc0b2d08.png,pneumonia
2C26F453-AF3B-4517-BB9E-802CF2179543.jpeg,COVID-19
b6adc779-5eb6-4afc-8672-986ba03b0dfc.png,pneumonia
post-intubuation-pneumomediastium-and-pneumothorax-background-covid-19-pneumonia-day1.jpg,COVID-19
decd3c00-9a9c-4ff3-8302-ae8a2a7c9370.png,normal
23E99E2E-447C-46E5-8EB2-D35D12473C39.png,COVID-19
9bc3b352-0796-42a9-8028-3fa131afbe7b.png,pneumonia
figure1-5e7c1b8d98c29ab001275405-98.jpeg,COVID-19
1-s2.0-S0140673620303706-fx1_lrg.jpg,COVID-19
32e6fd38-0e31-450c-93ec-f29ea5a6ad2c.png,pneumonia
1caa138f-f729-4693-9693-74b14cbb0d50.png,normal
SARS-10.1148rg.242035193-g04mr34g04a-Fig4a-day7.jpeg,pneumonia
d75bba61-b5c7-4d8e-a97b-0550a6de2f01.png,normal
29e4656b-0648-470c-ace8-cef7398e0fc5.png,normal
86fa7c71-ada6-46b5-8209-441192a806f6.png,normal
3752f5db-8f1a-4060-aa89-e3aae6af021d.png,normal
f9b9a4ee-49bd-4054-9a60-03c771aac376.png,pneumonia
5f429cb7-1eb8-4819-8269-02256d91227d.png,normal
fbcdfaa3-ce49-4186-968e-fc4cd26cb80c.png,normal
c37d38fe-a11e-453a-88a5-5d919bf9f760.png,pneumonia
59c74e8a-eefe-4f92-85b1-87f0d1bd34ae.png,normal
aa886a54-00d6-4f04-91b8-498c5c1bbc65.png,normal
86401948-d976-41b5-965a-120a8cc3899a.png,pneumonia
covid-19-pneumonia-2.jpg,COVID-19
99f092a7-919f-4f2a-a35d-7dfd38463205.png,normal
5534eab3-2d20-4921-a785-1afe09cabd4a.png,normal
SARS-10.1148rg.242035193-g04mr34g09b-Fig9b-day19.jpeg,pneumonia
a408f2c1-9ec2-49fc-8dd6-617dd540d512.png,pneumonia
64b36fb9-40c8-431a-abd2-6b9170f52db6.png,pneumonia
9e0cb776-26d7-4e9d-a109-28a17acc18ad.png,normal
cd70a898-0d26-4a46-9949-5dd6ea3993ff.png,normal
9C34AF49-E589-44D5-92D3-168B3B04E4A6.jpeg,COVID-19
5eaecd80-a0c5-4b3d-afda-9ca41e81976e.png,normal
39dfdacc-9000-4dc5-94e5-252e14307c10.png,pneumonia
a11e3d4c-8248-452d-8f82-ce10a150416d.png,normal
ed69e597-d0bc-46ff-8e7e-c37df59ca86d.png,normal
d4eb4cc5-20be-4a1b-a2f9-5e3eeb05c38d.png,normal
6e9f7191-8b42-4836-a419-8bf369715667.png,normal
ccd24f2e-dfe9-4a26-9c84-0caa0b67cbdc.png,pneumonia
601dd9c6-3544-4a3b-94b7-f9b77ae19451.png,normal
c7935568-7703-4ffe-8b55-b656cc5bb7bc.png,normal
covid-19-pneumonia-8.jpg,COVID-19
2966893D-5DDF-4B68-9E2B-4979D5956C8E.jpeg,COVID-19
right-upper-lobe-pneumonia-9-PA.jpg,pneumonia
pneumocystis-jirovecii-pneumonia-3-1.jpg,pneumonia
02c34d5b-16e9-412e-a385-ccd8cbceae16.png,pneumonia
b1ee3437-1d7a-4a85-a406-f2f7bca754dc.png,pneumonia
671508a1-7593-4563-904d-d7055e85d809.png,pneumonia
e183cf86-9cc7-42ea-8a35-f9abb41edc72.png,normal
b1eac50d-4280-46e7-b010-6c347b8182d5.png,normal
ryct.2020200028.fig1a.jpeg,COVID-19
1239cc4b-bacb-449e-b7e3-5545df8a6677.png,normal
3f25e62e-b79f-4cdd-8607-adc010808d4c.png,pneumonia
e72b1ec4-c97b-4328-99c3-54f518823c2b.png,pneumonia
6C94A287-C059-46A0-8600-AFB95F4727B7.jpeg,COVID-19
fef7b294-017c-4491-9e57-119086855785.png,pneumonia
9cde0ff6-095f-4ac6-88a8-c9ffc4676230.png,pneumonia
aa2af074-3bc2-414f-8adb-49d60b1db48c.png,normal
a002b5a6-a044-497f-a2ce-2ba0469345f2.png,normal
971befc9-5a0d-4bda-acb5-2cebeaa8163e.png,pneumonia
1-s2.0-S0929664620300449-gr2_lrg-c.jpg,COVID-19
covid-19-rapidly-progressive-acute-respiratory-distress-syndrome-ards-day-1.jpg,COVID-19
5bb67504-f09e-49f7-9c4c-03b43f034fa1.png,pneumonia
6ad0b1b1-255b-4c39-8950-f3ce7f9440d5.png,normal
96cd8d5a-06ba-4229-9ecd-d6eab12eb19e.png,normal
covid-19-rapidly-progressive-acute-respiratory-distress-syndrome-ards-day-2.jpg,COVID-19
b42eaeb8-b6d3-41d7-836c-56fd0922abf6.png,pneumonia
nejmoa2001191_f4.jpeg,COVID-19
b18a2d86-3e3a-43ec-b9f6-0fd249bc1a0d.png,pneumonia
eea1c2f6-4bc0-433a-abc9-5f97cdc1b0ac.png,normal
59f86f85-1504-41f2-b6e7-51394fd65ca1.png,pneumonia
43f620a0-745b-47d4-af1d-02661f920f82.png,normal
bf64307b-6a83-4032-9f48-99aa0aec9e8a.png,normal
1794b7b4-de8c-479a-bfa7-2ab868c3061b.png,pneumonia
18bff0c2-16fa-4681-845a-c9a8f019ceaf.png,pneumonia
bfc8780a-6911-4006-a427-0898ccd3a5f9.png,pneumonia
covid-19-pneumonia-evolution-over-a-week-1-day0-PA.jpg,COVID-19
ab439d42-75cf-4049-82c7-1155a8e92560.png,pneumonia
SARS-10.1148rg.242035193-g04mr34g0-Fig8a-day0.jpeg,pneumonia
7b7fe26a-8791-4ed0-a129-fb647b375699.png,normal
aa51d582-6cf7-4d59-896e-751bfd683a2d.png,normal
88070db5-6752-437e-ad22-3f0f2451180a.png,pneumonia
5e61818e-7ea7-4580-85e4-b1d0e3b88ed3.png,pneumonia
48235c65-9a41-426c-b695-a01590d15333.png,pneumonia
d9e9d65f-dd61-4e76-aec0-0cc27e5c583e.png,normal
covid-19-pneumonia-rapidly-progressive-admission.jpg,COVID-19
1F6343EE-AFEC-4B7D-97F5-62797EE18767.jpeg,COVID-19
b75aac14-6da7-4b40-9e68-674f50c98a3a.png,pneumonia
f144c677-5c2f-48a3-bcd9-158f87e71af0.png,normal
4baafcc1-54df-4628-9a60-70cc1c941701.png,normal
497c6936-eabe-436c-9def-6a4d129b12d3.png,pneumonia
covid-19-pneumonia-20-pa-on-admission.jpg,COVID-19
022b7bbd-963b-49ea-afd7-b6b7986da555.png,normal
f961ffa3-2df5-48ce-854a-1440df7f7a6e.png,pneumonia
4ad30bc6-2da0-4f84-bc9b-62acabfd518a.annot.original.png,COVID-19
5686fc75-54a1-477c-a9c7-e9a4e39b8e14.png,normal
7639c65f-52bf-4040-8907-729964dc5563.png,pneumonia
de9d40a1-45ac-4ec0-a9ad-7c3da394fbfb.png,pneumonia
b7b51f82-2aa9-4375-a84f-25c52eeb0b40.png,pneumonia
9fdd3c3032296fd04d2cad5d9070d4_jumbo.jpeg,COVID-19
3a19bdf2-b88b-4414-97bd-b24d79cdd53d.png,normal
0409b97f-7673-42e2-9943-0656c6aaca69.png,pneumonia
34ac4072-4a44-4a08-bc4e-5978785d8283.png,normal
b23184fc-0e6e-4802-a451-da82e2ac6e9a.png,pneumonia
d967c678-30f0-48b4-9563-167e746e972d.png,pneumonia
a72b9712-26dd-493b-a945-fc0e49d7845a.png,normal
covid-19-pneumonia-24-day6.jpg,COVID-19
ryct.2020003.fig2-b.png,COVID-19
covid-19-pneumonia-rapidly-progressive-3-days.jpg,COVID-19
f99e3606-9561-4523-aada-2a8514f185d9.png,normal
b73be0ac-9f24-4635-9935-f64c89a07c57.png,normal
6c917d96-f4b2-4c0c-b4dc-fcb399cfcb87.png,pneumonia
44c8b746-13a7-4245-a82a-b61d8b5ba562.png,normal
e044f178-b1f8-4ab7-b9c4-fa67678160f1.png,normal
276e7c3c-7875-41ce-93e6-0d1834a403a0.png,pneumonia
6bf2fed4-9988-4a06-8cfe-c10ff4576fb1.png,normal
6108f7c0-96c4-48e6-994e-32e3cbeaf8d7.png,pneumonia
covid-19-pneumonia-41-day-2.jpg,COVID-19
192748b6-82f2-4f0d-a25d-cea1600c7246.png,normal
pneumocystis-jirovecii-pneumonia-3-2.jpg,pneumonia
85c11381-f062-4bcf-9446-c3b79d528cb2.png,normal
ceb849b4-5618-4c3b-b34a-6ef007ae2ba0.png,pneumonia
8e1b4918-def3-42df-a2cc-d0f071f42051.png,pneumonia
8FDE8DBA-CFBD-4B4C-B1A4-6F36A93B7E87.jpeg,COVID-19
56e7c708-fe02-4da2-a0d1-63c2d422836f.png,normal
34820ad5-f8ca-497e-8ed9-79c10bf864fc.png,pneumonia
1be56c93-6607-4b08-b73a-dfe4ca81f7b1.png,pneumonia
covid-19-pneumonia-evolution-over-a-week-1-day4.jpg,COVID-19
8bca4dca-cff5-4d7b-bcd7-e303c59c3c6a.png,pneumonia
ba1dd94b-afbe-4b09-a188-8ea1098d4848.png,pneumonia
bf0d5b47-c5e0-41ad-8c1a-e9ac6dab9ff9.png,normal
7D2CF6CE-F529-4470-8356-D33FFAF98600.jpeg,COVID-19
ea7d6279-052d-4fb9-9703-804abd4b5859.png,normal
1312A392-67A3-4EBF-9319-810CF6DA5EF6.jpeg,COVID-19
6225426d-4e60-40f0-ab5a-7337c1ba5023.png,normal
covid-19-infection-exclusive-gastrointestinal-symptoms-l.png,COVID-19
25957b99-212d-48d2-aef4-ca816f211f0e.png,pneumonia
F63AB6CE-1968-4154-A70F-913AF154F53D.jpeg,COVID-19
radiol.2020200274.fig3d.png,COVID-19
covid-19-pneumonia-38-pa.jpg,COVID-19
radiol.2020201160.fig2d.jpeg,COVID-19
3530e106-65da-474c-b3d8-b024a0b3a81a.png,normal
31102758-a5ba-44c9-b480-b744bcfcb861.png,pneumonia
E63574A7-4188-4C8D-8D17-9D67A18A1AFA.jpeg,COVID-19
post-intubuation-pneumomediastium-and-pneumothorax-background-covid-19-pneumonia-day7.jpg,COVID-19
60a47ebe-6e62-4691-85cc-d45a27aaacc9.png,pneumonia
bd32649e-99f1-4563-b4a4-4f4d8e547f12.png,pneumonia
b450fa50-1d6d-4e97-b843-fc0fe530d2ff.png,pneumonia
cavitating-pneumonia-4-day0-PA.jpg,pneumonia
0dd92ecf-3247-4a0c-a77e-21d20fddcc2a.png,normal
c9814a4b-8bd5-4583-b968-d78138131baa.png,normal
e6e5cfd6-7ea6-4b79-97c8-3a1ee4670b2f.png,normal
cc455bfc-0efb-418e-a45d-c42723afd6b8.png,normal
pneumocystis-jiroveci-pneumonia-4-PA.png,pneumonia
covid-19-pneumonia-44-day-0.jpeg,COVID-19
7EF28E12-F628-4BEC-A8C5-E6277C2E4F60.png,COVID-19
da9e9aac-de8c-44c7-ba57-e7cc8e4caaba.annot.original.jpeg,COVID-19
X-ray_of_cyst_in_pneumocystis_pneumonia_1.jpg,pneumonia
3c6ccc55-8e35-4218-8c9e-8e7a55783262.png,normal
FE9F9A5D-2830-46F9-851B-1FF4534959BE.jpeg,COVID-19
covid-19-pneumonia-19.jpg,COVID-19
bd98ba2e-d265-4167-ba0d-4ec68110d7ee.png,normal
3a4bdc29-1bbf-4dd9-9fe7-00c42a081bc1.png,pneumonia
3838db1d-2236-4c84-b6bc-2c81606dd34d.png,pneumonia
SARS-10.1148rg.242035193-g04mr34g09c-Fig9c-day27.jpeg,pneumonia
a5721bbd-b1c6-4e95-b6bc-0a7fbf583b6a.png,normal
89092a09-18b7-450b-a7b0-58cd6c147919.png,normal
5d2e858c-3188-44f7-b1f9-e70059dddff5.png,pneumonia
1.CXRCTThoraximagesofCOVID-19fromSingapore.pdf-002-fig3a.png,COVID-19
6CB4EFC6-68FA-4CD5-940C-BEFA8DAFE9A7.jpeg,COVID-19
f24d6b7a-c6fe-47ed-9fe1-268182a995cd.png,normal
9a1fd0e4-262e-4856-85ba-88faf8b88726.png,pneumonia
pneumococcal-pneumonia-day0.jpg,pneumonia
0100515c-5204-4f31-98e0-f35e4b00004a.png,pneumonia
c1dfd251-ba52-4ecb-94fa-f98ce08a07d5.png,normal
e4148f01-792f-4d32-ba64-aca36756b91b.png,normal
e32c79df-9fe1-4ed0-bde4-eba4e341936d.png,pneumonia
d58ef1b3-d30e-45d5-bd21-3fdf7329a6aa.png,normal
b74efb23-b6ac-4f62-bdbf-40cdf14edc5d.png,normal
f6ef134a-8d97-4994-b204-988c5447933e.png,normal
38395193-8ed1-4d49-9f3e-4d9a2418eaed.png,pneumonia
aca5cb44-9cfc-420b-a0c4-19f9ef692afb.png,pneumonia
e3884258-8083-4b8e-b952-9adc91a7f0f3.png,pneumonia
d26d8a6d-63e2-4c0b-9dd6-178d624829c7.png,pneumonia
jkms-35-e79-g001-l-c.jpg,COVID-19
1.CXRCTThoraximagesofCOVID-19fromSingapore.pdf-003-fig4a.png,COVID-19
770cdd04-9045-43dd-acb5-ea9c8b488d34.png,normal
72a6910e-c0f2-422e-988b-dcbf1450f0e6.png,pneumonia
916a0cd0-d682-43e0-aeb2-8da59c626599.png,pneumonia
pneumonia-7.jpg,pneumonia
76197cfa-4aba-4afe-890e-8ad703ef5ba6.png,normal
37a3ae61-b059-4972-9e28-c7bc02cd1ada.png,pneumonia
32e485ee-b61b-4ebc-8eed-e8a1c7671809.png,normal
radiol.2020201160.fig3d.jpeg,COVID-19
radiol.2020201160.fig3c.jpeg,COVID-19
fde7bf44-9cb7-4506-9738-5774d4547f6f.png,pneumonia
6b44464d-73a7-4cf3-bbb6-ffe7168300e3.annot.original.jpeg,COVID-19
b2ad3c85-a873-422c-b75b-f449a7228549.png,normal
ce6b3cf0-d5c0-48f7-a7fd-616b58cd11de.png,normal
5892021e-1c3c-4673-ac50-0ddd0dc858a0.png,normal
9a543e59-766e-4da2-82aa-a891682b2793.png,pneumonia
cb815f3a-5014-4bbe-9e34-828149ba9f6e.png,pneumonia
79702301-1ccc-4a54-829d-547a3af5e85a.png,normal
b1215d2d-3788-4d6f-9523-402d66fc707e.png,normal
post-intubuation-pneumomediastium-and-pneumothorax-background-covid-19-pneumonia-day6-2.jpg,COVID-19
ryct.2020200034.fig5-day7.jpeg,COVID-19
7E335538-2F86-424E-A0AB-6397783A38D0.jpeg,COVID-19
fe23b27d-db99-40f5-b2ab-d9a91cc361cc.png,normal
816cef8f-cbf7-43c7-8386-609bd95c78e6.png,pneumonia
1.CXRCTThoraximagesofCOVID-19fromSingapore.pdf-001-fig2b.png,COVID-19
67bda6e9-0606-4653-ba20-5f48fa5e5b19.png,normal
1a2dc891-713d-4253-ad19-a1e7910ee2eb.png,pneumonia
3ff3fc6e-bef0-4d90-a4a5-0eb40c1f7710.png,pneumonia
16d4d825-3334-424d-9bfe-0e6fb28c678a.png,normal
163207fb-ef50-49f9-a00a-9f849cdd05e3.png,normal
f5f2d13e-b5d4-4d1a-ba3c-f4d742b3eca8.png,normal
5c726531-2a5a-4830-a0a0-00a781f9ca38.png,normal
68fdc6d0-bec2-4ef5-be57-21a825e1d873.png,normal
805a1fbb-fea5-4d9f-8d1d-3bc372e1b24c.png,pneumonia
radiol.2020201160.fig2a.jpeg,COVID-19
5931B64A-7B97-485D-BE60-3F1EA76BC4F0.jpeg,COVID-19
53517578-a6f5-4822-94e0-e605746afe7d.png,normal
a9ad7397-befc-42aa-99c6-62bb5a77b352.png,normal
c89daf2c-b7dd-4455-9efa-b3e412385d74.png,normal
44b62adf-2f05-4c3d-9bde-ec2994668c3f.png,pneumonia
c25dbebd-1d11-45cb-a165-fabc0ca3c0fa.png,normal
a13aa35b-6108-4023-92d3-5b854252c9b5.png,normal
52edd24a-15db-449d-b0c5-8051eab5fd1e.png,normal
7d166cdc-61e2-4741-93da-52e954f4d2ae.png,normal
c87e50e6-4ea6-4c58-99e9-de64408b8558.png,normal
pneumocystis-jiroveci-pneumonia-4-L.png,pneumonia
166479fb-b1f7-494c-b894-2ddf6d21131a.png,pneumonia
0cde91a5-9428-4746-8240-f34c720e24cd.png,pneumonia
SARS-10.1148rg.242035193-g04mr34g07b-Fig7b-day12.jpeg,pneumonia
356cf5c6-8b83-443f-9b4b-8b1e43ff1f46.png,normal
covid-19-pneumonia-49-day8.jpg,COVID-19
85E52EB3-56E9-4D67-82DA-DEA247C82886.jpeg,COVID-19
ef69f3a7-6460-4030-be0c-c71e3ec49e88.png,normal
9a60bd0f-4a87-4fed-923a-7fa8ab4d9000.png,normal
e02032ba-4484-4221-8e5f-bf12a2900859.png,normal
705c3feb-6faa-442a-a321-f8b14d1d2a2a.png,pneumonia
pneumocystis-jiroveci-pneumonia-2.png,pneumonia
parapneumonic-effusion-1-PA.png,pneumonia
a0c64b6b-5c91-422e-96a6-5389d9c23cec.png,pneumonia
195ddf15-9620-4827-97da-01a44d5842f7.png,pneumonia
9b782d00-7521-4843-919b-cd9dfc6f4769.png,normal
covid-19-pneumonia-49-day4.jpg,COVID-19
8a6eb7c9-81ff-43c3-81d8-85922e96507e.png,pneumonia
ff42dbdc-285e-457d-aa3d-725638fa083b.png,normal
66f41434-28aa-48e7-aa51-261822590986.png,normal
5CBC2E94-D358-401E-8928-965CCD965C5C.jpeg,COVID-19
c88f26fb-b256-40bf-85a8-cc6059c079b7.png,normal
f5fa9177-2573-40f8-9ab2-8a0f66b69978.png,normal
3ead6e4c-1d18-4eed-98b9-a1ea9412751b.png,pneumonia
post-intubuation-pneumomediastium-and-pneumothorax-background-covid-19-pneumonia-day6-1.jpg,COVID-19
159ed892-8494-47c9-a375-3e5a65f0a013.png,normal
pneumococcal-pneumonia-day7.jpg,pneumonia
b5712cbd-9eda-4221-be93-522919a0ec70.png,normal
1.CXRCTThoraximagesofCOVID-19fromSingapore.pdf-001-fig2a.png,COVID-19
pneumococcal-pneumonia-day35.jpg,pneumonia
86e9848d-dd57-48b4-b016-5b1447fdbd58.png,pneumonia
7df1e939-28a8-428e-8b8a-d3808d868165.png,normal
955aa11f-22a7-43fc-a47e-5bd10ceb2377.png,normal
48f302f9-b35e-42fa-9298-2563a0d9beb5.png,normal
94399962-8f89-4dfa-a93f-7a3df88feca5.png,pneumonia
59a7bb86-70cd-4b0f-9f17-330e2a76f4aa.png,pneumonia
SARS-10.1148rg.242035193-g04mr34g04b-Fig4b-day12.jpeg,pneumonia
394e0236-0dbc-47a4-8da7-0e4e5311f690.png,pneumonia
radiol.2020201160.fig2c.jpeg,COVID-19
b1a863d8-998d-414d-ae47-536e0dcec368.png,normal
53e21159-fc48-450d-9377-c3dc4463a28e.png,normal
44e28616-f4ba-466d-b345-e084a38674d6.png,normal
c21157da-1f74-4966-ba4e-c144d8f5da2d.png,pneumonia
3eb19cea-0d5b-4f56-966c-a026c9f4a9ff.png,normal
db39adba-a659-4575-b424-7446e9db5b01.png,normal
5848e2cd-4a74-400f-8fe8-f78c136a2ec3.png,pneumonia
c537edd0-15e7-4a53-bca5-80db800d6e68.png,normal
504747c5-833b-4cf8-9335-0dd6271ea530.png,normal
f1c1c792-af12-4b8a-bc67-317347a7e8d8.png,pneumonia
fc7276ad-47d1-451e-bf68-c4e2db43b6a5.png,pneumonia
13acd418-a94d-4b36-900d-c13b9bd048c9.png,pneumonia
1792982c-8183-4199-8217-510c92805614.png,pneumonia
88042e91-0b4a-48d9-958e-0d32af897545.png,pneumonia
8fd24fd1-4a0e-41de-b043-f3e1438b7f10.png,normal
835ee399-c15a-4256-bfd4-2c3e596cd2a7.png,normal
c4b41025-fefa-4067-91b1-886095c38629.png,normal
ryct.2020003.fig2-c.png,COVID-19
8b6d9d85-61c3-4469-b7ca-5dff4047815d.png,normal
4a8d9d7e-0723-4267-af11-5efdc877aead.png,normal
SARS-10.1148rg.242035193-g04mr34g0-Fig8c-day10.jpeg,pneumonia
d9ee5ddc-e3cb-427d-9993-bb00d969210a.png,normal
a3c04f4d-3621-4679-872b-fad6dd79a4f8.png,pneumonia
1467b120-791b-4d54-a7ac-26c3f2201891.png,normal
d184ed19-d81a-4168-9e45-21e1332390be.png,pneumonia
figure1-5e75d0940b71e1b702629659-98-right.jpeg,COVID-19
5A78BCA9-5B7A-440D-8A4E-AE7710EA6EAD.jpeg,COVID-19
ed55f8dc-45a7-4416-ae94-847bb41a35c3.png,pneumonia
b7a29be3-3972-4b09-8b41-04e6bc2d96d8.png,pneumonia
688315e5-6846-488a-90de-6ac0655149a4.png,normal
7C69C012-7479-493F-8722-ABC29C60A2DD.jpeg,COVID-19
629594c7-fe69-44d5-aa85-907b50661f0b.png,normal
a0830e21-f8b5-4214-af2f-4d5651ec58b4.png,normal
figure1-5e73d7ae897e27ff066a30cb-98.jpeg,COVID-19
e051019f-b034-4ed7-b2a3-8dc566274092.png,normal
caa20ea7-c5dd-4e93-bdde-b09a380fb314.png,normal
pneumocystis-jirovecii-pneumonia-3-3.jpg,pneumonia
5313d411-d611-4c8a-af40-0f075d6d96f6.png,normal
figure1-5e71be566aa8714a04de3386-98-left.jpeg,COVID-19
wong-0000.jpg,pneumonia
1.CXRCTThoraximagesofCOVID-19fromSingapore.pdf-000-fig1a.png,COVID-19
covid-19-pneumonia-22-day1-pa.png,COVID-19
34858b4b-37ff-4130-be8f-7075f3f3b056.png,pneumonia
38e3b0bc-e533-408d-a589-ca5abecce596.png,normal
93FE0BB1-022D-4F24-9727-987A07975FFB.jpeg,COVID-19
0f2bce55-7193-45d0-8223-d978b550477a.png,pneumonia
0b0b36c6-fa59-4cca-b939-aec774926e48.png,normal
covid-19-pneumonia-28.png,COVID-19
covid-19-pneumonia-rapidly-progressive-12-hours.jpg,COVID-19
1-s2.0-S0929664620300449-gr2_lrg-a.jpg,COVID-19
c32a19bf-d172-4720-a9b0-94f7f6acf2cd.png,normal
3c958476-01ca-4d79-929a-5f1ee467ee27.png,pneumonia
dff97b36-425f-457e-9284-65efe8ac5852.png,normal
b2eca3cd-f9cc-46a6-b36a-2902558a7fc4.png,pneumonia
686b3071-ceee-45c2-ad48-f091f4f5db78.png,normal
0906c2ce-d3a7-43ad-af1b-1dadf70d8cc4.png,pneumonia
ce4b3358-32c2-4ffc-8bea-3c4bad887322.png,normal
ead9646b-d109-4ac6-b4f7-340fca8a274b.png,normal
d22e3d9f-99a9-4537-a0ff-fc3c1f349ee2.png,pneumonia
17faf806-5b26-418b-8d5d-a1ff45539ea7.png,pneumonia
ee5842e0-5bd3-4e4b-9aea-cb94b6402fdb.png,pneumonia
jkms-35-e79-g001-l-b.jpg,COVID-19
aa5a56da-81dd-4703-a2b4-fff5b215f1bf.png,normal
7bc47a67-f93a-4f3b-82dc-0131ca37d205.png,normal
b270f32c-a58e-4e35-97ac-01540b2140e9.png,normal
c78daf52-c33b-4367-a28f-5bc60a92e7d9.png,pneumonia
97e1f1c3-b9d4-4b02-acb0-d2ddf26cad16.png,normal
a41f6e40-d536-46d9-8d24-4948704d5972.png,pneumonia
3246006e-f323-43c9-a322-4979fdb85f37.png,pneumonia
751cf854-91ca-4bca-ada1-0442ccbda41a.png,normal
7902a47d-8a23-4f7e-9089-1b851091bb07.png,normal
c2882932-904e-4691-b3fd-0fcdaed98dc8.png,pneumonia
18cded58-0cce-4b19-93de-48082a7b7d4c.png,pneumonia
auntminnie-b-2020_01_28_23_51_6665_2020_01_28_Vietnam_coronavirus.jpeg,COVID-19
covid-19-pneumonia-15-PA.jpg,COVID-19
1.CXRCTThoraximagesofCOVID-19fromSingapore.pdf-003-fig4b.png,COVID-19
4e43e48d52c9e2d4c6c1fb9bc1544f_jumbo.jpeg,COVID-19
02cfa7d1-61e0-4d9e-8664-9a7469ccab76.png,pneumonia
10663fbe-86aa-4bf4-afdc-c234605457f4.png,normal
a1232a0d-19ec-41a6-9f93-c64bb3c44340.png,normal
wong-0005.jpg,pneumonia
a6945b58-5992-46a1-a5c8-41dfb8d5e1bc.png,normal
6d25fc2c-d0b3-4b4b-850f-dea71042576a.png,normal
571c68fb-a4ff-4ec7-abba-6911a6c05fb6.png,normal
d3a565b6-929e-4db1-8cc2-2b59e64860b5.png,pneumonia
7fb3786c-5045-4a90-981d-c55b53d4d5d3.png,normal
ef605eca-af37-4409-9043-6ff34392fee5.png,pneumonia
7802355b-3429-4966-a06e-df5c0d14dacd.png,normal
21b8cc03-edd2-4c5e-85e2-1c42c86b7d53.png,normal
covid-19-rapidly-progressive-acute-respiratory-distress-syndrome-ards-day-3.jpg,COVID-19
63ffaa0f-b764-4d5c-8462-8935d6389bb3.png,normal
98692be3-a420-4f98-bffb-4f98187059a8.png,pneumonia
cc99e584-342e-492c-b4f0-1367ee3c0991.png,normal
e1793a72-d265-4c7a-afda-33b32e4a365f.png,normal
c620e4ba-f027-4937-99d2-438d313ad4aa.png,normal
8a598b45-731f-4005-b5ba-3f09f2701dff.png,pneumonia
c2d86046-7af9-4019-b130-9e9bfde1abfe.png,normal
4a3a3320-ebd4-407c-ac5d-5baca4b71b9d.png,normal
radiol.2020201160.fig2b.jpeg,COVID-19
3f750eed-bfad-4c3f-b268-8c9f4270cf05.png,pneumonia
lancet-case2a.jpg,COVID-19
e2597638-828a-4ab5-85f6-11c4230f1f2b.png,normal
ce026848-ce9f-4d56-befc-fd4772133fe0.png,normal
e25063da-1731-4976-8a43-0830668a3fbd.png,normal
a524a311-5058-41cb-a904-fba6a08c7e72.png,normal
b9f6627a-8842-4e66-a08e-9302975867b6.png,normal
c554651b-4650-4a25-a21b-61419acf33c6.png,normal
db044ffe-7f5f-47f0-82e9-31ecd93e85ac.png,normal
covid-19-pneumonia-42.jpeg,COVID-19
f32bd2b1-9ed2-454b-9c4d-edd8e25b6fc7.png,normal
ryct.2020200034.fig5-day0.jpeg,COVID-19
dc3e3098-bbd1-443b-ba9b-6a60993ca0f0.png,normal
ee3cfbb1-1dd2-463a-886f-3033dccbc645.png,pneumonia
bf639c3b-ca63-4ce9-ab5f-80cd0c2d7a5d.png,pneumonia
72a33431-fe30-4297-98df-892c88f0f11a.png,pneumonia
nejmoa2001191_f5-PA.jpeg,COVID-19
f6fc2565-6f6c-4f0c-9a4f-c367ef4cacf0.png,normal
f02e36df-ac4d-43f1-8001-3e0494145b0a.png,pneumonia
9778f137-de03-40da-9d6b-3187d59fd9aa.png,normal
6c1c37f8-f8b4-4412-8dd3-9173e9f264ba.png,pneumonia
6756a810-a4d0-4e64-9ea0-df78a7dd0cc8.png,pneumonia
171CB377-62FF-4B76-906C-F3787A01CB2E.jpeg,COVID-19
c7ccf0d3-c18a-4b89-acdd-9a106d6d882f.png,pneumonia
bf70fe89-62f9-4df6-9372-71e16debdb5b.png,pneumonia
669a8626-fdb4-4778-b51a-e58817d77545.png,normal
5c9364c7-51da-490b-82bd-e7078e9c21f2.png,normal
d650a7aa-b41b-4452-ba7e-91a73394997c.png,normal
aabc6613-e421-4402-8e28-53dea1fde054.png,pneumonia
nCoV-radiol.2020200269.fig1-day7.jpeg,COVID-19
3df8778b-822d-4cae-8f94-9fe156c601b7.png,pneumonia
5845fac8-a76f-4012-a19e-e6b1f2815f90.png,pneumonia
f9bf4d68-b885-4fea-9702-77924abf06eb.png,normal
201fe232-cebb-4e8d-ab9a-f41f03bd676a.png,pneumonia
012a5620-d082-4bb8-9b3b-e72d8938000c.png,pneumonia
9ca9ffa9-4810-4ed4-b919-39b2315ed461.png,pneumonia
c3d5552f-483e-4ae0-a40c-0ca9ea34bc00.png,pneumonia
pneumocystis-pneumonia-1.jpg,pneumonia
radiol.2020200490.fig3.jpeg,COVID-19
60eee555-e0bf-4165-a923-692642dea48f.png,normal
pneumocystis-pneumonia-12.png,pneumonia
3811a5a9-14ba-4996-8ea3-752a50665848.png,normal
7e9bff75-80ee-40a2-a62c-2dbec8b16439.png,normal
E1724330-1866-4581-8CD8-CEC9B8AFEDDE.jpeg,COVID-19
SARS-10.1148rg.242035193-g04mr34g09a-Fig9a-day17.jpeg,pneumonia
a27a0fd2-7256-496a-a67d-4dc795c68cb7.png,normal
8e7267f3-9acb-46f0-afcf-b3143a579a99.png,normal
03BF7561-A9BA-4C3C-B8A0-D3E585F73F3C.jpeg,COVID-19
6a078738-03df-4e3f-adb3-d203baef1e1c.png,pneumonia
df98a660-0233-4aa3-b2e6-4e722e8fc43a.png,normal
7c2ad76c-88a5-4a25-a0e4-49437ea5f628.png,normal
71190258-9a12-4da9-b266-fc1ea2f59b71.png,normal
0af0a3a7-6df3-4217-b24f-cf6fcdc9a3bf.png,normal
7AF6C1AF-D249-4BD2-8C26-449304105D03.jpeg,COVID-19
A7E260CE-8A00-4C5F-A7F5-27336527A981.jpeg,COVID-19
covid-19-pneumonia-41-day-0.jpg,COVID-19
e7866d75-fed9-4a4f-9bc1-013f6880697a.png,normal
a5b450e0-3b30-4bba-aa08-28c375268f1c.png,normal
ae2e618e-ca4d-4fbc-aae5-d6f39e4b484f.png,pneumonia
7c9248d5-b2bc-4359-9667-108109a2de2e.png,pneumonia
c695b646-3055-449f-ac3d-574f61b86ddf.png,normal
86469e34-c9ba-4ec9-bbe0-6d04535122a0.png,pneumonia
covid-19-pneumonia-44-day-8.jpeg,COVID-19
64422f2f-ef37-4a5b-8f2d-0b3b3d7ccde0.png,pneumonia
5776eae9-886b-4027-bcec-4ade9a431014.png,pneumonia
34d36b9f-af87-4891-b001-6dc4f5379cb2.png,pneumonia
41591_2020_819_Fig1_HTML.webp-day10.png,COVID-19
daf2da8f-5a61-431a-abd9-f46a3862673e.png,normal
e2ad3d7c-e284-46df-ad80-b6d04dfda188.png,normal
nejmc2001573_f1b.jpeg,COVID-19
32764f2f-ea89-4d7c-aa7d-e70366218270.png,pneumonia
covid-19-pneumonia-40.jpg,COVID-19
7e2246e4-8412-4216-af50-7ae8c232f9b9.png,pneumonia
b8fa31a7-52ba-4bd1-8b63-0568b6935306.png,pneumonia
CD50BA96-6982-4C80-AE7B-5F67ACDBFA56.jpeg,COVID-19
b20c86c3-84f9-466a-a405-a0cd7207a84e.png,pneumonia
3040d9d7-d895-453f-887c-616c10531960.png,pneumonia
649895e4-23f6-4e75-baad-3210eadbd9fd.png,pneumonia
db4414d8-4ce8-4e92-b543-e9d42883f58b.png,pneumonia
582e641d-ac17-43b5-89a0-453555dd152e.png,pneumonia
8eee2836-b938-4953-b394-99facc3f78e1.png,pneumonia
e06a973d-844c-4799-923a-9ab7215fe5bc.png,pneumonia
a680fb61-719f-4e22-af95-ce92c24277dd.png,normal
3c674b10-76e4-457c-a17f-2407230b93a0.png,normal
0a8efdc1-1dff-4d65-8948-c56a5d74a906.png,pneumonia
67bde75b-1e5b-4697-a639-786524a36306.png,normal
cavitating-pneumonia-4-day28-PA.png,pneumonia
covid-19-pneumonia-7-PA.jpg,COVID-19
5319c552-1cfa-46b1-a3ca-b291c9bae2b0.png,normal
0e724a83-c104-4d33-94a5-c7df6174f40f.png,pneumonia
b0b22e01-2288-41c4-9ba7-f3abcf2941eb.png,normal
353889E0-A1E8-4F9E-A0B8-F24F36BCFBFB.jpeg,COVID-19
1-s2.0-S0929664620300449-gr2_lrg-d.jpg,COVID-19
1.CXRCTThoraximagesofCOVID-19fromSingapore.pdf-000-fig1b.png,COVID-19
60228a22-9d7f-4723-a6e4-349e9d17348b.png,normal
B59DD164-51D5-40DF-A926-6A42DD52EBE8.jpeg,COVID-19
ff7a9337-c12a-45a9-ab7f-3d7ea08e1162.png,normal
3e0a7471-7785-4f48-95c5-3ba778f5b85c.png,normal
nejmc2001573_f1a.jpeg,COVID-19
B2D20576-00B7-4519-A415-72DE29C90C34.jpeg,COVID-19
25300d70-86f1-4be6-83a9-f6ae31a0b451.png,pneumonia
41591_2020_819_Fig1_HTML.webp-day5.png,COVID-19
17533758-98bd-48d4-adc1-07c8f4dcf9a9.png,normal
covid-19-rapidly-progressive-acute-respiratory-distress-syndrome-ards-admission.jpg,COVID-19
35f1e0f2-a8f1-4d65-b4f0-bf9686f90c40.png,normal
bc8619aa-4d19-43d1-87a1-31b6f49a9942.png,pneumonia
f4cc96e5-d590-43a6-b5d6-7125e69563d9.png,normal
covid-19-pneumonia-20.jpg,COVID-19
8a19e3ab-3b83-40d2-8ba3-40906f01c5a4.png,pneumonia
50e589e1-e878-4994-b29f-ce9d731ac2db.png,pneumonia
ab6c8c45-7aad-43f3-9b5c-49cfad1dc0f6.png,pneumonia
covid-19-pneumonia-evolution-over-a-week-1-day6.jpg,COVID-19
pneumocystis-carinii-pneumonia-1-PA.jpg,pneumonia
32bba2f6-0701-4646-87cc-9ddc27439be4.png,pneumonia
5bd3e1eb-3b86-4531-8b6c-049a37fdd8ad.png,pneumonia
7b67b1d4-9518-42a6-9d8a-05babb919b46.png,normal
b73735b9-8b15-4def-9131-891baa6f64a9.png,pneumonia
SARS-10.1148rg.242035193-g04mr34g0-Fig8b-day5.jpeg,pneumonia
covid-19-pneumonia-22-day2-pa.png,COVID-19
1a062886-29be-4120-92f3-5c1c8a951959.png,pneumonia
c4c4ba61-e74c-4c47-834f-6dbd46ec7d63.png,pneumonia
020a16e3-baf9-4cf0-859c-c79b5253d717.png,pneumonia
streptococcus-pneumoniae-pneumonia-1.jpg,pneumonia
edddaa15-b11b-4123-a8fa-69dad5611450.png,normal
cf9c397a-14e3-4668-bfdd-b632a4b4e45a.png,pneumonia
02336c62-4e72-4818-8198-c327096a71e0.png,normal
0b5fa34f-5c96-4cc5-becc-317acdff3221.png,pneumonia
0c1d54d9-0197-40d9-9b07-d99b1e8aa8db.png,pneumonia
793c8547-aa10-4a67-88eb-0318ff9a6541.png,pneumonia
covid-19-infection-exclusive-gastrointestinal-symptoms-pa.png,COVID-19
covid-19-pneumonia-35-1.jpg,COVID-19
9740909f-3d1f-40d7-861c-2d894c24eaa7.png,normal
1B734A89-A1BF-49A8-A1D3-66FAFA4FAC5D.jpeg,COVID-19
5e6dd879fde9502400e58b2f.jpeg,COVID-19
d7d8b0c1-86b7-4f75-81cd-79afd817d247.png,normal
26408db2-e7f0-47de-96d8-5aa9c2b47153.png,pneumonia
ae96604c-161c-4d6f-b17f-774815616aaf.png,normal
db1ba12b-08f9-413c-9dae-07e9a6327f86.png,normal
424aaa0a-b9a0-4766-a8dc-46ff4a5422db.png,pneumonia
c6a5426f-108f-45d5-ba62-644c004d497b.png,normal
c46ae1c0-94da-44a9-947b-2d7171c29ed4.png,normal
864e24be-393a-475b-a5c7-0a49856d495d.png,normal
F4341CE7-73C9-45C6-99C8-8567A5484B63.jpeg,COVID-19
39072ec7-b587-4b1b-b63f-b5b1f36c5aad.png,normal
9c6396cb-7215-4beb-8329-950c5f3d5909.png,normal
417947e1-87b7-439b-ab21-57a54ce3e0de.png,pneumonia
2B8649B2-00C4-4233-85D5-1CE240CF233B.jpeg,COVID-19
8e3f8832-bc51-4297-ad37-adfe59ef9d0d.png,normal
b852140e-62d4-4ddb-b344-bc694bf9f167.png,pneumonia
90f66692-c3b5-49b5-9f6b-40e401a1b9ab.png,normal
14bc705c-8688-43f3-b1dd-90b0a4deebd5.png,normal
5ead2889-223f-4fa3-a540-04495121c121.png,pneumonia
38a60ce9-5adc-4875-9fb6-05ea5d44b557.png,normal
690bbb39-1b67-4af0-94eb-7d1209e1ecef.png,pneumonia
6a2e71ca-55a4-4b9e-ae97-a47a070fc89d.png,normal
pneumocystis-jirovecii-pneumonia-2.jpg,pneumonia
SARS-10.1148rg.242035193-g04mr34g07a-Fig7a-day5.jpeg,pneumonia
6bf26f0a-245a-43f3-b9df-c6cb07c4dce8.png,normal
0ae93f35-2954-41a2-a33b-6614f36dd1c3.png,normal
73f20de7-2234-406e-be6a-9ab82c6f068b.png,normal
covid-19-pneumonia-12.jpg,COVID-19
radiol.2020201160.fig3b.jpeg,COVID-19
408c1583-d078-45f4-9369-2fbaf03be8a8.png,pneumonia
pneumocystis-pneumonia-8.jpg,pneumonia
154dba64-5188-418e-82ec-d8f1485b433b.png,normal
14a17c79-36ac-4794-8f6b-797df627ea4d.png,normal
C6EA0BE5-B01E-4113-B194-18D956675E25.jpeg,COVID-19
nejmoa2001191_f3-PA.jpeg,COVID-19
7727e022-82ec-4b7d-b667-bc83c5fca668.png,normal
46b861c5-844c-40be-b390-63008b567261.png,pneumonia
f57af871-f713-436b-85b3-58e686c685f2.png,pneumonia
01E392EE-69F9-4E33-BFCE-E5C968654078.jpeg,COVID-19
7da6401a-c2b3-4c22-b1ea-5a07c8196efc.png,normal
1.CXRCTThoraximagesofCOVID-19fromSingapore.pdf-002-fig3b.png,COVID-19
b3fea5aa-119e-45ab-93ca-b42022961cb7.png,normal
auntminnie-a-2020_01_28_23_51_6665_2020_01_28_Vietnam_coronavirus.jpeg,COVID-19
08846808-af38-4f0f-a189-d19938ae8efc.png,normal
07045469-bbc4-42ca-a8b9-9c83ef77f704.png,normal
33a39200-fa81-4530-ae1e-274ca204f3ea.png,pneumonia
nejmoa2001191_f1-PA.jpeg,COVID-19
F2DE909F-E19C-4900-92F5-8F435B031AC6.jpeg,COVID-19
covid-19-pneumonia-30-PA.jpg,COVID-19
8488fbce-0fd7-41e4-b374-1dbf2e07060a.png,normal
91de1105-565e-4f72-8c39-7bb5a1246398.png,normal
ac5c0560-0248-45b5-87e0-02f67a81ad15.png,normal
15427579-e055-4f31-a2ac-f92da3855bcb.png,pneumonia
radiol.2020201160.fig3a.jpeg,COVID-19
1a9af28f-f757-4d16-92dc-469f2da9fef7.png,normal
5bfdc9ee-e21d-46e5-bbfc-20cea10c3175.png,pneumonia
ad8fbdf0-b0df-4e0d-8fae-0ba105c81cc1.png,pneumonia
3a7cb9dd-169c-467e-a5f7-c179a6459d80.png,pneumonia
8719f746-c748-4e5a-bd8b-6c07e0fdd014.png,normal
covid-19-pneumonia-24-day12.jpg,COVID-19
c37cfadd-1e52-4704-9831-403826ad2974.png,pneumonia
3a1a4ced-150a-46a2-9977-586bd65a8db9.png,normal
a6a38450-9151-4178-a830-a08e0223f8a5.png,pneumonia
8c40a566-8a0a-4d7d-ac62-574c133d72de.png,pneumonia
df01aec8-b41f-4319-b9a9-5482bb83013b.png,normal
b50d8c2a-f6aa-407a-9df9-2a52cc027f45.png,pneumonia
a2b8c42b-db97-4b42-aae0-c8ba85053132.png,pneumonia
8ebaaf15-3a09-4cde-871b-337654d5908a.png,normal
a3ee0b04-42c7-415e-a258-f1642818e5b7.png,normal
3e2db6da-3b64-4388-8098-1c4c037ec03a.png,pneumonia
ryct.2020200034.fig2.jpeg,COVID-19
7237e36e-e4bc-4d5d-8497-e891cecac5c9.png,normal
31BA3780-2323-493F-8AED-62081B9C383B.jpeg,COVID-19
covid-19-pneumonia-14-PA.png,COVID-19
28684a2f-1e6f-4431-969a-2f9cf574e7ba.png,pneumonia
kjr-21-e25-g001-l-a.jpg,COVID-19
73286fe9-2e42-4a75-b071-a4c2173672a4.png,pneumonia
covid-19-pneumonia-24-day7.jpg,COVID-19
auntminnie-c-2020_01_28_23_51_6665_2020_01_28_Vietnam_coronavirus.jpeg,COVID-19
e907438e-7530-4cae-8c4f-9534cf5dcfe7.png,normal
99259c38-32f9-42fd-bb3e-8a3b59521784.png,normal
b359f1a5-74c4-41aa-b1e6-dae9d3a99dd0.png,normal
radiol.2020201160.fig6b.jpeg,COVID-19
ryct.2020200034.fig5-day4.jpeg,COVID-19
ryct.2020003.fig2-a.png,COVID-19
2C10A413-AABE-4807-8CCE-6A2025594067.jpeg,COVID-19
auntminnie-d-2020_01_28_23_51_6665_2020_01_28_Vietnam_coronavirus.jpeg,COVID-19
d3beb0ea-ec3c-4060-ab7c-6a7d00a3747e.png,normal
