filename,class
a6b8e55c-5e2a-4ee3-8731-479985e068f0.png,pneumonia
b83637fe-279e-4040-8a0d-b4ac8a860836.png,normal
a6c2fa0d-7cd9-4a0f-a40d-770943f06072.png,pneumonia
97a91432-e516-425b-adf2-260b743f588c.png,pneumonia
82054420-6a12-4690-ae52-9d3be158499c.png,pneumonia
0716f059-34cb-4046-ae86-46b47756fc2b.png,normal
4ad30bc6-2da0-4f84-bc9b-62acabfd518a.annot.original.png,COVID-19
a205b165-66a9-4bb4-9cdc-f2e1c5845664.png,pneumonia
b8999532-31ea-4659-9039-d83a6fab490c.png,pneumonia
8f2e32fc-ba1f-4351-aa8f-611bd8978327.png,normal
c379b184-9fd0-4080-b300-e2e7f8276ea8.png,normal
covid-19-pneumonia-44-day-0.jpeg,COVID-19
328ca6d8-ae49-41ad-9e58-823c8049b1bb.png,pneumonia
01f4cd36-caa1-480f-9d8c-92e80cf7b197.png,normal
4f855f7b-ed9d-42fb-8bfc-b5a4cdc1b2a6.png,normal
eec0fbe0-3bbb-437f-84f8-b2d32a9f78c7.png,normal
e39ebae1-62a1-4f8e-a01b-307173ef1ed9.png,normal
918090f2-6fad-4555-9d24-62385dd22bb1.png,normal
covid-19-pneumonia-evolution-over-a-week-1-day3.jpg,COVID-19
9eb1671b-a64f-4133-a7e8-a1f08657fd06.png,normal
79858395-3452-426d-bb99-e01af7961b44.png,pneumonia
9f296b8c-fa45-4914-a69e-900ae19118ba.png,normal
297bc9fd-b7bd-4c9b-a46d-9131a3b9ffbb.png,pneumonia
4840410d-437a-4340-86b8-4571051d30b8.png,pneumonia
60c027e6-b1fc-4064-9e9a-2301d520a19a.png,pneumonia
1.CXRCTThoraximagesofCOVID-19fromSingapore.pdf-003-fig4a.png,COVID-19
a4a5cd1a-bd42-42e2-89f9-b1617da60a68.png,pneumonia
9f074665-e9df-4248-9114-5cb80522f175.png,normal
881ed5f0-cf38-462a-8f31-b037a5fc0177.png,normal
covid-19-pneumonia-evolution-over-a-week-1-day6.jpg,COVID-19
167c8c5b-551b-4c01-b208-0d8d7f35a6a4.png,normal
5dd5d930-f95f-4271-8a3f-7608203e92ab.png,normal
180bbb1f-4105-4fa1-94cf-5bb8294eaae8.png,pneumonia
a4ab8964-aba2-4d15-8183-4ea58be2671e.png,normal
1-s2.0-S0929664620300449-gr2_lrg-d.jpg,COVID-19
b2ed5727-8a0e-485c-9db3-4d2e53fd35e6.png,pneumonia
nejmc2001573_f1b.jpeg,COVID-19
5b4100a0-0646-48c3-86c0-43f7c43cdfd4.png,pneumonia
ad463d4a-996c-4f96-90ad-1bb3594e5a90.png,pneumonia
dc36c084-7f6e-4bcd-810c-7ea46af670d9.png,pneumonia
pneumocystis-jiroveci-pneumonia-4-L.png,pneumonia
covid-19-pneumonia-49-day8.jpg,COVID-19
figure1-5e7c1b8d98c29ab001275405-98-later.jpeg,COVID-19
9fdd3c3032296fd04d2cad5d9070d4_jumbo.jpeg,COVID-19
7c756321-18a2-4300-b20e-50cffd8c8647.png,normal
e444b79e-a477-4668-9a69-7b5ade5bb214.png,pneumonia
ff332704-48e0-445b-9188-b2a696d1f0d7.png,normal
b375ac9a-9005-48c8-975f-9b439b4fc867.png,normal
da9e9aac-de8c-44c7-ba57-e7cc8e4caaba.annot.original.jpeg,COVID-19
2bb1db95-73ad-46b0-8567-8a03d9a83def.png,pneumonia
3e090052-b2cd-459a-bde0-837321f83cf2.png,pneumonia
pneumocystis-pneumonia-8.jpg,pneumonia
721ca747-d0c2-45c2-adf3-4c3640034519.png,pneumonia
right-upper-lobe-pneumonia-9-PA.jpg,pneumonia
dede78fc-ba09-470f-b875-009a6edfac6f.png,normal
c77397c0-c913-4efd-8a03-afe76af020ed.png,normal
4beb715a-335a-44a8-bc72-a2b27fd0377d.png,normal
nejmoa2001191_f4.jpeg,COVID-19
SARS-10.1148rg.242035193-g04mr34g09a-Fig9a-day17.jpeg,pneumonia
10a50075-8c2f-4335-891f-e11127e87dbc.png,normal
b6d4ee3b-c6db-4640-9b41-12f171b0c940.png,normal
b77669dd-8554-4531-9903-9719747fdb63.png,pneumonia
55521950-18eb-4dd0-abc3-52e52466fcdb.png,pneumonia
5e2f33ad-024f-45b6-925b-692d1e3b8f45.png,normal
bf3d9218-58b3-4a3b-b68f-54b16f3570d7.png,pneumonia
50acfb42-e161-455c-982f-78d2ffeb12e3.png,normal
b60b8b4f-2130-42a6-b476-d9e1d80e3ad8.png,pneumonia
db32f09d-b7f5-424b-a393-a10cab691038.png,pneumonia
2966893D-5DDF-4B68-9E2B-4979D5956C8E.jpeg,COVID-19
8eef29e3-b9de-4c4f-b1f5-efb9fe7b349a.png,pneumonia
f609f84e-7834-4854-925e-bb4b883e445a.png,normal
9e030d59-a98d-4ab2-8870-bdf1499b2bd8.png,normal
bf179444-ea01-417d-b78c-cf9aa42f5e5e.png,pneumonia
90dccc5b-5e52-4cb8-8bd7-36a931dee30d.png,normal
bf787ce7-869c-45d1-877c-9d04394bfbe9.png,normal
b64f53f6-a558-4d6c-99d7-50287d3b3773.png,pneumonia
1c187dbf-3fa4-4a39-914a-39994b76d4c5.png,pneumonia
18230da7-8929-47fa-97bd-0c4f570867ca.png,pneumonia
pneumococcal-pneumonia-day7.jpg,pneumonia
ba237771-f858-4f79-9efe-318e07bb896e.png,normal
6d2371e4-f8cd-4f6f-bf9e-1e8773b3960a.png,pneumonia
0b46a9e3-2b90-4d9f-8053-bcaa9066f31c.png,normal
91a4c9e5-1800-42ca-87d1-6762cd65bf51.png,normal
pneumocystis-jiroveci-pneumonia-4-PA.png,pneumonia
e37fd2df-ca9d-481e-bb73-6a85eca02ea3.png,normal
a7a4389b-29dd-409d-82b7-edf2633032a8.png,pneumonia
covid-19-rapidly-progressive-acute-respiratory-distress-syndrome-ards-day-1.jpg,COVID-19
bbe162a9-d342-4bd1-a1b5-287916470250.png,pneumonia
bbd7abfe-8b9c-46aa-ab4b-8ff854615770.png,pneumonia
bcc517e0-614c-4c16-a2f4-50bbe10cb068.png,normal
1.CXRCTThoraximagesofCOVID-19fromSingapore.pdf-003-fig4b.png,COVID-19
c2a558c4-8f67-4f94-a31e-fbb5d7d6507f.png,normal
af15d432-68fc-4a2f-b456-a0366722799f.png,pneumonia
353889E0-A1E8-4F9E-A0B8-F24F36BCFBFB.jpeg,COVID-19
6129213e-1ab7-465d-a84d-e871246fa712.png,pneumonia
327af298-ff3a-44b9-b5bf-93ab3a5abb04.png,pneumonia
5b9fb157-f24d-4d07-abbc-bdf3356e1b29.png,normal
365ae7a6-dccd-4b94-b5af-c1c0eae5cd24.png,normal
1-s2.0-S0929664620300449-gr2_lrg-c.jpg,COVID-19
dc995045-8ec6-4cef-ba20-350c66732a9b.png,pneumonia
54ca2bbe-f8cb-4c30-b128-9a0948f9da4d.png,normal
b16bcbb6-570b-450b-a9e5-b1e3663205bb.png,pneumonia
e3838dcf-aafd-4df1-b12b-d4ee808467ea.png,normal
6CB4EFC6-68FA-4CD5-940C-BEFA8DAFE9A7.jpeg,COVID-19
6C94A287-C059-46A0-8600-AFB95F4727B7.jpeg,COVID-19
auntminnie-a-2020_01_28_23_51_6665_2020_01_28_Vietnam_coronavirus.jpeg,COVID-19
c8aa0068-f21c-442c-9487-afbea7b126a3.png,pneumonia
a6d7b6da-d474-4195-8270-08fdfd6e8a20.png,pneumonia
363fb4cd-363a-42eb-8a44-7bc088a57f69.png,pneumonia
69692a08-ac46-407f-938f-a781b55e0752.png,pneumonia
01E392EE-69F9-4E33-BFCE-E5C968654078.jpeg,COVID-19
c578b8e4-4d93-4ab7-877e-3b6c4a583030.png,normal
1553848a-161e-48ad-af50-05f38696a6fe.png,pneumonia
pneumocystis-pneumonia-2-PA.png,pneumonia
b4ea28a7-6386-4660-b499-af4eb17750e1.png,pneumonia
58569077-a334-4a12-9619-ec8ac9e1c0da.png,normal
kjr-21-e25-g001-l-a.jpg,COVID-19
41591_2020_819_Fig1_HTML.webp-day5.png,COVID-19
07752357-2f21-4e42-9015-27886b3d5857.png,normal
SARS-10.1148rg.242035193-g04mr34g09b-Fig9b-day19.jpeg,pneumonia
radiol.2020201160.fig3c.jpeg,COVID-19
cae49e79-ef94-4142-a603-19a4c63305a1.png,normal
38c62eb3-02a3-40c8-a0b0-50539ef22661.png,pneumonia
covid-19-rapidly-progressive-acute-respiratory-distress-syndrome-ards-admission.jpg,COVID-19
E1724330-1866-4581-8CD8-CEC9B8AFEDDE.jpeg,COVID-19
nCoV-radiol.2020200269.fig1-day7.jpeg,COVID-19
bea23d20-aa4e-41d5-b8e7-22941746e543.png,pneumonia
3c319790-02cd-44d7-bb91-8e758463ac82.png,pneumonia
5dcb92b0-639d-48e8-b514-599263534d7d.png,normal
bc806df5-0a3a-40aa-80c5-5b404759a20b.png,normal
06634f15-9c78-47a1-97eb-f10f4c210765.png,pneumonia
92bf6e36-702f-4cb8-b345-7769295e900f.png,normal
pneumocystis-carinii-pneumonia-1-PA.jpg,pneumonia
a13b4da9-7161-4c48-9979-498652b17ccc.png,normal
87fca20d-c5ef-4390-9ea0-7ad0bc6f5ad4.png,normal
covid-19-pneumonia-38-pa.jpg,COVID-19
1b6a11ed-b7e8-4c84-9ac6-8243fae589dd.png,normal
b6468969-2e9b-4a36-aaa0-2c77b205105e.png,pneumonia
covid-19-pneumonia-7-PA.jpg,COVID-19
472dac2e-aba2-4119-b9f7-37939e23e0b1.png,pneumonia
wong-0005.jpg,pneumonia
188713c0-6005-47fd-a5b4-62d3c9119c0d.png,pneumonia
5f21b7ba-bc55-4b8b-8cc9-bb7332e3930b.png,normal
197146c0-dfe6-4938-ab89-5fbef34150fc.png,normal
497a4c59-3101-4257-8c12-f052cb1aa116.png,pneumonia
03b10fa5-e7c3-4726-818f-ecbace9da737.png,normal
eb3d5fed-558d-4aba-b13e-f7917c49c79b.png,pneumonia
074113b7-da5f-4742-93fd-654ee20939f5.png,normal
a8c437c7-4363-43d6-a6f9-47d242e15a4e.png,normal
3b1bead0-08fc-4f1c-acad-7fef601ebeaa.png,normal
1B734A89-A1BF-49A8-A1D3-66FAFA4FAC5D.jpeg,COVID-19
3c679832-d552-4db1-b170-0a82e5753da5.png,pneumonia
0bf1767e-263b-443d-935f-489fe858922b.png,pneumonia
b9b618f9-89f8-4a4d-8eff-ccbf4bef0b16.png,pneumonia
bfd8ef59-552b-479a-888c-1444384b828b.png,pneumonia
6446256c-6afa-4a21-a57f-6231493a8495.png,normal
8f96a6fe-81f4-4b69-a2f2-8477b9ea9772.png,pneumonia
e115f3df-0b0e-4c22-8543-559f1945cffc.png,normal
3198c328-990e-452c-81d3-4b149f54421a.png,pneumonia
07888d77-acd2-4e12-9f43-9272ae1cfe9e.png,normal
b080119c-b27f-486e-a803-32634a898536.png,normal
0a41d5c4-83b0-43e4-b98f-be69dcdd4636.png,normal
9d670655-925a-4b96-8227-cb180f1cb34d.png,normal
2C26F453-AF3B-4517-BB9E-802CF2179543.jpeg,COVID-19
pneumonia-7.jpg,pneumonia
covid-19-pneumonia-41-day-2.jpg,COVID-19
dd3b5e52-b682-4b16-b7ba-bfcc66dc5992.png,pneumonia
8f234a84-4067-4bd2-a114-8b894ddad52f.png,normal
ec5e3484-2fab-4fdf-a264-58b1d001d0e1.png,normal
6a6d8bb5-cfbc-4e3f-a812-9765fe83d72f.png,normal
b9c687bf-4fa5-447c-b526-24ea3ce3d6e2.png,pneumonia
SARS-10.1148rg.242035193-g04mr34g04a-Fig4a-day7.jpeg,pneumonia
1.CXRCTThoraximagesofCOVID-19fromSingapore.pdf-002-fig3b.png,COVID-19
b32a64b6-4185-4c87-bd47-729ee0c6e2af.png,normal
3703a60d-cd4c-4183-865d-82825a95af81.png,pneumonia
fc753cd9-e419-4baa-8233-008548b8aa3a.png,pneumonia
24c876fa-93e4-4dd6-b1f1-a6f5f4aab729.png,pneumonia
de4b016d-8fbc-46b6-b22e-0d1641c75c6b.png,normal
93a3e425-4665-4852-b3f6-faf3e916ce58.png,normal
ryct.2020200034.fig2.jpeg,COVID-19
c7b0a8e0-8266-4c09-be8c-f3a3e9c931d6.png,normal
16c5c9f0-e503-46b9-8f1c-1e752c24370e.png,normal
99772300-b5be-44cf-b8a9-682247e5e8c7.png,pneumonia
ryct.2020003.fig2-a.png,COVID-19
d85b98d0-f007-4ac6-bd32-e7e2d705aa79.png,normal
c76717fd-4487-437b-8396-e640eb601464.png,normal
ryct.2020003.fig2-b.png,COVID-19
b1a24561-8456-4032-9ad4-23a6d5a2b999.png,pneumonia
b9620b3d-96be-46bc-ae31-8d5d6d8491f6.png,normal
covid-19-pneumonia-24-day12.jpg,COVID-19
b2067b72-a300-432e-a14d-098fec737171.png,normal
lancet-case2a.jpg,COVID-19
figure1-5e71be566aa8714a04de3386-98-left.jpeg,COVID-19
def67044-2caf-4e5a-9fd4-a2d186893a14.png,normal
6544c049-a898-4268-857f-7e6b9edaf878.png,normal
1851dff6-31ec-4453-9ddc-95c0aedace5b.png,pneumonia
auntminnie-d-2020_01_28_23_51_6665_2020_01_28_Vietnam_coronavirus.jpeg,COVID-19
ff350a75-ff2e-44d8-a054-13fc5b6ac284.png,normal
08af877f-f833-4d4f-b64c-24e014d63311.png,pneumonia
eeabffdc-306a-46e2-b5b4-86dac89e1c4d.png,normal
aeb2a32c-595a-44c2-b827-c6ce0f6ff4f3.png,pneumonia
185968b1-eeb0-450a-8862-8cce9e6ed3ff.png,normal
64b3e733-0567-4c97-b68c-3760dc45bab6.png,normal
8a9ac386-0e67-45aa-8a7b-59c288bb416e.png,normal
FE9F9A5D-2830-46F9-851B-1FF4534959BE.jpeg,COVID-19
b1c607c2-6651-4bfa-8a6c-ba85c349927a.png,pneumonia
b75d9cd8-57a3-4485-95b7-3521605481dc.png,normal
c5a8e91a-2d40-4355-91af-73abf5f0fdf1.png,pneumonia
32ec2e2d-9efb-4510-a7c1-14a007336a68.png,pneumonia
3ed451f4-ff11-489e-9d3f-c7abf1c696be.png,normal
b501b40d-18bf-4b25-a0a4-f93634162375.png,pneumonia
1a04f083-d880-4493-87be-68521bc197c1.png,pneumonia
86a492f8-353f-4a6a-8d8c-53bd3333c595.png,normal
5b9d346b-8f6e-4ebf-8865-0c1ff9baac49.png,pneumonia
SARS-10.1148rg.242035193-g04mr34g0-Fig8b-day5.jpeg,pneumonia
ee7e4b0e-72a1-47f9-a085-ca3e9b358d66.png,normal
1.CXRCTThoraximagesofCOVID-19fromSingapore.pdf-000-fig1b.png,COVID-19
post-intubuation-pneumomediastium-and-pneumothorax-background-covid-19-pneumonia-day6-2.jpg,COVID-19
7EF28E12-F628-4BEC-A8C5-E6277C2E4F60.png,COVID-19
covid-19-pneumonia-8.jpg,COVID-19
5cb09dd2-2485-4bbb-af1b-10d8df848687.png,normal
cc843bab-5068-4e18-a3fd-a597faea82df.png,pneumonia
541f235d-c207-4092-8530-8d826e2fa5eb.png,normal
772466fc-4641-4296-bd8e-e48246540f5b.png,normal
covid-19-pneumonia-40.jpg,COVID-19
45a1e0ab-3eb3-4587-b679-2b2310635804.png,pneumonia
44c04e16-3ebf-4f89-ba55-1ce829f7112f.png,normal
cavitating-pneumonia-4-day0-PA.jpg,pneumonia
b15aa554-cb99-4a0a-bd49-8c643410750f.png,normal
296a0445-1221-4911-9bf2-52c67c52dd63.png,normal
93c1ea7f-20b2-4860-9beb-fd0ad2f54bd6.png,pneumonia
fff49165-b22d-4bb4-b9d1-d5d62c52436c.annot.original.png,COVID-19
406aa509-7936-40d8-a5ee-1fe828f89320.png,pneumonia
1693a790-88c8-46fa-9ce7-3b0c5834ba90.png,pneumonia
B59DD164-51D5-40DF-A926-6A42DD52EBE8.jpeg,COVID-19
covid-19-pneumonia-rapidly-progressive-admission.jpg,COVID-19
f6f837c1-d12b-4b47-862f-76b2402ef616.png,normal
6e9b0b41-9ad1-4ce0-97d9-263e50f57ade.png,normal
31BA3780-2323-493F-8AED-62081B9C383B.jpeg,COVID-19
ryct.2020200034.fig5-day4.jpeg,COVID-19
8abd6d5e-6aa0-44fc-9e02-7914ba22ad68.png,normal
0c5dc7d1-7022-4e46-bc02-ff9999912edd.png,pneumonia
32b0d04e-72fd-429a-8f71-6d1089e24415.png,pneumonia
6d9912ad-e56b-4ff3-931e-75b39df49c0f.png,pneumonia
8FDE8DBA-CFBD-4B4C-B1A4-6F36A93B7E87.jpeg,COVID-19
ba66a843-4afd-473a-82a6-7cc80bb74757.png,pneumonia
1-s2.0-S0929664620300449-gr2_lrg-b.jpg,COVID-19
617d8a06-9de7-4b9e-b7c8-a9c234a44602.png,pneumonia
b1a36998-390d-45e5-bd85-21c2c33690f3.png,pneumonia
dfed644c-9548-465a-b962-78ead3498f38.png,pneumonia
5cfe2f81-5739-40a3-9ccd-417bd6378c60.png,normal
E63574A7-4188-4C8D-8D17-9D67A18A1AFA.jpeg,COVID-19
covid-19-pneumonia-35-1.jpg,COVID-19
ryct.2020003.fig2-c.png,COVID-19
7D2CF6CE-F529-4470-8356-D33FFAF98600.jpeg,COVID-19
03BF7561-A9BA-4C3C-B8A0-D3E585F73F3C.jpeg,COVID-19
bbc47396-83d9-44d3-a748-00dd5bde92bb.png,normal
3489804c-d115-4f87-b5c9-301462cdcad4.png,pneumonia
83700f47-c0b3-46a5-9067-29e45d31599e.png,normal
ec2c0f94-df7e-4de8-83e3-4ee9574c06b4.png,normal
8176c9ad-ffde-4b9c-9050-b5b725ed4c0d.png,normal
a0c4fc4a-52c9-49df-8564-5d23e9d0ebc0.png,pneumonia
b1c9ed5a-9be6-4f5e-a7f8-5eba7289c156.png,pneumonia
ca5defaa-00b9-4904-87dd-debcc3ed3d77.png,pneumonia
C6EA0BE5-B01E-4113-B194-18D956675E25.jpeg,COVID-19
dec77ec9-90e2-4bf3-b253-3da65c2a79fc.png,normal
7279ebda-2162-4459-b48b-a9257f9bceb9.png,normal
auntminnie-b-2020_01_28_23_51_6665_2020_01_28_Vietnam_coronavirus.jpeg,COVID-19
radiol.2020201160.fig6b.jpeg,COVID-19
9a88ccc2-61bd-442e-9961-1a015c67e2e8.png,normal
de8339e8-3f7d-43af-9ca5-9c783d6642db.png,pneumonia
covid-19-pneumonia-rapidly-progressive-12-hours.jpg,COVID-19
figure1-5e75d0940b71e1b702629659-98-right.jpeg,COVID-19
8b2543f1-89e6-41d2-8ede-ab0f9b797f41.png,pneumonia
f2bc6d71-2f5b-49ed-941c-2cd7068a83de.png,normal
696ce288-318a-4d4e-988b-7fcdb4b0900b.png,normal
af0cb664-287b-47b7-b7f6-55518a510ebf.png,pneumonia
3b6538ab-c405-4a7b-9e2e-239a97e224ef.png,pneumonia
pneumocystis-jirovecii-pneumonia-3-1.jpg,pneumonia
1.CXRCTThoraximagesofCOVID-19fromSingapore.pdf-001-fig2a.png,COVID-19
post-intubuation-pneumomediastium-and-pneumothorax-background-covid-19-pneumonia-day1.jpg,COVID-19
8406541c-e9b1-4729-9631-aaf13745994f.png,normal
covid-19-pneumonia-22-day1-pa.png,COVID-19
8c4c3e98-8341-4897-ab39-6d0c92045c45.png,normal
72e35063-f91d-4110-83e0-07daa736fc7b.png,pneumonia
pneumocystis-jiroveci-pneumonia-2.png,pneumonia
876785b8-4691-4231-b8c4-6e92527dfb08.png,normal
5bb0a3ba-b725-40c9-b1b2-e518382c3c38.png,normal
dfecc5ff-2989-4b4f-ba0c-f8a4cf85a3c8.png,normal
32a5977f-f8ab-41c9-9b51-5387248e4675.png,pneumonia
d88da3d2-4032-4736-b278-bed083ce1b19.png,normal
93821c78-64bc-44d4-ac21-3861c7f93d74.png,normal
5CBC2E94-D358-401E-8928-965CCD965C5C.jpeg,COVID-19
868aa791-fca9-4915-b8e2-c38460d90426.png,normal
89aeafbd-37ed-4ff7-a8cf-3e6e5cf803ef.png,normal
48f6aadb-b69f-45c4-b9e1-186105e770f9.png,normal
covid-19-pneumonia-35-2.jpg,COVID-19
4b7d10d8-97b4-4d5b-9a74-01c7c8a13b10.png,pneumonia
dbc50f97-e677-4c35-ac46-5eb7cdeba416.png,normal
3d7cde16-cbce-4a84-997c-11b9befe3f23.png,pneumonia
58cb9263f16e94305c730685358e4e_jumbo.jpeg,COVID-19
ed37211b-bc6e-41b2-b246-e47707a07687.png,pneumonia
b1323e3e-2460-4db7-a98e-f810c0004836.png,pneumonia
X-ray_of_cyst_in_pneumocystis_pneumonia_1.jpg,pneumonia
post-intubuation-pneumomediastium-and-pneumothorax-background-covid-19-pneumonia-day7.jpg,COVID-19
8f66472e-29c1-4dc5-86d7-8e0fa67e9f74.png,normal
3b2853dd-7027-4d70-945e-f604ad9d33bb.png,normal
9bbc427a-e3e2-4d18-8fc5-acaa13a14fa6.png,normal
c3146b7e-b141-4f08-84f2-e9c8d88674df.png,normal
194917f4-f78a-49f9-a35e-3de36e668f5e.png,pneumonia
7f81fcb5-397d-4a3e-acaf-6837b5fc19d6.png,pneumonia
4d23b791-1166-45f1-bf30-8188c75ad5b7.png,normal
74e14225-6744-4587-b10e-3d14272e059c.png,normal
5931B64A-7B97-485D-BE60-3F1EA76BC4F0.jpeg,COVID-19
a13b77b1-0c9a-4d43-b0e9-02731813edce.png,normal
7E335538-2F86-424E-A0AB-6397783A38D0.jpeg,COVID-19
99a21978-b49a-403a-9424-5745a90c8018.png,pneumonia
fe984b23-53b7-403e-9c18-b4302ff46f2b.png,normal
f21a2acc-e6f1-4132-b094-83c9e94a5e7d.png,pneumonia
184e51c6-f33b-4b55-8c9b-b4809ad88af8.png,normal
b0048d9d-6e9d-4a32-b852-12a696cb677a.png,pneumonia
a96bb268-a6b1-4dcb-a7f7-eeb51527e72f.png,pneumonia
SARS-10.1148rg.242035193-g04mr34g07b-Fig7b-day12.jpeg,pneumonia
93492fd4-c508-4e1e-abc7-6975147c54ad.png,normal
4439655c-05be-4fe1-aa57-941dfd0cc3b4.png,normal
6b44464d-73a7-4cf3-bbb6-ffe7168300e3.annot.original.jpeg,COVID-19
4f515c3c-c42a-4523-859e-1280eaf9e4a7.png,normal
ryct.2020200034.fig5-day7.jpeg,COVID-19
2C10A413-AABE-4807-8CCE-6A2025594067.jpeg,COVID-19
ec755d65-c3e4-427f-b7fc-7a596cf8fbb2.png,normal
1ccfb985-e736-49e5-985b-f44268fb13bc.png,normal
ac81e9b6-5789-4797-ad85-510186cdd4a9.png,pneumonia
pneumococcal-pneumonia-day0.jpg,pneumonia
8b3dccfa-0ea1-4503-9c12-47bb4008b271.png,normal
ryct.2020200034.fig5-day0.jpeg,COVID-19
6e108fd0-3d57-4c27-a7ab-16d9de2b4c70.png,normal
4a2078dc-3789-43b2-a31e-19014d4fe3eb.png,pneumonia
bd0bb326-cd0d-4dd8-be1c-25c15b076377.png,pneumonia
F2DE909F-E19C-4900-92F5-8F435B031AC6.jpeg,COVID-19
695fead2-dfc7-4431-a9b7-b82ea46c812c.png,normal
6cd06a0e-f49a-443e-b616-1808561347a3.png,normal
e77e8d88-11e5-4d15-8dfb-abcd5c09c9f0.png,pneumonia
5b0b1342-d3fe-443d-8d18-9768811c5d7d.png,normal
b8a18a7b-502a-487a-98aa-0edd1c1126cb.png,pneumonia
radiol.2020200490.fig3.jpeg,COVID-19
919a3ffe-97fa-44dd-8347-63b66964dbb5.png,normal
cb008bee-f96b-4039-b69b-46a7ad8e50c0.png,pneumonia
figure1-5e7c1b8d98c29ab001275405-98.jpeg,COVID-19
nejmc2001573_f1a.jpeg,COVID-19
d563628b-cbde-4367-b71d-275634867e64.png,normal
55754887-a552-47dd-a5c6-2d069da40136.png,pneumonia
b9cd73cb-2dfc-4c9b-9ea0-61c0d0b10a87.png,pneumonia
fc4131c0-41f9-4f66-b044-0e805f939a24.png,normal
0623ea89-c89c-4743-b492-55e398de4c9b.png,normal
3f13b743-77e0-46a8-8f1a-12caa6007b16.png,pneumonia
3e37f26f-6865-4d73-ab01-4daec24acaab.png,normal
c104d585-85a7-4071-b7ff-930ac2565128.png,normal
pneumocystis-jirovecii-pneumonia-3-2.jpg,pneumonia
SARS-10.1148rg.242035193-g04mr34g04b-Fig4b-day12.jpeg,pneumonia
ecca50bd-8b93-4abd-82c4-76db7bc980dc.png,normal
c5f17998-8e5d-419e-87f9-800facb13fe1.png,pneumonia
covid-19-pneumonia-41-day-0.jpg,COVID-19
covid-19-infection-exclusive-gastrointestinal-symptoms-pa.png,COVID-19
34c9ca0b-413a-447a-ab1a-66b08a53af7d.png,pneumonia
5e996c8c-cf75-4a5c-87bf-e2362c7d2c52.png,normal
932d09e6-2597-4a6d-a7fd-f6c07de79bb0.png,pneumonia
c8ad32ab-daa1-4ab6-843f-d9bd4fe81400.png,normal
722cca4a-f542-47ba-be14-29238c1124e1.png,normal
cc77d05d-ebcd-44a4-b1b9-ccd9f0bc9030.png,normal
4eaf409f-dfb5-46f9-8141-602246ebbd0d.png,normal
covid-19-pneumonia-28.png,COVID-19
0beac0c9-331a-4aad-9cec-099aff98c399.png,pneumonia
1b6ac013-a672-4eda-9e69-75b0628ff944.png,pneumonia
05212f46-32b5-4350-812b-2bab7509d93f.png,pneumonia
d5be0945-b546-4640-b0a0-d2dd209122e8.png,pneumonia
ef2fc783-b9d7-4bbc-b0b3-f811daad5b56.png,normal
covid-19-infection-exclusive-gastrointestinal-symptoms-l.png,COVID-19
e1d8cc12-d372-48f2-9126-74660809eccf.png,pneumonia
9e8bd81f-b091-4c02-9ea4-1927c896dfc2.png,pneumonia
9b995df9-5372-45f8-8ce8-4465158e86ca.png,normal
covid-19-pneumonia-20.jpg,COVID-19
75dbc949-4634-4f9c-b3bb-a8c03747e9e1.png,pneumonia
1.CXRCTThoraximagesofCOVID-19fromSingapore.pdf-002-fig3a.png,COVID-19
fe3458ed-9080-4881-a945-e13e9ff0d14c.png,normal
a2fe6d6d-3cf0-4fdd-b292-9d4b8553d4b7.png,normal
8891b471-5c48-435a-bb12-ed6198211f55.png,normal
F4341CE7-73C9-45C6-99C8-8567A5484B63.jpeg,COVID-19
e37fe7f9-b06c-495f-9f25-31939b140e48.png,normal
4e4fdb72-98c5-458d-808f-bb8e42466fdd.png,normal
e191c1c9-94e8-48fe-8ad3-bda04a74a905.png,pneumonia
4e43e48d52c9e2d4c6c1fb9bc1544f_jumbo.jpeg,COVID-19
d9815385-9c37-4484-8785-92b3eed84586.png,pneumonia
473f3632-c6d0-4a5b-9cab-f1c6d24a7424.png,pneumonia
radiol.2020201160.fig3b.jpeg,COVID-19
wong-0000.jpg,pneumonia
3734dfbc-ce7c-478e-8160-53ea00b32c5c.png,pneumonia
21aea18e-5904-4663-9d36-54a43b90e4d8.png,normal
83518a8a-2636-42c8-b3ea-5ae3107e3a0a.png,normal
a4b4d3de-f186-4aa1-8866-6228cede4d7a.png,normal
8d8d2dd7-b0b0-444f-b4a9-885382c8c668.png,normal
be04b555-9fb1-4044-be19-e4e9ebbdccc5.png,normal
3b01037c-d534-4829-9ec8-81119a652602.png,pneumonia
SARS-10.1148rg.242035193-g04mr34g0-Fig8a-day0.jpeg,pneumonia
SARS-10.1148rg.242035193-g04mr34g0-Fig8c-day10.jpeg,pneumonia
covid-19-pneumonia-34.png,COVID-19
add35dae-274e-4e32-acd7-babdcb3e390f.png,pneumonia
07c6955b-57c1-4ba8-8b07-81b333624ed9.png,normal
covid-19-pneumonia-19.jpg,COVID-19
covid-19-pneumonia-20-pa-on-admission.jpg,COVID-19
6d4b3db8-f4ff-427a-a947-d7ec1c1e94b8.png,normal
7C69C012-7479-493F-8722-ABC29C60A2DD.jpeg,COVID-19
48349099-36a7-4377-b280-19312e581699.png,normal
3866065a-3fb7-4253-97ef-930ab899a723.png,pneumonia
pneumocystis-jirovecii-pneumonia-3-3.jpg,pneumonia
bb068d57-86a8-4347-bee0-e29d59ddef6b.png,normal
bbc14aa3-d235-476a-a27c-a2ce15ea3495.png,normal
90440659-a140-451d-9ddb-2908d4408c93.png,normal
radiol.2020201160.fig2b.jpeg,COVID-19
80446565-E090-4187-A031-9D3CEAA586C8.jpeg,COVID-19
5A78BCA9-5B7A-440D-8A4E-AE7710EA6EAD.jpeg,COVID-19
ac38e730-300e-4267-88ec-5247c0b90ed5.png,normal
figure1-5e73d7ae897e27ff066a30cb-98.jpeg,COVID-19
F63AB6CE-1968-4154-A70F-913AF154F53D.jpeg,COVID-19
1F6343EE-AFEC-4B7D-97F5-62797EE18767.jpeg,COVID-19
c521c15a-caaf-4e43-a00b-925cc816d759.png,normal
ryct.2020200028.fig1a.jpeg,COVID-19
1888810b-4d10-423a-adf6-5fd52aa9961a.png,normal
df13cd6b-0b39-40ee-811c-9df848963965.png,pneumonia
ba8f1b16-bd3a-4011-b9ed-37c464c73f20.png,normal
c387f123-e29a-46aa-86d1-94338bb8f885.png,normal
97b7f776-47ba-4a6c-ad9b-064d7d6ec2aa.png,normal
B2D20576-00B7-4519-A415-72DE29C90C34.jpeg,COVID-19
bac6c0e9-9e87-4d76-92a6-e9b0b11983e9.png,pneumonia
e397dc92-c9c8-4b93-b8fd-831514c74254.png,normal
99e516f8-fea5-473b-91cb-a0f6b6d0f764.png,normal
accc1fed-2c48-470c-88d6-3433725f8a04.png,normal
radiol.2020201160.fig3d.jpeg,COVID-19
f1599b74-dd5c-4a4f-9c6c-1a8d4e4af353.png,normal
radiol.2020201160.fig3a.jpeg,COVID-19
lancet-case2b.jpg,COVID-19
nejmoa2001191_f5-PA.jpeg,COVID-19
8f719c99-d7f6-4e27-a5f6-3a259dc60b61.png,normal
79168e4a-a98b-4c27-affc-0fade7c2aed6.png,normal
covid-19-pneumonia-2.jpg,COVID-19
d091240f-da0b-47f1-b88a-a7fc8ffde8a9.png,normal
17581b7e-a0a3-463c-bfbe-8a435811bab3.png,normal
38ffaafc-11bb-4ca1-8242-dbb576fc8cc6.png,pneumonia
covid-19-pneumonia-49-day4.jpg,COVID-19
pneumocystis-jirovecii-pneumonia-2.jpg,pneumonia
934e5ecd-c6e7-4c9d-8855-836227bde5f8.png,normal
streptococcus-pneumoniae-pneumonia-1.jpg,pneumonia
covid-19-rapidly-progressive-acute-respiratory-distress-syndrome-ards-day-2.jpg,COVID-19
b50fc2e5-6fd9-4d54-badb-97be4b5a733f.png,normal
1-s2.0-S0929664620300449-gr2_lrg-a.jpg,COVID-19
6a250116-64e3-4f3a-8432-850e06a33c9d.png,normal
1-s2.0-S0140673620303706-fx1_lrg.jpg,COVID-19
1755b457-2c7f-4589-999e-aa172dbbb188.png,pneumonia
93FE0BB1-022D-4F24-9727-987A07975FFB.jpeg,COVID-19
9b1df62b-c463-4379-99dd-6e0fa8b89db5.png,normal
edbc1975-81dd-4296-90f6-708e3f67e81a.png,normal
d055f31c-04a0-49ea-b091-56e88b837f97.png,pneumonia
bd8f8b0b-a89b-42f5-b92c-c0a152c6c1f2.png,pneumonia
23E99E2E-447C-46E5-8EB2-D35D12473C39.png,COVID-19
cavitating-pneumonia-4-day28-PA.png,pneumonia
5dbb418a-7dc7-4ceb-a3f0-956b28b39734.png,pneumonia
b5a22c51-47f2-4091-af34-ea9b59b298fe.png,pneumonia
c85e59c9-186d-4c31-80ed-b8fcfe353c0d.png,normal
bf9254b2-2d3a-444a-8dae-a27f02b0e9ef.png,pneumonia
384e74df-8363-41d7-9ae6-56776c9d6987.png,normal
jkms-35-e79-g001-l-b.jpg,COVID-19
SARS-10.1148rg.242035193-g04mr34g09c-Fig9c-day27.jpeg,pneumonia
84fb9389-5b59-4db4-811c-7345c8bcd579.png,pneumonia
auntminnie-c-2020_01_28_23_51_6665_2020_01_28_Vietnam_coronavirus.jpeg,COVID-19
531722e7-d083-4c1d-b639-49c537ad758e.png,normal
covid-19-pneumonia-24-day7.jpg,COVID-19
radiol.2020201160.fig2a.jpeg,COVID-19
d1d814f0-b094-47c2-aae7-6d24aae6ccd7.png,normal
a752b296-858d-4117-8424-35aee8c2154b.png,normal
df4ffccb-de4b-42b0-bbf2-05f5772fe63e.png,normal
b28ef305-54b7-4a24-9edc-00eb8e13d649.png,pneumonia
1.CXRCTThoraximagesofCOVID-19fromSingapore.pdf-000-fig1a.png,COVID-19
3b7bd8bb-27f4-4416-9c4b-d68c4065aa54.png,pneumonia
7dc00dd4-ad6f-4fee-9e47-3f2b4b88d3ea.png,pneumonia
13f8bb2b-9c21-4131-aee1-eef3bc0cf88b.png,normal
d4b3478b-d430-4c89-95b5-1c1c27c8eb71.png,pneumonia
pneumocystis-pneumonia-12.png,pneumonia
post-intubuation-pneumomediastium-and-pneumothorax-background-covid-19-pneumonia-day6-1.jpg,COVID-19
nejmoa2001191_f1-PA.jpeg,COVID-19
b70eb540-c3f7-4655-9d70-00a143ffb5e5.png,normal
7eb0abcb-860e-4745-b311-28657770c038.png,pneumonia
33a2a0e3-3c02-4d03-acf9-183932ebfa09.png,normal
64917123-823f-4c01-a0d6-06bdfd899a6c.png,pneumonia
covid-19-pneumonia-22-day2-pa.png,COVID-19
4b345caf-5a04-4dfb-a40c-a27e48071f9c.png,normal
covid-19-pneumonia-14-PA.png,COVID-19
covid-19-pneumonia-30-PA.jpg,COVID-19
0cac04c6-c4b6-48e5-9b28-b0a6c44289a5.png,normal
9C34AF49-E589-44D5-92D3-168B3B04E4A6.jpeg,COVID-19
covid-19-pneumonia-evolution-over-a-week-1-day4.jpg,COVID-19
809830cd-c757-4e81-abec-0d6d935ae0ce.png,pneumonia
16b81782-5c25-4dd2-89f5-8008aec5259e.png,normal
covid-19-pneumonia-rapidly-progressive-3-days.jpg,COVID-19
8df52c85-df58-45e1-9142-7bcdd4d22f71.png,normal
159afd7a-feda-4c99-aa7b-f6eaef84afb9.png,pneumonia
06250f9d-5ad9-44ca-9283-dbf787e2ad22.png,pneumonia
20f39b8e-be82-4f24-8791-651533a73184.png,pneumonia
0bcfe7ee-ada5-48de-990b-2a2fd6c6ed15.png,pneumonia
73e02b82-d818-45fe-80bd-3f8fd75bf95d.png,pneumonia
5c295ea5-8c62-4068-b5f0-f5ed770c3773.png,normal
d9528d5b-b058-467c-accb-618c100f3696.png,pneumonia
878ae8b8-f206-4d82-8099-3a56f89bb9c4.png,pneumonia
c5930fd9-a326-4253-aaea-3245f49efaa2.png,normal
pneumococcal-pneumonia-day35.jpg,pneumonia
covid-19-pneumonia-12.jpg,COVID-19
a7cc220e-bef4-4d27-a921-7773ebef1282.png,pneumonia
CD50BA96-6982-4C80-AE7B-5F67ACDBFA56.jpeg,COVID-19
b435cc3a-cc81-4361-ac91-235b4150265e.png,pneumonia
99f7ad08-2189-452c-afab-6d7b1c62c049.png,pneumonia
radiol.2020201160.fig2d.jpeg,COVID-19
4c84cff2-475b-46e9-8fc6-68ce72f9274b.png,normal
3d341003-fe1c-4709-a20a-0a543a3e3743.png,pneumonia
0b92e1e9-78ae-4477-8b7e-f7cac9c79104.png,normal
3bbe6098-7c9b-4f17-ac6b-e0c68b0e0af2.png,normal
53d48fe7-999e-4a53-8f7e-ec5e0ffbfd59.png,normal
a8545597-2873-4afc-a0a9-77bb14feb458.png,normal
5e6dd879fde9502400e58b2f.jpeg,COVID-19
covid-19-pneumonia-24-day6.jpg,COVID-19
9a2e09e1-071d-43b8-83f1-ca546b1f0a03.png,normal
92c92a61-ce29-49ad-8c94-f7b104c37638.png,normal
85E52EB3-56E9-4D67-82DA-DEA247C82886.jpeg,COVID-19
74321b39-3aab-444a-893e-fa743ddc9224.png,pneumonia
09854bb5-4fed-43e2-96cf-8f24ca71cb6e.png,normal
parapneumonic-effusion-1-PA.png,pneumonia
072e7048-52f1-4b2b-be08-42e0ca1ba1ee.png,pneumonia
5b024386-a742-47b1-8ca3-2a8629c817ef.png,normal
51c42643-1a55-4d9f-b9cb-1fd6846b22d3.png,pneumonia
f86a02d1-4ee2-4578-b001-a03952254643.png,pneumonia
d9c2358b-2f9f-4b13-962b-1b965316e801.png,normal
8df77461-c240-468f-810f-9796686a2c0c.png,normal
68c02c6c-8426-4a07-ab77-7217078a6e6a.png,normal
d4d10646-e095-4cde-9f9a-b0d4b4cf6d5c.png,pneumonia
16f580c9-9242-4535-8fb6-a1724f4bbf34.png,pneumonia
6c3c8214-b6cf-4dc8-934a-56e5c7a82072.png,pneumonia
e6a3f420-39d4-4042-8485-87024e7fb4f3.png,pneumonia
47167140-49c9-4f83-b630-f0fe4f53a935.png,normal
b6158255-d002-48a7-a283-af4ad2d8874a.png,pneumonia
b5630ae2-40eb-4df8-b5c7-5a33e3e7adb4.png,pneumonia
49cda5b8-d41d-4b34-b25b-b92520b65ea5.png,normal
08b1c32d-e070-4a2c-9d75-f41055b7273b.png,pneumonia
cf141763-efe6-4209-9b7c-fb8759e4ea50.png,normal
5bf2a3dc-2c7e-4aa2-9a51-10dc2bdf9c4b.png,normal
e155c13d-7ac7-4765-bb86-899349978413.png,normal
c07f52df-d481-434f-84c1-04263926ac40.png,pneumonia
b441b807-25e0-4c5d-a1c3-bbf000a38b19.png,normal
covid-19-pneumonia-44-day-8.jpeg,COVID-19
415f5493-d330-4239-b25c-cda4ef422683.png,normal
09edbe84-9f36-465b-b227-00abd25c9afc.png,normal
SARS-10.1148rg.242035193-g04mr34g07a-Fig7a-day5.jpeg,pneumonia
171CB377-62FF-4B76-906C-F3787A01CB2E.jpeg,COVID-19
covid-19-pneumonia-evolution-over-a-week-1-day0-PA.jpg,COVID-19
b0788a2f-3edc-467b-85df-768481a02b67.png,normal
8b871c89-a13e-4778-9aad-c1a6d6f2ff82.png,normal
41591_2020_819_Fig1_HTML.webp-day10.png,COVID-19
32e1b26e-976d-4169-bdce-f9863ce88fde.png,normal
6bc8aad2-30ea-4daf-94cb-4b65c6e8d0c2.png,normal
a716b3b7-c8a3-472d-beed-69d8a147aa02.png,normal
7AF6C1AF-D249-4BD2-8C26-449304105D03.jpeg,COVID-19
b3198fbd-a80a-4b5b-8a12-f89bb4a72b4a.png,pneumonia
49c8003f-80cc-4d41-b553-32aea9a95802.png,normal
1.CXRCTThoraximagesofCOVID-19fromSingapore.pdf-001-fig2b.png,COVID-19
2B8649B2-00C4-4233-85D5-1CE240CF233B.jpeg,COVID-19
11c4dd33-9f7a-4b01-804e-051ab0d0e3e6.png,pneumonia
e57e3de3-4a47-4185-9ba2-cc4b3b998bc8.png,normal
98d021cf-b9cc-4c73-8df4-f7650e496297.png,normal
504cbf6f-b20a-4a8b-8d78-e4016bada396.png,pneumonia
97354b7f-c36c-4e81-a6ef-cbce71682715.png,pneumonia
464a8cdb-4e55-48de-b61f-72edb6992e0f.png,pneumonia
dcf553ec-7ff7-4d00-b71a-24c88898d2ab.png,normal
930d83dd-cd4c-4968-a94e-581903c2cd76.png,normal
jkms-35-e79-g001-l-c.jpg,COVID-19
5d7d4ce4-2fcb-4101-9ba2-ea8d0d59ac35.png,normal
3ccd18df-0b1a-4a0b-ad46-00b602382ba6.png,pneumonia
d8adf370-83b9-4852-bedd-6e180fb95d9b.png,normal
39EE8E69-5801-48DE-B6E3-BE7D1BCF3092.jpeg,COVID-19
nejmoa2001191_f3-PA.jpeg,COVID-19
53c275e1-e692-4445-bb4f-b740d117712f.png,normal
78886571-4987-4ea8-aabd-67e3ccb483bf.png,pneumonia
04ce0574-5d18-4661-973f-7bfbb0707a1c.png,pneumonia
3a9196af-16e0-4a6a-95e4-426614770eb2.png,pneumonia
914a6efd-0a20-4202-9059-12cee1d9643f.png,normal
e1150678-9a4f-41ff-b46e-a0bc5eb07f39.png,normal
a09d65c9-1707-47d4-a241-212aa118a860.png,pneumonia
06737bed-8dc1-47d9-8c30-324282dcc84d.png,pneumonia
296c307e-cf85-4ef4-95eb-7a05d4576dfa.png,pneumonia
507f46e9-5760-4ae2-bebd-b0afd82fdf0a.png,normal
c696ab08-acf1-409e-86ef-1e1ac9bc73d3.png,pneumonia
radiol.2020200274.fig3d.png,COVID-19
covid-19-pneumonia-42.jpeg,COVID-19
A7E260CE-8A00-4C5F-A7F5-27336527A981.jpeg,COVID-19
f36bbc73-8624-4599-82b2-4c3f882e117e.png,normal
ce808df9-fa39-497f-a393-efd4890474a4.png,normal
a1d846a0-7213-4eff-a9b2-f0adc352aa47.png,pneumonia
df1ace69-26c5-4b38-bdb6-2ce6f3a60b74.png,normal
pneumocystis-pneumonia-1.jpg,pneumonia
e8672361-b2df-4859-9b29-21dc02907d00.png,normal
1312A392-67A3-4EBF-9319-810CF6DA5EF6.jpeg,COVID-19
c6c3be6a-d660-471f-870f-ad784dbb02fa.png,normal
d841c5a0-b0fb-45e0-98ee-365dbbfc4b84.png,normal
485f1ddc-8562-432a-a27e-9c54375c19ac.png,normal
radiol.2020201160.fig2c.jpeg,COVID-19
17c89450-d10e-4041-afa0-4c5a39adccdd.png,normal
81c94236-bf67-438e-af64-6cda0e776486.png,normal
covid-19-pneumonia-15-PA.jpg,COVID-19
3c8e008b-261a-4f4e-bbb3-d3651cfd7dfa.png,pneumonia
8c984367-b094-429a-b8cf-a9aba99e8ff9.png,pneumonia
b6d61fae-fa1f-4328-b065-033ee168cd98.png,pneumonia
b9a3543a-bf0e-47f1-88e2-a04dd1d04e4e.png,normal
jkms-35-e79-g001-l-a.jpg,COVID-19
covid-19-rapidly-progressive-acute-respiratory-distress-syndrome-ards-day-3.jpg,COVID-19
93a0df9d-5094-4d9d-a0a8-cf5fe99b1845.png,pneumonia
a082d750-3663-46ca-bf52-cc32b2f403c9.png,pneumonia
0c861344-c755-4072-ab28-1d29be4949f5.png,normal
acbf5ac9-25e8-4aba-8ab9-1b497c22e284.png,pneumonia
3df07ee3-c7ae-4bcb-8ee5-5d71c5c5cd6b.png,pneumonia
3b84f97b-fa88-424a-891c-e57c3b92c062.png,pneumonia
f630809e-2498-44af-beaa-dda23a36cf20.png,pneumonia
73ace93d-59b5-4895-91d7-cbe632e3a024.png,normal
c830b55a-ff12-40c7-9c3e-185b88982624.png,normal
d1d3122f-9567-4c5d-a7e8-d8c00f8e00ae.png,normal
7f3c3430-4f1a-4793-b2d3-7ec2b637e2f5.png,normal
4f720f10-e3fa-4e66-ac72-84622fd11e65.png,normal
7e68dd71-1e3e-4fa6-80ea-fa2a226aa06e.png,pneumonia
6ab804bc-484c-4419-b791-d2ebada36138.png,pneumonia
