filename,class
d0c1a7c7-028e-4410-b8fe-2afcce2102d0.png,pneumonia
7EF28E12-F628-4BEC-A8C5-E6277C2E4F60.png,COVID-19
a01dc83f-bd19-454b-a317-007a2730852a.png,pneumonia
d5dec418-0f74-489f-b696-ce73e6016e40.png,normal
f69af194-65fb-412b-8004-9b6a643b1c39.png,normal
b0dbfa41-de0b-40f5-b635-3bdb73c620a6.png,pneumonia
31BA3780-2323-493F-8AED-62081B9C383B.jpeg,COVID-19
5949c80a-06b5-4a5e-9f2f-f00c1bda5268.png,normal
b7fd3d35-e5a4-484c-9f2a-83a72cb88d2b.png,pneumonia
bd2e9bc1-cdd3-47fb-8814-f111085939a6.png,normal
f6e3bb77-4eac-447e-8fd5-d12d5ced14e0.png,normal
b7e7ff76-b5ea-4ac0-acc7-2acd41f7aa83.png,normal
SARS-10.1148rg.242035193-g04mr34g0-Fig8b-day5.jpeg,pneumonia
2415c886-456c-447a-b418-bbf877ddefd1.png,pneumonia
31bef3ba-3580-40ab-a7af-567a5c95e4da.png,pneumonia
65225798-dc6e-469e-8010-427accb9e41c.png,normal
bdb97b05-a8f7-4cdc-852f-f5398582eeb8.png,pneumonia
7c919028-8325-42d6-8d89-c88595251616.png,normal
71da3b1e-803b-4d2b-a157-25482a4e2166.png,normal
6C94A287-C059-46A0-8600-AFB95F4727B7.jpeg,COVID-19
covid-19-pneumonia-40.jpg,COVID-19
3a90e0ef-db94-463a-a74d-f0f3a12788fa.png,normal
9e37fa75-a5c0-47e3-b069-f4b255e77c62.png,normal
covid-19-pneumonia-24-day6.jpg,COVID-19
3e6ff69e-0090-42c6-97b1-26434f52b19d.png,pneumonia
7fe666e4-8253-47ae-b859-490436f669f9.png,normal
41e4abf6-897e-464d-9cec-ed3c51d8809e.png,pneumonia
0c9be296-285f-44dc-8599-afde00848e9d.png,normal
71a17ca6-5e02-41af-9768-6b70349ddd1b.png,normal
covid-19-pneumonia-42.jpeg,COVID-19
1b8888ce-5f68-4e0a-b05f-fabe9b4da1e4.png,normal
f50616b4-c6ab-44bc-8a70-28464c77c397.png,pneumonia
95dd5cf3-9b53-444d-bf9b-705f8ff22e92.png,normal
513d53bd-aa48-42ca-a181-4a7fd36b56de.png,normal
23309d6b-efcf-4823-8cce-3643c20114b6.png,normal
3ac49fd1-c580-48f1-8e3c-6a50d3447ba7.png,normal
pneumocystis-pneumonia-12.png,pneumonia
3cb9b341-19cf-4973-b901-3e69ea74d88d.png,normal
9c36a9f4-1e6e-4938-b827-a97c23afd77b.png,normal
e163b4d7-9ff9-468f-a3c9-583baf4a58f9.png,normal
826c7ade-8228-4f43-b5fc-a8b0591ba3e8.png,normal
f5257a21-9efd-491f-94da-5cbce76d8f95.png,pneumonia
c392281f-30a4-4ec5-a435-3d6e107cc562.png,normal
1.CXRCTThoraximagesofCOVID-19fromSingapore.pdf-000-fig1b.png,COVID-19
post-intubuation-pneumomediastium-and-pneumothorax-background-covid-19-pneumonia-day6-1.jpg,COVID-19
6db9b51e-72d8-4511-b113-fa0ef0387fe3.png,normal
171CB377-62FF-4B76-906C-F3787A01CB2E.jpeg,COVID-19
6b44464d-73a7-4cf3-bbb6-ffe7168300e3.annot.original.jpeg,COVID-19
ryct.2020200034.fig2.jpeg,COVID-19
3a9c2da0-7cf6-4d51-8012-096f6f4e461e.png,normal
4ad30bc6-2da0-4f84-bc9b-62acabfd518a.annot.original.png,COVID-19
b5c69c5b-e88c-4070-afa8-ab647f9899fe.png,normal
F2DE909F-E19C-4900-92F5-8F435B031AC6.jpeg,COVID-19
0bad68b0-b67c-47c9-bb8b-b9513a326394.png,normal
043bf858-b33e-463b-98f5-32c0e75e49b3.png,normal
covid-19-pneumonia-35-2.jpg,COVID-19
cavitating-pneumonia-4-day0-PA.jpg,pneumonia
f121c24f-3b09-468f-a097-29a73036c61f.png,normal
abfa6fc6-e696-4d79-890c-aa14ce01ea2f.png,pneumonia
58cb9263f16e94305c730685358e4e_jumbo.jpeg,COVID-19
3b2d5952-ecd3-4e79-9ecc-908adde0ab99.png,pneumonia
0c166e46-6e25-4f59-9743-6c60828c7c77.png,normal
ab17c7e8-3447-431f-afcd-efec89229fe2.png,pneumonia
6831fdb0-41b6-4171-ad98-7487f0a8fd5b.png,normal
0d15858e-bd96-42cf-843e-57ff0c6e42a7.png,pneumonia
81f89fe4-78c8-409b-8f4e-e20588818fa1.png,pneumonia
covid-19-pneumonia-49-day4.jpg,COVID-19
a9a99811-eaed-4531-9404-14420ee269d1.png,normal
746f5331-7bb5-4e38-8970-f796f9c4b428.png,normal
be4073e5-f1ef-4259-b7a4-8c379844cbaa.png,pneumonia
ryct.2020200034.fig5-day7.jpeg,COVID-19
b8eef91b-bbe7-443c-9e05-b756108d7344.png,pneumonia
parapneumonic-effusion-1-PA.png,pneumonia
1-s2.0-S0140673620303706-fx1_lrg.jpg,COVID-19
a17f7e03-42a6-41d3-82ad-d8a656826936.png,normal
f218fda3-c484-4836-867d-b7ad037bfe4e.png,pneumonia
55396e70-ab8b-4a10-9f24-a2cda06cb2fe.png,normal
fcd516a9-18ed-489d-a9a6-d1302b0ba040.png,normal
f316fb8c-af2d-42ec-aba0-6761643a7c3e.png,normal
3f774e0d-f367-4fa2-98cc-82845d21d5f6.png,pneumonia
8c4c2c88-5e6a-43b5-aec0-c5d68beb586a.png,normal
d99282ee-dc00-40d4-bb8d-5f8dba263a05.png,pneumonia
post-intubuation-pneumomediastium-and-pneumothorax-background-covid-19-pneumonia-day7.jpg,COVID-19
f1509076-069b-449d-b659-4ae16300db31.png,pneumonia
6fcf6a3a-dd47-4a67-9bea-c670f1d94acc.png,normal
8e85dd37-78b8-4538-8228-480f24b3995a.png,normal
5c015feb-cfd1-4ce2-9b95-eb9689c7eb0a.png,normal
1b874f35-21ac-4e21-a292-c96165ad870b.png,pneumonia
bb1a546d-12e6-41e8-b602-768a0e499569.png,pneumonia
post-intubuation-pneumomediastium-and-pneumothorax-background-covid-19-pneumonia-day6-2.jpg,COVID-19
e04808e4-4c7c-4176-ab83-31d41b8a9766.png,normal
da8b5a41-b1f9-42c8-9598-f813c7a0ceda.png,normal
7ba598f6-a336-44a9-8ba4-a2b64afb13b5.png,normal
bcaa0edc-16d6-44b7-b548-91ddf6ed5cec.png,pneumonia
d5277276-f8f8-40e9-b8e1-791cf5d96ac0.png,pneumonia
3b8b8777-a1f6-4384-872a-28b95f59bf0d.png,normal
08b0056b-c563-4b30-9101-2ed685fdad1f.png,pneumonia
819d6b1a-4e49-4fd6-8ac1-f7a9f355617e.png,pneumonia
b3e7efd9-2c99-41bb-9724-399f9c2477f6.png,pneumonia
19c705ea-6af7-48f2-a2e7-f500ef840280.png,pneumonia
covid-19-pneumonia-35-1.jpg,COVID-19
covid-19-pneumonia-12.jpg,COVID-19
51a77bd4-2ee1-4924-8797-5121cde56f1d.png,normal
b9e7ae4f-33bb-4a8b-91f8-227ccc992a7e.png,normal
759a11de-da95-4cb8-a373-ab848ae74171.png,pneumonia
bf27db61-1c2e-4710-9f25-31eacb526f5e.png,pneumonia
caef3a9d-6767-4cd3-8c18-ecdb3f07bb1e.png,normal
9c83ee45-8c37-4540-8072-f3a9dbeeafbc.png,normal
9507332f-6b76-4844-a501-7f8ffb05eeed.png,normal
c48ee568-69ac-49f0-92c4-36129b1414b1.png,pneumonia
1-s2.0-S0929664620300449-gr2_lrg-c.jpg,COVID-19
8e9c142a-1265-4ab2-887d-fce3b9b46ff0.png,normal
33e4f74e-b8f2-470b-8815-6ee3e94b8590.png,pneumonia
481ac025-aeb7-4d88-b451-74ec80514625.png,normal
29b9a5ae-56e4-4e15-a78d-cbaeda0c276a.png,pneumonia
lancet-case2b.jpg,COVID-19
6f0d2ff9-c0dc-48c3-a944-1f18dc185e1f.png,pneumonia
06089341-a69b-4777-817b-041be894b436.png,pneumonia
1.CXRCTThoraximagesofCOVID-19fromSingapore.pdf-001-fig2b.png,COVID-19
d1d9bf55-e999-4e44-be02-aa94b7ab0e77.png,normal
94b95919-9eae-4049-a578-7803f8e06753.png,normal
covid-19-pneumonia-44-day-8.jpeg,COVID-19
44b51d39-f606-488e-ab50-fb45261664c3.png,normal
5cf12272-d4ee-4ac7-a6dc-278500dfd009.png,pneumonia
b551156f-a0e0-4895-9bd5-c4e6307f077a.png,pneumonia
78fe9142-9b8a-4200-9b2d-129a4e30e7ec.png,normal
a60ea99b-fcba-4bf6-9ffe-c5f700e50792.png,pneumonia
688a3275-9225-4e2e-b719-0c754d6b222b.png,pneumonia
92b8dc8c-907c-4cc4-8caf-db571ee8f087.png,normal
e2435e7a-c994-4a79-bae1-ad657e2497fc.png,normal
9f7fbca0-6111-4cd7-996b-764f751f00c1.png,normal
f27252da-ac5d-46b2-8df9-32e09763574b.png,pneumonia
radiol.2020201160.fig2a.jpeg,COVID-19
covid-19-pneumonia-8.jpg,COVID-19
covid-19-pneumonia-15-PA.jpg,COVID-19
ba14bd2e-4365-4849-9367-139d383b0df3.png,normal
5c251c5b-f578-4c22-a373-d5973a41076a.png,pneumonia
b4b73865-89a8-4fd1-8494-4abd8084beca.png,pneumonia
covid-19-pneumonia-41-day-2.jpg,COVID-19
23E99E2E-447C-46E5-8EB2-D35D12473C39.png,COVID-19
3fbcdd00-8633-4bcc-a264-9a013073443d.png,normal
E1724330-1866-4581-8CD8-CEC9B8AFEDDE.jpeg,COVID-19
396d1f4b-6370-48ba-a3ab-3a891085934c.png,normal
FE9F9A5D-2830-46F9-851B-1FF4534959BE.jpeg,COVID-19
covid-19-rapidly-progressive-acute-respiratory-distress-syndrome-ards-day-3.jpg,COVID-19
c996a703-cbc1-4847-b204-4f5506a2ef16.png,pneumonia
1-s2.0-S0929664620300449-gr2_lrg-b.jpg,COVID-19
ad750a01-7b7d-43b5-b4b2-42bf12a603bd.png,normal
a3f77eaf-8e19-4ad8-84b2-9549f3dcbef8.png,pneumonia
ed369fe4-b5e2-4ac4-8bef-ac7f5e18042b.png,normal
756db5a7-5547-4c51-90c6-b503a5997be2.png,normal
35c45480-3cfc-4988-8bd7-4c1ee56ed88b.png,pneumonia
a4c04a83-5178-41c3-b300-be73b521947c.png,pneumonia
radiol.2020201160.fig2c.jpeg,COVID-19
nejmc2001573_f1a.jpeg,COVID-19
bd922118-0adf-46a7-ad0d-ee10fbc7b5be.png,normal
covid-19-pneumonia-evolution-over-a-week-1-day6.jpg,COVID-19
C6EA0BE5-B01E-4113-B194-18D956675E25.jpeg,COVID-19
c4af240e-3322-40d7-9351-db82718ce4a1.png,normal
640743e2-59ed-4859-b25b-eb92f351cef0.png,pneumonia
radiol.2020201160.fig2d.jpeg,COVID-19
41591_2020_819_Fig1_HTML.webp-day10.png,COVID-19
5b80895c-63a9-4cdc-a869-5ca00043e862.png,normal
359ce100-a41f-40e2-ba95-c91b83725a35.png,pneumonia
5d1d1eb6-1c43-416e-b280-7aa689c4589a.png,pneumonia
c21fd129-8438-42d2-9a6c-1284fecb4338.png,pneumonia
2294cff0-b1e3-4895-a575-d1b77482f2a7.png,normal
bf02491f-2614-420e-b8c1-8779dbf5624f.png,normal
444e8478-9c00-487c-8b75-fe72dc480def.png,pneumonia
a1870588-5aa1-4a1e-92cc-62383776659f.png,normal
52ec4779-e0e9-4b01-8b61-a2222cb76a10.png,pneumonia
3742349a-468e-464e-94a2-58f2af7b461f.png,normal
SARS-10.1148rg.242035193-g04mr34g0-Fig8c-day10.jpeg,pneumonia
0b6c6a3e-4eda-4886-9182-e0b686fd9e53.png,normal
nejmoa2001191_f1-PA.jpeg,COVID-19
6ff5278b-71a0-4856-9f84-33f33bb8c471.png,normal
4b465daf-f77c-4daf-b70f-2e312a1e6951.png,normal
b038a798-3637-4f41-9e6a-c84660b45560.png,pneumonia
8b0fc04c-70fd-4648-b5df-12f8bdb24862.png,normal
figure1-5e7c1b8d98c29ab001275405-98-later.jpeg,COVID-19
357e0be1-1698-4b87-aa27-db197bc709ce.png,pneumonia
1db7e52d-7a40-49ff-9f24-bc72a33f9c23.png,pneumonia
b8b37652-550a-4dea-8bb2-20b98eec1df2.png,normal
streptococcus-pneumoniae-pneumonia-1.jpg,pneumonia
499d40ec-e646-4e4b-a864-a95f47b10413.png,normal
pneumocystis-jiroveci-pneumonia-4-PA.png,pneumonia
3687784e-47a5-40d3-aa45-5cae7dd23e8b.png,pneumonia
c3a9863a-cbd5-44b9-975a-5978943490aa.png,pneumonia
a8328d63-6a90-4e20-a7a9-65226cdaaba8.png,pneumonia
854fee36-d54c-4cde-904d-ab77f5e2e091.png,pneumonia
64965325-3bb3-41f9-9377-b19ec6110048.png,pneumonia
4dead6d7-4f3a-4ac4-9ca6-772104bd4d23.png,normal
covid-19-rapidly-progressive-acute-respiratory-distress-syndrome-ards-admission.jpg,COVID-19
a134c2bb-86bc-4438-bf4f-4a9cdbaafbda.png,normal
1bd17fbe-7df0-432a-9bbe-713ba0497c54.png,normal
a31f99ac-9209-415a-986a-75566e0c033b.png,normal
c4046c56-0b47-4293-8921-c751ee5fb188.png,normal
b071fe9e-d11b-4672-8c4a-bbef34635b7c.png,normal
bc6bcb9d-0907-40e0-9f82-b2fe75091b48.png,normal
01f0f4bf-e678-430e-b43d-2968e2c4976c.png,normal
82a15b7d-7443-4a73-9ddf-8cf6dd6d00ce.png,normal
6CB4EFC6-68FA-4CD5-940C-BEFA8DAFE9A7.jpeg,COVID-19
0c4d320e-7342-44e4-a634-56f4ca110c58.png,normal
6e0a4d03-07dd-4e0e-b8d4-9b4998500a70.png,normal
d147803e-07b9-485c-a4b2-7a492c5f929f.png,normal
b01ee12f-55ad-4548-84ac-a560a0a429ad.png,pneumonia
80003925-909e-4ac0-b662-5768b58bf788.png,normal
19da7299-3657-4477-b22e-998d550cfed4.png,normal
e4b00406-3cbc-4b70-afaf-9d3d312038bb.png,normal
b78db1b3-7cae-4225-9f6c-fe8abef98f0d.png,normal
78043d25-8992-46b6-b846-ffbfafbe6b6a.png,normal
pneumococcal-pneumonia-day7.jpg,pneumonia
covid-19-rapidly-progressive-acute-respiratory-distress-syndrome-ards-day-2.jpg,COVID-19
3f79f27a-6d84-4ff1-88a2-eb05ff9a5f57.png,pneumonia
2C10A413-AABE-4807-8CCE-6A2025594067.jpeg,COVID-19
covid-19-pneumonia-evolution-over-a-week-1-day0-PA.jpg,COVID-19
0c1822ea-5a61-4e64-97f7-ec1885d97fc2.png,normal
pneumocystis-pneumonia-2-PA.png,pneumonia
0b352cce-b6f8-4130-adfe-38fcc180a952.png,normal
a4446942-ca25-4f9e-8ae9-4f373c3bcb4d.png,pneumonia
ad04815f-f706-4323-bc71-a99cf971db8a.png,normal
77bcb2f3-2dfb-4ed7-b88a-b21ad2c87df3.png,pneumonia
SARS-10.1148rg.242035193-g04mr34g07b-Fig7b-day12.jpeg,pneumonia
5931B64A-7B97-485D-BE60-3F1EA76BC4F0.jpeg,COVID-19
3db7e979-5f97-4985-bf0c-cdea7951e246.png,pneumonia
38763425-7310-4bae-92d1-579bc5024a86.png,normal
fbab1671-b256-4cc5-9219-79fb47ef75c5.png,pneumonia
8fac79af-3246-404c-a493-32dc42903900.png,normal
2B8649B2-00C4-4233-85D5-1CE240CF233B.jpeg,COVID-19
89d63d9c-91be-49b1-a072-a4076a35a29b.png,normal
a1055459-ab82-42b8-94f9-349a4ed5ec62.png,normal
jkms-35-e79-g001-l-c.jpg,COVID-19
a0a8370a-dc3f-4f70-a440-e3fa9827928a.png,pneumonia
ab93d6fb-751b-4eb9-a022-9affc62846ed.png,pneumonia
be4fb03a-5028-40b3-8a3c-0508668b446c.png,normal
5A78BCA9-5B7A-440D-8A4E-AE7710EA6EAD.jpeg,COVID-19
2a0cf5f5-e589-444e-8be8-1cae28382e34.png,normal
1321f38d-adb7-491d-97eb-277d57ab6e59.png,pneumonia
82193858-3906-4c2f-b5b4-8aa1280f6181.png,pneumonia
pneumococcal-pneumonia-day0.jpg,pneumonia
6cdfa366-85ba-4bb5-a621-87712ae47c32.png,normal
5ea661b2-5e91-4d3d-9b17-0efb862434b0.png,pneumonia
4494a1b9-2183-41df-a6fb-4a63ac49b78d.png,normal
329e55d1-2e27-4ffe-95b1-df5f5015aae6.png,normal
93877b26-481b-4d01-9dbe-5f34288ab477.png,normal
9e6eb4fa-abd5-40a7-bd06-5ca016b16021.png,pneumonia
3bf6bb05-9ec6-4c32-a8c4-fdd7704c188c.png,pneumonia
7C69C012-7479-493F-8722-ABC29C60A2DD.jpeg,COVID-19
2C26F453-AF3B-4517-BB9E-802CF2179543.jpeg,COVID-19
5fc8af1b-7ebf-4d50-bf28-005bcdf83560.png,normal
aec5b2e5-ceff-4e21-a089-19efcd0c3d45.png,pneumonia
c3853f9a-a16f-4ee4-8bdb-5f636755855d.png,pneumonia
dcb6a72b-1d92-4cdb-aabc-86b408d50d4e.png,pneumonia
f14422e1-ed58-4a91-84f6-82d75ddc0139.png,normal
c322bad3-84f7-4cd0-ad65-7ea7874196bb.png,normal
99432aa3-8d61-4ff2-a79a-f0a0218d6fa2.png,normal
93dae4d4-9f5a-4554-a882-6e4d3e9b39c1.png,pneumonia
f40574cd-4fc5-43a7-a2e8-8bf66093c80a.png,pneumonia
covid-19-infection-exclusive-gastrointestinal-symptoms-pa.png,COVID-19
b54f130a-94fc-49ae-a6b2-5e1c870720a7.png,pneumonia
39EE8E69-5801-48DE-B6E3-BE7D1BCF3092.jpeg,COVID-19
fb4d9f1d-83f9-42b6-9237-0b249b610206.png,normal
51e7b3a0-60c7-4dc1-83d6-93eb441a93d2.png,normal
X-ray_of_cyst_in_pneumocystis_pneumonia_1.jpg,pneumonia
c236d6e2-1fca-40c5-a0fe-a91ff60883c9.png,pneumonia
01E392EE-69F9-4E33-BFCE-E5C968654078.jpeg,COVID-19
44b60029-338a-487f-b4a3-7afcaa4f1e41.png,pneumonia
5e875cfe-01a5-4433-a953-f460c315838a.png,pneumonia
pneumocystis-jirovecii-pneumonia-3-1.jpg,pneumonia
d9d7d467-d727-4ab7-9df1-53cebad56ccf.png,normal
right-upper-lobe-pneumonia-9-PA.jpg,pneumonia
f1c3f262-dcfd-4904-b108-38d3479e3201.png,pneumonia
e01bd4b1-8c24-4fd7-9b8a-7888f52bfd80.png,normal
SARS-10.1148rg.242035193-g04mr34g04b-Fig4b-day12.jpeg,pneumonia
pneumocystis-jirovecii-pneumonia-3-3.jpg,pneumonia
699aa162-5dfe-487a-a8e5-5ca7fa3efa20.png,pneumonia
9d33381f-6428-462c-a2bf-2b87d276f0eb.png,pneumonia
57bd0264-c56d-4266-b74a-b731212b6037.png,normal
97f73d62-da83-4f04-a80a-ba7f28c3e87e.png,normal
a422ca04-b11f-4995-a7b7-a9f4c0988f30.png,pneumonia
7de9b008-f6a8-4101-965d-8590ceaa808a.png,normal
171648d9-c749-4146-8e2e-2a9aa775eaf9.png,normal
b51f21e0-4a3a-4b16-bdaa-c8e0e4e2f8c6.png,normal
fff49165-b22d-4bb4-b9d1-d5d62c52436c.annot.original.png,COVID-19
covid-19-pneumonia-20.jpg,COVID-19
ffd787b6-59ca-48cb-bd15-bcedd52cf37c.png,pneumonia
94587397-55fa-4ba5-820d-acbcf806c00c.png,normal
ba278d92-c5ff-44f4-b1b8-7d3454df7e54.png,pneumonia
pneumonia-7.jpg,pneumonia
81bdc34f-f523-4228-a924-6f587daa70b7.png,normal
covid-19-pneumonia-41-day-0.jpg,COVID-19
f0163438-7fad-4c43-b49d-ae23beea475c.png,pneumonia
pneumocystis-jiroveci-pneumonia-4-L.png,pneumonia
17dcf534-9163-4887-ad53-18e99fc28aa1.png,pneumonia
ff21f6b8-5ebc-4097-a402-54d203884923.png,normal
a4ac5fc1-dbc7-4380-8265-04e05f959c0e.png,pneumonia
1.CXRCTThoraximagesofCOVID-19fromSingapore.pdf-003-fig4a.png,COVID-19
a0147f56-89fe-488b-9cc1-25991378d532.png,normal
1.CXRCTThoraximagesofCOVID-19fromSingapore.pdf-000-fig1a.png,COVID-19
3c8cc0d1-be7f-493d-9570-542d851f623b.png,pneumonia
E63574A7-4188-4C8D-8D17-9D67A18A1AFA.jpeg,COVID-19
9C34AF49-E589-44D5-92D3-168B3B04E4A6.jpeg,COVID-19
covid-19-pneumonia-14-PA.png,COVID-19
0c049df6-5c1d-4460-8f66-2583e86364f6.png,normal
c14d9ceb-019f-45f6-9299-281b58de57df.png,pneumonia
covid-19-pneumonia-22-day1-pa.png,COVID-19
3b94276b-4b65-4339-a629-0500f0171c45.png,pneumonia
ryct.2020003.fig2-b.png,COVID-19
7dd58e18-0ecc-4c3a-bd31-a27f8cbf7a74.png,normal
0a578f72-dced-4550-8851-d8005549b724.png,pneumonia
5e6dd879fde9502400e58b2f.jpeg,COVID-19
fffba05a-1635-4545-9bbd-57ad4cfe8d27.png,normal
d6eb6ef4-09b0-408b-a07c-d66d7af6e700.png,normal
a85fcd51-0b79-452d-8afa-05d90cdeedcf.png,pneumonia
1.CXRCTThoraximagesofCOVID-19fromSingapore.pdf-002-fig3b.png,COVID-19
pneumocystis-jiroveci-pneumonia-2.png,pneumonia
734b9290-8d34-4d42-9d2b-1b3bdb98c373.png,pneumonia
auntminnie-c-2020_01_28_23_51_6665_2020_01_28_Vietnam_coronavirus.jpeg,COVID-19
a1117fae-52ac-4367-a7b9-f1ecf3991ac6.png,normal
923aa86d-acd7-4115-93a5-23c88ff5cf60.png,normal
6365ff26-72cf-4428-8610-66aab9c787c9.png,pneumonia
353889E0-A1E8-4F9E-A0B8-F24F36BCFBFB.jpeg,COVID-19
1617a0bd-1dcf-45a5-8f0c-e0fcbadd48ce.png,pneumonia
750d6b01-4273-43b2-8de8-500e738cb257.png,pneumonia
ab6f5973-db3c-4c21-8981-189792ea16ee.png,pneumonia
radiol.2020201160.fig3b.jpeg,COVID-19
nejmoa2001191_f4.jpeg,COVID-19
b1aa5bb6-f2c8-4d3e-a3cf-df22a5d5fa67.png,normal
6e5571f8-ebf5-41f3-88e3-2e78a6dd5f0f.png,pneumonia
766b8aea-3b43-4a34-b675-09f373ca066b.png,normal
a7b3ecba-37f0-4bf5-ad2e-5ddb4416d19c.png,normal
864436dd-976d-45ad-b6c7-1bfe927c3d69.png,normal
covid-19-pneumonia-24-day12.jpg,COVID-19
covid-19-pneumonia-28.png,COVID-19
03d5bd1e-47f5-43cd-a94a-6ed6e456646f.png,pneumonia
03BF7561-A9BA-4C3C-B8A0-D3E585F73F3C.jpeg,COVID-19
8eabc9fc-174a-4019-b8f2-d67bd6013b47.png,pneumonia
covid-19-pneumonia-7-PA.jpg,COVID-19
bc57e179-afc4-4b32-9294-2e3e0be31da3.png,normal
351d5ab2-c3a6-40ed-baf5-b4a68f45eb4e.png,pneumonia
75ed8091-a23e-4dba-84fa-014f5920e9a5.png,normal
covid-19-pneumonia-22-day2-pa.png,COVID-19
1aea68e3-a8b7-4402-92a5-16a1f23c6d4a.png,pneumonia
8FDE8DBA-CFBD-4B4C-B1A4-6F36A93B7E87.jpeg,COVID-19
be309060-220f-445f-9aa5-4a8825783fb2.png,pneumonia
ffc3fc59-f046-48b8-b7ad-3a9e07362d0c.png,normal
65baf406-5fa2-4596-a875-b3a812207328.png,normal
radiol.2020200274.fig3d.png,COVID-19
fd5cc454-f85b-464d-a04f-09d46a86d200.png,pneumonia
e03b2ae0-a0a7-41d8-a6b1-dac421515a27.png,pneumonia
a1eb8477-6320-4944-a0b1-eeaf21f2738f.png,normal
fbd611c7-629b-4f62-a9b2-cc5620627c4d.png,normal
847ae038-9936-45f2-b4e2-a5f2ae396b5d.png,normal
41c58e05-2844-472a-8e46-74e5eb4edf43.png,normal
CD50BA96-6982-4C80-AE7B-5F67ACDBFA56.jpeg,COVID-19
radiol.2020201160.fig2b.jpeg,COVID-19
97c4d952-46d1-4d31-b8ef-2b555e7ceb2b.png,normal
pneumocystis-carinii-pneumonia-1-PA.jpg,pneumonia
8ccfe877-bac4-41f7-b7d2-391852bd3c76.png,normal
e905c80c-8208-4e4d-8282-a73a573f39fd.png,normal
post-intubuation-pneumomediastium-and-pneumothorax-background-covid-19-pneumonia-day1.jpg,COVID-19
a3729a13-c791-4f7b-bd48-fbaf4f7fc0e4.png,pneumonia
987d7028-3873-4b8c-aa45-d3f52f3501ed.png,pneumonia
3abb7176-035d-46cc-844e-820870e8154b.png,pneumonia
2a740d72-0dc4-4439-93ed-60cad708d7c4.png,normal
ryct.2020200034.fig5-day4.jpeg,COVID-19
e0a86d60-2d8c-4e72-acd8-ccf7924bdefa.png,normal
bb8367d7-725f-46e9-afd8-90e89043b032.png,pneumonia
d639b44e-32ea-4719-a519-daca89e77596.png,normal
f3a8dd37-68a7-439e-8511-92f264205a75.png,normal
3b6a7c3f-6628-43e9-a4b9-227a7d6b7ef8.png,normal
3d66d844-5dd3-4af8-8970-7dfc8e946d98.png,normal
8dfc7217-277e-4bba-87bd-4dacffd667d0.png,normal
d5bf0dbb-c132-42b8-9ed7-4188d0698fd9.png,normal
da9bfdb4-a34a-4014-a4a3-b2687aef0166.png,normal
eaae0864-798c-4b37-a40f-36d5a573e467.png,normal
c0018701-b726-4c75-b5fb-686be2d8b00d.png,pneumonia
wong-0000.jpg,pneumonia
98d96d73-2a33-45a0-a242-dbbad2f2e579.png,pneumonia
89218251-8007-42b6-8099-324efa7c75f6.png,normal
ee4bf94c-e2eb-4ebf-9246-f5f611cd77d8.png,normal
a139ba14-0e47-46d1-aa09-b9b29b43e4c7.png,normal
180edf81-c77b-415e-a34f-da706c7794c9.png,normal
ddc4204d-175d-49ed-a0c9-30213b6ae26a.png,normal
ae29aee0-ee78-4cb5-a5c9-4b43913543cd.png,normal
2f686840-18b3-45ac-a2bb-6140e3b0ac73.png,pneumonia
e8ffe2e2-7ded-4a59-b7cd-399940e5f3f1.png,pneumonia
7ef98cac-f239-406e-af10-67aead1e038f.png,normal
d6724bee-d28e-4b34-8813-52a86955fa72.png,pneumonia
1.CXRCTThoraximagesofCOVID-19fromSingapore.pdf-002-fig3a.png,COVID-19
2966893D-5DDF-4B68-9E2B-4979D5956C8E.jpeg,COVID-19
b804e2e7-2c39-45fa-a21b-0e225df9ddf0.png,normal
400ca4f8-95cc-4c78-acbc-c86ec651ffef.png,normal
db943ed0-fd26-4741-959c-4f0b2b0e61a6.png,normal
fbf900a9-0991-45d9-8bdc-b451f2671492.png,normal
c2802780-8f5c-4240-8d71-0be1664a8b6f.png,pneumonia
18774506-f9cb-497c-898f-0bade580f342.png,pneumonia
f5dc76a7-237a-419c-a28a-c3fc7ff43b65.png,pneumonia
80e0e01a-b0cd-46f1-99dc-d3e966e542c6.png,normal
covid-19-pneumonia-24-day7.jpg,COVID-19
3e9dc5b9-1b7a-4e9f-a8aa-d28fc622f595.png,normal
67ce8121-c2fd-493a-ae78-f256b3c1b0f0.png,pneumonia
f2d58e86-1fcb-48c5-9a6d-a23966e7720b.png,pneumonia
4b57dece-117e-4f02-abf7-ee0c61bd7272.png,normal
6bd0ab39-ea0b-443b-add0-511d8b4028dd.png,normal
radiol.2020201160.fig3c.jpeg,COVID-19
9ce327fa-5175-4606-8905-c13be4264855.png,normal
824a4fda-1ff7-4ab9-bf6e-21fe6fa37f67.png,pneumonia
15cdf6d4-2978-4b2c-8b9a-0f3213370294.png,normal
350f6ea5-e123-4a2b-935d-b48fcbf0c17a.png,normal
f26f795e-e989-40ce-a076-5763295ce46b.png,pneumonia
auntminnie-b-2020_01_28_23_51_6665_2020_01_28_Vietnam_coronavirus.jpeg,COVID-19
3d0b66d4-1954-4454-95e6-e3888e596bac.png,pneumonia
e1297bf9-390d-4d7e-b902-4b02005a0d4f.png,pneumonia
a0fc511b-7483-46a6-9591-46f6c73f87e9.png,pneumonia
bffde351-7ccf-49cd-aa8b-893c7d359e29.png,pneumonia
bfd06e37-e927-4000-88f6-e84dd8744cee.png,pneumonia
d73a6fca-3ece-4c87-83da-cc0c3ff5ad8b.png,normal
covid-19-pneumonia-20-pa-on-admission.jpg,COVID-19
bdef94bc-4e2e-4df3-b06e-126aed15846a.png,pneumonia
1-s2.0-S0929664620300449-gr2_lrg-a.jpg,COVID-19
F63AB6CE-1968-4154-A70F-913AF154F53D.jpeg,COVID-19
bd6d2577-284d-42fc-bbb6-b18672cc1661.png,normal
ryct.2020003.fig2-a.png,COVID-19
984a4270-8dc0-47eb-aea8-55e56aacb89c.png,normal
covid-19-pneumonia-rapidly-progressive-3-days.jpg,COVID-19
6ccf77da-c917-4fc1-8bf7-f0e7bfd3acf4.png,pneumonia
39e0da85-7c4a-4309-9fc3-26fa0f56f950.png,normal
wong-0005.jpg,pneumonia
covid-19-pneumonia-19.jpg,COVID-19
ryct.2020200034.fig5-day0.jpeg,COVID-19
ccfe0d0f-f75e-48ef-b754-4c2030a94c7b.png,pneumonia
figure1-5e75d0940b71e1b702629659-98-right.jpeg,COVID-19
pneumocystis-jirovecii-pneumonia-3-2.jpg,pneumonia
b29dcdc8-57c8-443a-a69c-615fa7dc9973.png,pneumonia
1c45bb74-d61c-4b2a-80eb-b4ab0d8ce3ea.png,normal
659ecb83-6644-41c9-847f-20edb3d63a07.png,normal
1b57f09b-5884-48b6-b7b5-2b3a323280b7.png,pneumonia
7E335538-2F86-424E-A0AB-6397783A38D0.jpeg,COVID-19
7D2CF6CE-F529-4470-8356-D33FFAF98600.jpeg,COVID-19
pneumococcal-pneumonia-day35.jpg,pneumonia
987237ff-671d-4142-93de-64036ccc6d8d.png,normal
radiol.2020201160.fig3d.jpeg,COVID-19
5ac3eb19-45d8-4305-95b9-ffd4b181e246.png,normal
8f8a8f8c-b8dd-448a-a4a7-81725240f1cb.png,normal
073102b7-565c-460a-9b69-13e2f34c4ee9.png,pneumonia
5638cc31-f018-4701-a668-b98eac35a0b8.png,normal
9b72e9f6-1001-4372-9120-951dab8c68eb.png,pneumonia
SARS-10.1148rg.242035193-g04mr34g0-Fig8a-day0.jpeg,pneumonia
bd910308-50e2-4012-aa3b-f01e35314a2f.png,normal
b4686a9f-c3a6-4cba-9400-b35ba566b74e.png,pneumonia
6b2e1586-e6d6-4df6-89ce-06d8f4698cac.png,pneumonia
d57ea738-4067-4bef-a751-088905ca5889.png,normal
d6f2bc24-e0fc-46b6-a633-cf181e6882d9.png,normal
7bfcdf16-2730-4b80-bebb-d5889a8fa71e.png,pneumonia
figure1-5e71be566aa8714a04de3386-98-left.jpeg,COVID-19
b903affb-9f24-4816-9141-164181d4d3ca.png,pneumonia
d85118d0-c7de-4397-a6da-b60ff8a249f0.png,pneumonia
covid-19-pneumonia-49-day8.jpg,COVID-19
037e120a-24fa-4f9c-8813-111136e3c288.png,normal
nejmc2001573_f1b.jpeg,COVID-19
54a2c7b2-89dc-4f5a-b148-41be979cf90b.png,normal
0638709c-d31d-4a59-a9e4-fc408ae36145.png,pneumonia
b02fea6c-41b4-47e7-8c70-d20b005063bd.png,pneumonia
fe79ab03-4727-45c9-9c42-813f2b34f111.png,pneumonia
4bfc4e8c-ee7b-4997-bcdd-e0734cba30b9.png,pneumonia
b64e0ee1-82db-47fa-a91a-f1e187f84696.png,pneumonia
3b7f8762-a4db-472d-bdf2-baad45d06f86.png,normal
SARS-10.1148rg.242035193-g04mr34g09c-Fig9c-day27.jpeg,pneumonia
62a1b378-446c-4584-b676-031eb3dec138.png,normal
8b8369dc-4085-4e1d-b1ca-5e1de60c15f0.png,pneumonia
nCoV-radiol.2020200269.fig1-day7.jpeg,COVID-19
6629a45f-b1e4-4be1-844b-15371e8b5a79.png,normal
18229219-aeb9-4687-ad23-29bed791d76e.png,pneumonia
5CBC2E94-D358-401E-8928-965CCD965C5C.jpeg,COVID-19
873e1556-1944-42e3-9267-c3bad3387973.png,normal
89692e2b-c54d-4104-acba-8ff010111524.png,pneumonia
43657240-4017-47d2-9874-d1d73bcb79bb.png,normal
kjr-21-e25-g001-l-a.jpg,COVID-19
covid-19-pneumonia-44-day-0.jpeg,COVID-19
7619f134-bdc9-4164-a0b7-cd9a7dd64855.png,normal
lancet-case2a.jpg,COVID-19
9a7493e4-4a5b-4fcd-a3bb-13e724d02ace.png,normal
41ae4051-01a6-4b63-bfea-e355ba3c1413.png,normal
jkms-35-e79-g001-l-b.jpg,COVID-19
ryct.2020200028.fig1a.jpeg,COVID-19
a7c3b865-bffc-4fbe-bcff-46d9cf0de9b3.png,normal
ae8452fb-7e67-467b-9202-24dd2cd71610.png,pneumonia
ae47e8ca-08cf-432e-8f3f-bbfc8413570d.png,pneumonia
nejmoa2001191_f5-PA.jpeg,COVID-19
9e0e05ef-1c6a-4883-957e-f36f5c59b9ad.png,pneumonia
SARS-10.1148rg.242035193-g04mr34g07a-Fig7a-day5.jpeg,pneumonia
A7E260CE-8A00-4C5F-A7F5-27336527A981.jpeg,COVID-19
7828ad2d-6180-4903-aee4-e63fe42e63dc.png,pneumonia
auntminnie-a-2020_01_28_23_51_6665_2020_01_28_Vietnam_coronavirus.jpeg,COVID-19
41591_2020_819_Fig1_HTML.webp-day5.png,COVID-19
5a650a62-b6ef-4600-839b-5affbc7522fb.png,pneumonia
2af7c7b5-4b57-470a-9b31-1f167e3e500a.png,pneumonia
ada57dae-a677-4d5e-a9b5-1143893e9154.png,pneumonia
covid-19-pneumonia-evolution-over-a-week-1-day4.jpg,COVID-19
53e69b04-f8ec-467c-911d-a039065ec631.png,pneumonia
f8339422-793f-40c2-8fec-34f8aa036bb0.png,normal
f7f3e746-b2d6-47e8-87fd-e7d9db9b1836.png,pneumonia
3f5d46e2-0430-450d-ad40-6b905b283b5e.png,pneumonia
F4341CE7-73C9-45C6-99C8-8567A5484B63.jpeg,COVID-19
0cbf3284-5b78-4e23-bffd-e546f7e76da9.png,pneumonia
223d7974-cb7f-47bb-9502-d91b363153dc.png,normal
B59DD164-51D5-40DF-A926-6A42DD52EBE8.jpeg,COVID-19
756e9d90-e995-43af-ba83-309c2d01b10d.png,normal
37da4826-2d0a-41dc-8a81-720bef416a37.png,pneumonia
1-s2.0-S0929664620300449-gr2_lrg-d.jpg,COVID-19
3be6cdab-6c53-43c9-ac23-901a8dbd281e.png,pneumonia
covid-19-pneumonia-30-PA.jpg,COVID-19
ae76e24d-14d2-4937-aaae-3a2b0aa0e2c6.png,pneumonia
46baab38-2341-4b1b-bd3c-fb16e4b1237f.png,normal
covid-19-infection-exclusive-gastrointestinal-symptoms-l.png,COVID-19
e063b161-8c89-4324-92df-d99acbe65aa2.png,pneumonia
aadba986-0054-4cc9-abf2-48e2c5399b46.png,normal
94211273-5b21-47fa-bbe0-7496e66672ac.png,pneumonia
35061124-9245-4434-b165-b89aef28bb75.png,pneumonia
pneumocystis-jirovecii-pneumonia-2.jpg,pneumonia
72a5d9ae-5195-446b-8ca4-42958f92a491.png,normal
362c13d9-0606-4ce4-8c29-01c7fbb846cf.png,pneumonia
b87a9ec5-6c95-42ac-82d8-af66a712ff60.png,pneumonia
ceb903e7-cdbd-4e62-aca0-00c255736807.png,pneumonia
6a7238bd-db2b-4a24-92a3-e6fc3ab076d7.png,normal
figure1-5e7c1b8d98c29ab001275405-98.jpeg,COVID-19
5aef8439-6fc5-45c0-9e52-1524f62a69f2.png,normal
5e7119eb-01fd-4797-8125-b71320d1efd4.png,normal
SARS-10.1148rg.242035193-g04mr34g09b-Fig9b-day19.jpeg,pneumonia
1ce726b3-b936-450e-9c4a-90646b5fd001.png,normal
37c1ff63-3e09-4419-8b98-3a981ea916d9.png,pneumonia
covid-19-pneumonia-2.jpg,COVID-19
35dc2301-0e1e-4d37-8926-350cd1be37ca.png,pneumonia
a67be9a7-9130-4e1b-a7a1-1f137ffddb7d.png,pneumonia
fc0ea5f7-1b7f-4de7-96b6-a9016cec14cc.png,normal
80446565-E090-4187-A031-9D3CEAA586C8.jpeg,COVID-19
4721a511-43ae-4f06-99f6-724174a6da03.png,normal
52a5cd5f-3a94-40f5-bfbb-6a5bddba5848.png,normal
d173cb76-6a90-471e-bb22-dbe16573ce6c.png,pneumonia
nejmoa2001191_f3-PA.jpeg,COVID-19
9af14d00-2e50-477a-8d0e-2e2c59f89188.png,normal
d462f0a2-a21c-4f17-b277-a1e2e214c654.png,normal
1555c17d-994a-4400-b62b-4b53fc727da3.png,pneumonia
7d88aae7-e8a9-4f56-985a-72f238754764.png,normal
1.CXRCTThoraximagesofCOVID-19fromSingapore.pdf-003-fig4b.png,COVID-19
c4beaa39-4902-43c5-a7e0-179e6e8bbe28.png,pneumonia
8a6e99cb-c4d3-4d1c-9def-3d061dc52edb.png,normal
ce30917f-c3bf-47fa-ab69-a1062f387f3a.png,normal
cavitating-pneumonia-4-day28-PA.png,pneumonia
pneumocystis-pneumonia-8.jpg,pneumonia
radiol.2020201160.fig6b.jpeg,COVID-19
covid-19-pneumonia-evolution-over-a-week-1-day3.jpg,COVID-19
radiol.2020200490.fig3.jpeg,COVID-19
656586ac-36bb-43b7-9858-93885d5b1f07.png,normal
89ae6072-d856-4254-bd43-8a625c4483aa.png,normal
1F6343EE-AFEC-4B7D-97F5-62797EE18767.jpeg,COVID-19
pneumocystis-pneumonia-1.jpg,pneumonia
84032d11-9143-45a2-b3e9-955f9dc4b497.png,pneumonia
e43e6efe-9caa-4885-9030-cd0b917e448b.png,normal
bb1648ed-992f-482f-b3a7-0a21237c8972.png,pneumonia
93FE0BB1-022D-4F24-9727-987A07975FFB.jpeg,COVID-19
1.CXRCTThoraximagesofCOVID-19fromSingapore.pdf-001-fig2a.png,COVID-19
089df963-c3c7-499c-afd8-2b0f9224c442.png,normal
55204bb8-89fc-449d-8563-e91654abea9d.png,normal
5862283f-aab7-4574-a235-729db2f8e377.png,normal
9eaa33ae-f5c4-4c9e-a200-7708a7ef9006.png,normal
1B734A89-A1BF-49A8-A1D3-66FAFA4FAC5D.jpeg,COVID-19
924f4f8b-fc27-4dfd-b5ae-59c40715e150.png,pneumonia
4e43e48d52c9e2d4c6c1fb9bc1544f_jumbo.jpeg,COVID-19
covid-19-pneumonia-34.png,COVID-19
d9763aaf-7377-45e0-a112-2ad0f3bb73ef.png,normal
aaf271c4-df7a-477f-a609-4dca15b54649.png,pneumonia
81bbeca6-83e5-41b0-9949-24169a2c8c51.png,pneumonia
b5022e52-4742-4b8c-b432-487fd9a9dbfe.png,pneumonia
c589810a-3630-47c3-8c0c-fc54350ed844.png,pneumonia
3ea80a73-44fc-4b9e-946a-ebd620e004fe.png,normal
a4b7d67d-7e52-4b14-9897-4fa498b25d0a.png,pneumonia
1561af3e-022a-448f-a729-2c4ba5546aa3.png,normal
B2D20576-00B7-4519-A415-72DE29C90C34.jpeg,COVID-19
85E52EB3-56E9-4D67-82DA-DEA247C82886.jpeg,COVID-19
68d9ff29-877f-4d6f-af4c-c831c7c72966.png,normal
e2fbe7af-e71f-40e5-9cf1-2c41caea4527.png,pneumonia
3d8b3936-bbcc-4700-999f-0c2129d07997.png,pneumonia
88eab2fe-0e34-4c90-ad6c-3c7eab376c74.png,normal
83a9ae1b-36be-4a4c-a0cf-00e76a4f0463.png,pneumonia
659d9a24-907f-4e4f-b9bb-138cd3004dae.png,normal
7AF6C1AF-D249-4BD2-8C26-449304105D03.jpeg,COVID-19
34985379-397f-4afb-9ca7-538cc629703b.png,pneumonia
2bd26d4b-b499-49e8-ad56-a20232b01af3.png,normal
SARS-10.1148rg.242035193-g04mr34g09a-Fig9a-day17.jpeg,pneumonia
2f8bdf8a-af90-43bf-8d5d-0b434cca29f9.png,pneumonia
577c1d51-14c5-450c-b936-33e259a1bca3.png,normal
3b1a0e72-4870-4927-8171-293f1a767bde.png,pneumonia
3cdfc137-9edc-4905-b185-b27d77cea721.png,pneumonia
a1636190-b05f-47c4-b14a-819f66d319e3.png,normal
covid-19-pneumonia-rapidly-progressive-admission.jpg,COVID-19
7c39b797-9f03-44ba-ba1f-60763e865923.png,normal
33edceb6-b8c3-4d4b-84af-f755b48f9cdf.png,normal
99239481-5f84-4fe9-aa79-dfa79d3e7ae0.png,pneumonia
e2a8cad0-7dd0-4d15-83ac-5414e0fe9759.png,normal
d599cb5c-08fa-4366-bdf2-b06d1116cd59.png,pneumonia
covid-19-pneumonia-38-pa.jpg,COVID-19
a25b612b-59c5-4401-a60e-bf3720be8d25.png,normal
SARS-10.1148rg.242035193-g04mr34g04a-Fig4a-day7.jpeg,pneumonia
jkms-35-e79-g001-l-a.jpg,COVID-19
2cf61db7-101c-4430-ae32-949b5a62f653.png,normal
7acd0af3-76d5-4cc3-8fd6-102b8ea4ce04.png,normal
auntminnie-d-2020_01_28_23_51_6665_2020_01_28_Vietnam_coronavirus.jpeg,COVID-19
ae77fb82-6cd1-4a22-8224-8ad1c359fd5e.png,pneumonia
9fdd3c3032296fd04d2cad5d9070d4_jumbo.jpeg,COVID-19
4dbc6799-0777-4982-b20d-094b070218c2.png,normal
radiol.2020201160.fig3a.jpeg,COVID-19
covid-19-pneumonia-rapidly-progressive-12-hours.jpg,COVID-19
82b9a505-f0ed-4bdd-a3d8-be9b13d720d7.png,pneumonia
b4e70e4e-13ad-45e3-9ed5-a6619e4670f1.png,normal
275f9fff-2439-4f3f-9c48-7c21f348701a.png,normal
figure1-5e73d7ae897e27ff066a30cb-98.jpeg,COVID-19
6325a116-aefd-48b2-8ab3-f10f2e24f4b2.png,normal
ryct.2020003.fig2-c.png,COVID-19
905cf7dc-9b4f-4c3d-816c-65c3b6be7237.png,pneumonia
55f2867a-5c49-4ea2-a9d7-9f8bb977222c.png,normal
acc17db4-7fc3-4657-a8c1-0555bcbeba48.png,pneumonia
749fbf6d-b0ea-4118-91c7-a47d9d704f62.png,pneumonia
18f8382a-edb1-4e16-b0a0-9cccf86a895c.png,normal
0bdc1ef9-6431-4164-9110-c26fe26ab2a9.png,normal
568e580f-c31b-4e58-9821-b6b822e3f8ec.png,normal
6994fbce-49a6-4a03-9acb-bfb97be75106.png,normal
1312A392-67A3-4EBF-9319-810CF6DA5EF6.jpeg,COVID-19
501826b8-9e76-4d98-a812-855d1c09e5f7.png,normal
covid-19-rapidly-progressive-acute-respiratory-distress-syndrome-ards-day-1.jpg,COVID-19
da9e9aac-de8c-44c7-ba57-e7cc8e4caaba.annot.original.jpeg,COVID-19
e43aae06-f1d4-4d81-94e0-a41518a24f3f.png,normal
