filename,class
figure1-5e73d7ae897e27ff066a30cb-98.jpeg,COVID-19
c9cd4d25-9d6c-48d6-bcfe-5b1382a2065e.png,pneumonia
SARS-10.1148rg.242035193-g04mr34g0-Fig8c-day10.jpeg,pneumonia
86d81c2a-dbcb-4fc5-aba5-023108f1ef1e.png,normal
bf10ff6e-fc24-4cfc-9b5f-7a156608dc1a.png,pneumonia
bc234c2b-96aa-4263-931b-b7420c235daa.png,pneumonia
8FDE8DBA-CFBD-4B4C-B1A4-6F36A93B7E87.jpeg,COVID-19
feeae8c2-49ec-4ef9-8ad2-7e29b3dfd617.png,normal
cf417f5d-5b23-47e0-a1ea-69e79994d31c.png,normal
3fff0799-2364-415a-a5c4-7e16ec74a9d9.png,normal
covid-19-pneumonia-rapidly-progressive-admission.jpg,COVID-19
kjr-21-e25-g001-l-a.jpg,COVID-19
b541091c-8437-407d-be64-2440a01b33e8.png,pneumonia
afbd53b1-ea57-4201-9690-9e2bba0002ae.png,normal
6481b010-dd4c-485b-b01f-79ae3cd5b9b0.png,normal
a0a71a00-791f-4b4b-b97a-b533304d4bb7.png,normal
fee03015-e202-4e2e-b72e-2a72f0052fc6.png,pneumonia
8d76ff2c-da0c-49dd-95cd-21d753f0495d.png,pneumonia
9d021f29-5ab1-4713-a377-3cd80baaa477.png,pneumonia
827d6b20-ff1b-4db7-816a-96c333375b08.png,normal
af1d168c-4850-41e1-85b8-ff8fc645e671.png,normal
b5463e1b-58dd-4541-823a-6b29bb1c3ae2.png,pneumonia
6f5d9135-ffc5-4076-872d-ba8a5bf7e8e4.png,pneumonia
d0d7dab6-1938-4859-beca-987458d20699.png,pneumonia
covid-19-pneumonia-8.jpg,COVID-19
81bb8c21-7660-4f78-bcb7-1ceb2347f2a8.png,pneumonia
1.CXRCTThoraximagesofCOVID-19fromSingapore.pdf-000-fig1a.png,COVID-19
64be5fab-9938-4e79-9633-1aa4ee33ebf5.png,normal
611a59c3-68d4-48fd-84d9-74f67339b5e1.png,normal
covid-19-pneumonia-14-PA.png,COVID-19
9bcff9c8-1eac-4ce1-a580-22362b3c9596.png,normal
covid-19-pneumonia-22-day1-pa.png,COVID-19
7D2CF6CE-F529-4470-8356-D33FFAF98600.jpeg,COVID-19
radiol.2020201160.fig2b.jpeg,COVID-19
b6acb029-963f-481c-81e3-f5f4f79ff7c6.png,pneumonia
post-intubuation-pneumomediastium-and-pneumothorax-background-covid-19-pneumonia-day7.jpg,COVID-19
e925f4f9-e253-4805-8662-583382f74280.png,normal
92ef9a59-d770-40b6-9ef5-2f909d6cc1c8.png,normal
08845a57-ec6b-4efc-b919-6020dc4460b9.png,normal
6C94A287-C059-46A0-8600-AFB95F4727B7.jpeg,COVID-19
afa1bff5-3158-4bd5-bfe4-e85bcd3577d7.png,pneumonia
45f5be4c-3a09-42e2-a9aa-beaa6ec22039.png,normal
0e4f5b45-1fa4-406b-8ed8-d5ced6374c0d.png,pneumonia
ca885dac-ceb4-4768-927f-260f7dee121a.png,normal
aaa7c198-f317-4525-a6ba-af842e37ded7.png,normal
84fc2a49-5501-4762-ac20-f10d10f5bb41.png,normal
779a894a-1985-40d3-82c2-271a397c5360.png,normal
99122ea2-e76e-4b70-bfd9-350b8af5691a.png,pneumonia
31d34fd3-7d8f-4b3d-86bc-6b060f20d8ee.png,pneumonia
972128de-cda3-4ede-a5a1-61c05bfe49b2.png,pneumonia
43d80aad-ae7f-4f59-97b5-7bcfe1203fdb.png,normal
jkms-35-e79-g001-l-b.jpg,COVID-19
a8fc77b2-a30c-4360-b716-74bb97685c58.png,normal
6ab78b00-c23a-4eef-b0c7-d9d6f684faaa.png,pneumonia
41591_2020_819_Fig1_HTML.webp-day10.png,COVID-19
ba8319df-f8e3-45cc-95a5-68f9d0624bf5.png,pneumonia
2C10A413-AABE-4807-8CCE-6A2025594067.jpeg,COVID-19
4e50b388-eaea-40ff-abbe-d0e05e923b2b.png,normal
SARS-10.1148rg.242035193-g04mr34g0-Fig8a-day0.jpeg,pneumonia
7a109b90-e79b-4297-ba29-a143838692ba.png,normal
4d3c3af5-d797-41b1-b05a-23468edd050a.png,normal
32307e74-5fa6-4aaf-acef-474a8807faec.png,normal
5c4d70d3-589f-47a8-af27-df44b17867a6.png,normal
ab7845aa-22e1-4ecd-8abe-6a3707de2614.png,normal
cf0f4eb7-c01f-4e8b-9dc2-8a95df37b8de.png,normal
8a108521-47c7-486f-b172-f1c3c3252fc8.png,pneumonia
3fbd74df-08fb-4145-abdc-5e27828b3d30.png,pneumonia
b7667cf1-104d-4413-93bc-49b1e9613e4b.png,pneumonia
2B8649B2-00C4-4233-85D5-1CE240CF233B.jpeg,COVID-19
aebb193e-64ef-4368-b139-c0ee72709945.png,pneumonia
5cdfd088-5bfe-4f37-a5cc-765a54c8e2c6.png,normal
dd750112-f5ae-4797-bcfa-84f3f8f7e8e4.png,normal
b44b65e1-7382-4aa6-8d87-fe6d7b4f1a17.png,pneumonia
ccee103f-fd2f-44b1-a14d-5f78c7073868.png,pneumonia
6e79d058-f131-42b2-8968-0a4665d71be5.png,pneumonia
6aefeac2-d497-47c9-939d-5558d039ae1a.png,pneumonia
pneumocystis-carinii-pneumonia-1-PA.jpg,pneumonia
eec8e710-926d-4a7e-9500-51ab5722a3a4.png,normal
625f584b-0262-4acd-85df-f299c9ca5e83.png,normal
E1724330-1866-4581-8CD8-CEC9B8AFEDDE.jpeg,COVID-19
ryct.2020200034.fig2.jpeg,COVID-19
854290ba-d47b-457b-949e-c86f0e7e5143.png,pneumonia
8d33c03b-b7a1-4e67-8924-2854f2112d24.png,normal
40668cfa-55dd-40a3-86c4-805dd9d32202.png,pneumonia
pneumocystis-jirovecii-pneumonia-3-2.jpg,pneumonia
54f6c438-e545-4474-9c62-29c173fc5e7c.png,normal
SARS-10.1148rg.242035193-g04mr34g09a-Fig9a-day17.jpeg,pneumonia
97734238-24dc-4e8d-9cbd-2f3bbc5bebab.png,normal
b7ad09f7-fe23-4f2a-bf41-d2c6dcdc4a06.png,pneumonia
SARS-10.1148rg.242035193-g04mr34g04b-Fig4b-day12.jpeg,pneumonia
78c9057c-9d17-4124-9e6a-a634ab85275e.png,normal
ryct.2020200034.fig5-day4.jpeg,COVID-19
59107a2b-10d8-4c2f-90b6-ef6c6a8e4d83.png,normal
bace143d-57f3-4514-8fc2-a69a9e7e11e0.png,normal
fd301529-5fda-4251-b01d-b879cdc0bbe5.png,pneumonia
pneumocystis-jirovecii-pneumonia-3-3.jpg,pneumonia
b5bff695-a9d3-49c9-b25e-a64a8956f79e.png,normal
ef0fe9c2-fb59-4631-86ec-c47020ff231b.png,pneumonia
17bd6f06-c2f5-4640-bfa3-b3777a6a1a0a.png,normal
a73a46b2-fcef-41ad-a292-60df60ebba72.png,pneumonia
013c7df0-d66d-4cb1-b3bc-a70085160311.png,pneumonia
a31468bb-700c-4430-ae7d-8a547db8fa5f.png,pneumonia
7EF28E12-F628-4BEC-A8C5-E6277C2E4F60.png,COVID-19
4e0296ae-1440-4c05-957e-3177134ee108.png,pneumonia
4b8fa5cb-16c1-40e2-8ed4-cd6a40e24049.png,normal
1.CXRCTThoraximagesofCOVID-19fromSingapore.pdf-002-fig3a.png,COVID-19
584b8c84-e2e5-4a88-b650-d97308671fdd.png,pneumonia
f196475e-08d0-4317-88c5-13028e1240a1.png,normal
ec494de2-73b0-4ec6-9038-217175b06392.png,pneumonia
e7311442-71c2-49cf-9c71-188a3169c26d.png,normal
650afcc7-26bd-4f83-b9f4-e0219d836c52.png,normal
34cf21be-6985-4848-bde9-43d6d850630b.png,normal
64236164-d6c9-415a-9e4e-05bbe20591e6.png,normal
85E52EB3-56E9-4D67-82DA-DEA247C82886.jpeg,COVID-19
4e43e48d52c9e2d4c6c1fb9bc1544f_jumbo.jpeg,COVID-19
f046774e-36a2-421b-b916-7fb6b64a375a.png,normal
f4ed7de6-fcbb-425f-9a20-9ef2dda05d78.png,pneumonia
66d0c0c2-6e75-4481-b1aa-1160c602fe68.png,normal
9C34AF49-E589-44D5-92D3-168B3B04E4A6.jpeg,COVID-19
10e2a82e-57bd-480e-9b69-e4ec1565b0ab.png,normal
2d519447-4bcf-42ad-bb28-cf051b649fff.png,pneumonia
7e722f23-4ffe-4448-96d2-a219b56d47ce.png,normal
b3c6be40-8ed6-4fcb-b688-bf1779be8f5d.png,pneumonia
covid-19-pneumonia-49-day8.jpg,COVID-19
1ff1ebfc-d6d4-45bb-9d67-198e7ed13c40.png,normal
nejmc2001573_f1a.jpeg,COVID-19
fc8b3ea6-e7a3-4e17-8dd6-3bb0050e76f1.png,normal
cafd9da1-9949-4f69-a89a-2abd616daa27.png,normal
fa98b567-cb73-4b3a-8c10-dd5c7fd470d2.png,normal
ba14333d-9629-4a0f-9517-b5899fecbe89.png,pneumonia
figure1-5e7c1b8d98c29ab001275405-98.jpeg,COVID-19
pneumocystis-pneumonia-8.jpg,pneumonia
17802f46-96cb-4658-ae3d-16be89ac69f5.png,pneumonia
0b00ec19-0e23-48eb-8936-c03379bf65c2.png,normal
f669b477-d922-45cd-9e15-2e560c8a065e.png,normal
7C69C012-7479-493F-8722-ABC29C60A2DD.jpeg,COVID-19
post-intubuation-pneumomediastium-and-pneumothorax-background-covid-19-pneumonia-day6-1.jpg,COVID-19
ae14bb5d-9134-43ab-ad0a-c44c4e52bd67.png,normal
b3fef4ce-65c5-48c4-8263-81c9e55e3ffc.png,normal
0e7d10d2-e99f-4e30-826c-2d0a18edbc74.png,pneumonia
e16597e4-4bad-4d6b-819a-3f94dac2454d.png,pneumonia
covid-19-infection-exclusive-gastrointestinal-symptoms-pa.png,COVID-19
6dec415e-7e38-493d-b5e3-bd8bbb476984.png,pneumonia
c59c52fb-cd86-43b8-9338-8f2445902cc3.png,normal
f5776e96-52ce-4515-88bf-190ab6e0c816.png,normal
989620ed-615e-47a9-a2be-402c3b6f937e.png,pneumonia
d20baf0b-b7f9-4802-a701-f7d0c9536751.png,normal
0bc7f47a-ecea-4b66-811e-096004721a63.png,pneumonia
8bd092f3-8098-4b44-b0e5-72f8449df38b.png,pneumonia
cb8b5355-24b1-466b-88d6-2328c670f221.png,normal
9c316842-ca47-42ad-95b8-3202dc41494a.png,normal
96f4322f-311d-4f94-8ae3-4876b88c1e96.png,normal
ryct.2020003.fig2-a.png,COVID-19
6083bbb8-b360-424d-af0b-c1fa67057968.png,normal
6906cdfa-c8bc-4e34-99d2-cd71019a2a19.png,normal
B59DD164-51D5-40DF-A926-6A42DD52EBE8.jpeg,COVID-19
c4e96c53-34f7-4607-bab4-45e982079b2b.png,pneumonia
fff0b503-72a5-446a-843d-f3d152e39053.png,pneumonia
80831088-3282-48ff-b886-4b227eaf6ec6.png,normal
b35d3c12-7c68-4747-b4a1-49c291b6ff94.png,pneumonia
55ca872c-8c78-4f06-b0e2-718c2c200e54.png,pneumonia
413b612c-2ac4-40c7-af08-87f4bd7ab4a2.png,normal
5e6dd879fde9502400e58b2f.jpeg,COVID-19
3d59ea9f-a290-492e-8c93-114e488af4c2.png,normal
a962cbf0-73ce-4066-afaf-69f961bbb389.png,normal
5c31a6ea-f629-49e6-9115-11d1fbaf0780.png,normal
5d35aa33-9d71-412e-88d4-5792c7fd216f.png,normal
pneumonia-7.jpg,pneumonia
dd6316d3-b8ff-458b-b81b-f603e7db44e8.png,normal
9042bce5-f59b-4b28-b9af-49dd5a717f5a.png,pneumonia
883dd87d-faa1-4500-a413-15e534941d99.png,normal
9fdd3c3032296fd04d2cad5d9070d4_jumbo.jpeg,COVID-19
17f68ac3-2385-4b13-b8c0-66ba8b343205.png,pneumonia
996a7ea5-69a4-4c40-97f1-eb0cf61d81fc.png,normal
auntminnie-c-2020_01_28_23_51_6665_2020_01_28_Vietnam_coronavirus.jpeg,COVID-19
jkms-35-e79-g001-l-a.jpg,COVID-19
lancet-case2b.jpg,COVID-19
covid-19-pneumonia-20.jpg,COVID-19
radiol.2020201160.fig3b.jpeg,COVID-19
wong-0000.jpg,pneumonia
be1a004a-5911-4b0f-a431-bf909eed1e60.png,pneumonia
5dd76a73-b748-45ad-ab44-248db530ae41.png,normal
ec57c4db-979b-4c76-9ac1-ba07c5a5d781.png,normal
83e0c51c-af5b-457e-849b-bfdf083782ed.png,normal
radiol.2020201160.fig2c.jpeg,COVID-19
covid-19-pneumonia-40.jpg,COVID-19
auntminnie-d-2020_01_28_23_51_6665_2020_01_28_Vietnam_coronavirus.jpeg,COVID-19
0a55219b-5303-4490-b173-6039f355db2f.png,normal
f0e7dd4e-e25c-43b1-a433-4c3189321cf1.png,normal
6CB4EFC6-68FA-4CD5-940C-BEFA8DAFE9A7.jpeg,COVID-19
f137d0ae-b2f7-4fd1-916d-773d4695b626.png,pneumonia
0cac94e3-15f2-4657-beae-b508b5e0d176.png,pneumonia
nejmc2001573_f1b.jpeg,COVID-19
754bdb4f-f279-418b-9b15-24edc96f7e05.png,normal
b49587fd-c948-456d-a393-f6c186978507.png,normal
0927bc1e-e1af-4c7e-93c4-7127d366f57d.png,normal
93550df9-7f67-404f-a974-516acecd5c48.png,pneumonia
d7aa6866-62a8-48cf-9c3f-7d74e62dd771.png,normal
3b8d4df3-3950-412b-9206-1cbb57c7943e.png,pneumonia
pneumocystis-jiroveci-pneumonia-4-PA.png,pneumonia
781c920e-e6fa-409a-9e97-ac57fcaad24f.png,normal
beda57bb-9e10-49f6-80b8-8b910a279648.png,normal
2230de59-e044-4b6d-95c0-1154c0cbb802.png,pneumonia
b52ab92c-9e5a-4db9-98f9-5334f2e409a7.png,normal
b2368b39-bba3-4458-87ed-70c19cc5917f.png,pneumonia
b5a341f2-7bb7-4e29-acad-55c7de8e5fee.png,pneumonia
covid-19-pneumonia-15-PA.jpg,COVID-19
b6e89c3b-bfa5-414c-851c-f155a5127dae.png,normal
covid-19-pneumonia-49-day4.jpg,COVID-19
0aee76d8-e3e0-4150-b645-9a80a2f4208f.png,normal
bac78a9b-fb45-470c-89a8-defdaa3e34fc.png,normal
88f8acdf-7667-46ac-a1e0-b03194181463.png,normal
ffcc35e8-6fe8-42df-9605-9fedf57240d1.png,normal
69ffd6ea-f6f2-408e-a314-eecbd3a3756b.png,pneumonia
91e5caec-93a8-4361-abbe-22fa1bd60c6f.png,pneumonia
3f350a20-291b-4a3c-8e7b-72b885f19ec9.png,pneumonia
cb4f3549-edf8-4eda-9172-64a7af4223dc.png,normal
d4c4d222-b66e-46d0-8324-51d22ec81a9e.png,normal
159eced6-02dd-4c88-ba1e-e34c4c9a00b5.png,pneumonia
ca112a3c-b701-48b8-a94f-725ea65416a7.png,normal
9bb53dc0-28ed-47ed-bff3-9e6cc3c03d62.png,pneumonia
covid-19-pneumonia-rapidly-progressive-12-hours.jpg,COVID-19
172f8b71-1d19-4a36-ae9f-41ae528c72be.png,pneumonia
682449f6-f723-4460-8bb4-03d027449e8f.png,normal
06cf339f-a71a-4177-b950-ae1fdd5f4762.png,pneumonia
e4f05fac-510d-476a-9cc5-26e0fe49955f.png,normal
9b5139bc-fecf-425b-af7b-3572dde705a8.png,normal
45e18056-b7eb-4477-8eeb-7b740b61e093.png,pneumonia
ecc176d8-c3c7-43d8-bcd8-355bbfb84971.png,pneumonia
a77b8b2a-4755-47d4-970b-8b4accc1cda1.png,normal
d91b519f-9216-4ff9-9e2a-3356bfe4e391.png,pneumonia
9eb988cd-aecc-4335-ad09-b580be434377.png,pneumonia
697fd96a-05c7-4d2f-8e1d-ad99238e4a94.png,pneumonia
F2DE909F-E19C-4900-92F5-8F435B031AC6.jpeg,COVID-19
f0f46754-477c-4297-984b-7dfd3a6190ab.png,normal
6789e4a8-92e1-47df-8b10-d979da39489a.png,normal
4ef488de-5a36-4a85-a7a8-7e264450e36e.png,normal
e291d547-db57-48d5-a994-4e216cddc1f2.png,normal
58cb9263f16e94305c730685358e4e_jumbo.jpeg,COVID-19
b3a287c5-9fc6-42fb-93c5-310515024948.png,pneumonia
39EE8E69-5801-48DE-B6E3-BE7D1BCF3092.jpeg,COVID-19
a6037427-488c-4ea1-8ea8-d81f804bd974.png,normal
8c051e14-777c-4f54-a2b7-d71645cae564.png,normal
3488f56d-1c15-45f2-ad45-ee5b11196442.png,pneumonia
covid-19-pneumonia-rapidly-progressive-3-days.jpg,COVID-19
389667d4-723e-4d59-9647-668106c276cc.png,pneumonia
pneumocystis-jiroveci-pneumonia-4-L.png,pneumonia
d4304d61-7dec-4de2-83fa-7f6c9a09c5d4.png,pneumonia
8f1e9f08-630d-4ea4-b448-1d465801d7e4.png,pneumonia
512db933-7149-4da3-97dc-735eb7987802.png,normal
14972d5d-9c7c-430b-bc31-17ce7fc3422e.png,normal
da12c340-e233-404f-af44-ec897b6052a1.png,normal
ea6270ea-10ae-4e5a-b88e-54e6471eab05.png,normal
covid-19-pneumonia-evolution-over-a-week-1-day3.jpg,COVID-19
nejmoa2001191_f4.jpeg,COVID-19
d8de4b4a-2c63-4959-8781-307de9233934.png,normal
a653c489-c9e9-41ef-80ce-6a38f443ef01.png,pneumonia
82b3fca7-e397-487d-80bd-3b2fbd046f16.png,normal
3ffd6f8f-a701-46b4-8720-806cb7332718.png,normal
d06d624d-06fa-4b64-a29d-91c02c6a300a.png,normal
b607b534-48a2-445d-8579-29ef85752d16.png,normal
d21e78db-5c06-4927-b177-54c4b33144ca.png,pneumonia
pneumococcal-pneumonia-day35.jpg,pneumonia
FE9F9A5D-2830-46F9-851B-1FF4534959BE.jpeg,COVID-19
covid-19-pneumonia-2.jpg,COVID-19
covid-19-pneumonia-35-2.jpg,COVID-19
78b6c826-ed88-4a05-b038-e4cefbabcd27.png,normal
9353a231-323a-469f-a7ad-706f900b1202.png,pneumonia
c33d14fe-bae6-458c-b6d8-b36fce161298.png,pneumonia
8fdda05d-cfd6-4a9f-bc0e-cd4f542a8c0d.png,pneumonia
7f7fe10a-c47b-45d0-8b78-051821bca2b8.png,normal
8cc53b02-b1cf-46da-a20e-2f0aeda4f848.png,normal
53e37b9f-3231-44e8-8bf1-56eaaa6e49c4.png,normal
353e8a3f-aa4f-4688-942f-7e5616923d11.png,pneumonia
covid-19-infection-exclusive-gastrointestinal-symptoms-l.png,COVID-19
44ef7542-d997-4d06-adeb-9f72a5588d47.png,normal
07c379f0-8ceb-4ba9-84be-cfbb29de8ba5.png,pneumonia
A7E260CE-8A00-4C5F-A7F5-27336527A981.jpeg,COVID-19
7fe0839d-0a9d-4c51-93fc-7a2132fbe9db.png,normal
660413b7-c06e-4194-9157-be698934cbcc.png,pneumonia
729ad38e-12b9-4bc5-8773-cd1615b5bd04.png,pneumonia
aabf6dee-a9c0-4b30-84f6-42f3ffca3c1f.png,normal
eee35b66-1cde-4324-acfb-757b330a7b5b.png,normal
covid-19-rapidly-progressive-acute-respiratory-distress-syndrome-ards-admission.jpg,COVID-19
ea2f0e9e-8cca-4037-a456-9fb1f07af5d2.png,pneumonia
6bd155f1-693f-4343-8d38-dc0d1cd9347b.png,pneumonia
5623a68b-8f2d-4295-bf4e-2f3a471cb84b.png,pneumonia
71ea9683-d7a2-4613-9838-e0ec52a3e76a.png,normal
3ea263f3-acee-461d-bbcd-9641d9db79d9.png,pneumonia
fff49165-b22d-4bb4-b9d1-d5d62c52436c.annot.original.png,COVID-19
b4a81984-0764-467d-ae67-0347d1289f2c.png,normal
3b0e1f3c-e7a6-478d-8a9c-461b76ee3953.png,normal
e49d1683-b3d9-4a75-9b30-779201943f1a.png,pneumonia
covid-19-pneumonia-22-day2-pa.png,COVID-19
3b5ce046-19d3-4a6e-8664-0a5fa7e1014b.png,pneumonia
8615dbf0-431a-4b5a-abd7-6811fb272ef6.png,pneumonia
c211f86d-0ace-464b-ba62-3e8c9529b471.png,normal
5c2f7b91-5a92-483e-a028-4b64e9152a06.png,normal
472d62fe-7182-4496-b8bd-211ee7089683.png,normal
covid-19-pneumonia-41-day-0.jpg,COVID-19
dcca67c4-14b9-483e-bb8d-adbcbb767533.png,pneumonia
e969df66-5f15-4a16-9dcb-6889c0ffddf1.png,normal
a5194c02-0772-4af3-bf54-73865383e620.png,pneumonia
bf12ed15-4eec-4580-b5e9-bcfba65e1a7d.png,normal
covid-19-pneumonia-38-pa.jpg,COVID-19
6d44602a-e27d-4454-95fc-e1043d30a97d.png,normal
fa14080c-771a-402e-b456-3d3a1bb0ff8e.png,normal
0812652c-3d92-4cda-9a06-c9d232e0b96d.png,pneumonia
1-s2.0-S0929664620300449-gr2_lrg-c.jpg,COVID-19
89f6abe4-a259-4c7d-a98e-6788d11ee3cf.png,normal
1.CXRCTThoraximagesofCOVID-19fromSingapore.pdf-003-fig4a.png,COVID-19
c09b4889-d8d1-4690-806e-dfada1f79e0b.png,pneumonia
ba14ae2e-3d32-4c84-8784-6452ae1adc23.png,pneumonia
covid-19-pneumonia-30-PA.jpg,COVID-19
1ef28712-7b54-49de-838a-3a56326d26a0.png,pneumonia
covid-19-pneumonia-24-day6.jpg,COVID-19
8e59fae6-479f-43f9-a1cc-1a2aba178e95.png,normal
ryct.2020200028.fig1a.jpeg,COVID-19
2966893D-5DDF-4B68-9E2B-4979D5956C8E.jpeg,COVID-19
ba3766e2-8065-45ab-a8a3-a5e5d81d5c15.png,pneumonia
6db53e07-4656-47e7-bed7-5782fd117f91.png,pneumonia
nCoV-radiol.2020200269.fig1-day7.jpeg,COVID-19
a4761e68-6192-4d9c-994f-21bb2ff7b822.png,normal
9bc0edbf-b5f8-4464-b499-b1af7a2ccc2a.png,normal
covid-19-pneumonia-evolution-over-a-week-1-day6.jpg,COVID-19
33a272fa-62f1-4a2f-993b-79a5431e3ba2.png,normal
5abb604e-6aa1-4cc0-8ef0-eda7cdc047a8.png,normal
f284125d-d931-4e20-a65a-0931c722c46b.png,normal
covid-19-pneumonia-24-day12.jpg,COVID-19
1-s2.0-S0140673620303706-fx1_lrg.jpg,COVID-19
beea0aeb-4a7b-47c3-928a-e45f40bcfa53.png,pneumonia
59894658-97ba-4ba2-9fde-50987588f1a7.png,normal
d8bc314b-c04f-49c6-8011-d857faab050d.png,normal
1B734A89-A1BF-49A8-A1D3-66FAFA4FAC5D.jpeg,COVID-19
ryct.2020200034.fig5-day7.jpeg,COVID-19
3f797a7b-4239-433a-8131-a1e3585712b3.png,pneumonia
3e68ba7b-58ae-4415-a4e0-1698e03c4489.png,pneumonia
7c5add91-0e35-4f1e-920a-9ea4d1335be0.png,normal
6872208c-5e92-4a4d-873a-13b1bd23daba.png,normal
4ad30bc6-2da0-4f84-bc9b-62acabfd518a.annot.original.png,COVID-19
a6e29ab5-cb08-4bae-b028-f97cf3bfd943.png,pneumonia
2785e983-bdcb-4ece-8dc4-82b14d2d2b85.png,normal
E63574A7-4188-4C8D-8D17-9D67A18A1AFA.jpeg,COVID-19
b7f3190f-8ffa-490a-a429-826965114a3d.png,normal
3bf902f7-375c-4403-8275-0e40aac684c2.png,normal
1.CXRCTThoraximagesofCOVID-19fromSingapore.pdf-003-fig4b.png,COVID-19
1.CXRCTThoraximagesofCOVID-19fromSingapore.pdf-001-fig2b.png,COVID-19
nejmoa2001191_f1-PA.jpeg,COVID-19
1-s2.0-S0929664620300449-gr2_lrg-d.jpg,COVID-19
SARS-10.1148rg.242035193-g04mr34g07a-Fig7a-day5.jpeg,pneumonia
6d6ee99a-1458-417a-a97f-fa58e67f0605.png,pneumonia
covid-19-pneumonia-44-day-0.jpeg,COVID-19
33f85237-bcad-4dd9-8a03-42d061fd987f.png,pneumonia
7781ae62-9313-42e2-9d82-9fa82b054195.png,normal
66fbe46c-488b-4571-9c74-ee8742f09ccb.png,pneumonia
B2D20576-00B7-4519-A415-72DE29C90C34.jpeg,COVID-19
96ae3a17-271e-453e-a3a8-436ca485fb51.png,normal
0ba245bb-b2e4-49b1-8c63-576e38470708.png,pneumonia
f98f029b-bd96-4a3b-b7df-68a198750541.png,normal
radiol.2020201160.fig2a.jpeg,COVID-19
c39f0844-5e0c-4585-b05b-140caec4e078.png,normal
d065fe7c-89ee-4d8c-ae98-7000ec5f55f2.png,normal
56419e8d-5982-460c-9e71-546609e6ebd7.png,normal
93FE0BB1-022D-4F24-9727-987A07975FFB.jpeg,COVID-19
31790935-a1a3-4842-8925-4b6fd5415103.png,pneumonia
ba30f407-5639-46f3-9c02-235566daed1c.png,pneumonia
ebd50daa-0332-4674-8cdf-fa02e558fd20.png,normal
ae1faebd-b5e2-4f43-93bb-9f3011e237a8.png,pneumonia
1eef9264-e6e3-41ba-b5fa-6a2ab638a7c9.png,pneumonia
radiol.2020200490.fig3.jpeg,COVID-19
31BA3780-2323-493F-8AED-62081B9C383B.jpeg,COVID-19
c5b56560-0d82-4161-b5c1-5e5051a70c37.png,normal
51e49fd4-6198-4b96-ac8f-299231671a17.png,normal
8e4e52f9-8212-4a0a-bafa-85cdf3859e5f.png,pneumonia
591142fb-40d8-4c86-81e3-f6437d671c37.png,pneumonia
0864e801-58cb-4df8-b7a8-dd9e32c97178.png,normal
695e33f8-31d1-467e-add2-f05041880b28.png,pneumonia
jkms-35-e79-g001-l-c.jpg,COVID-19
23bc2cd7-226a-4248-81e7-59816cdb3446.png,normal
5CBC2E94-D358-401E-8928-965CCD965C5C.jpeg,COVID-19
65845e8f-2cb8-4a56-a529-e6b856b0a6fb.png,pneumonia
a183866e-17ce-442d-8e80-1c6bfb81e184.png,normal
5d35ab60-51ad-43f9-ad65-2ceaa85bc682.png,normal
37b36218-c174-4940-a7bc-5e5601df63d6.png,pneumonia
pneumocystis-jirovecii-pneumonia-3-1.jpg,pneumonia
0fe227eb-592b-4ae5-b050-e7573d423953.png,pneumonia
1.CXRCTThoraximagesofCOVID-19fromSingapore.pdf-000-fig1b.png,COVID-19
5d7cd72a-a298-4b91-a67b-ec2a0354bff0.png,normal
988ba152-ec89-4213-b2dd-7e167f6dceff.png,normal
pneumocystis-jirovecii-pneumonia-2.jpg,pneumonia
ae794223-db3f-4b8d-a307-a5cb1ac5eb57.png,pneumonia
post-intubuation-pneumomediastium-and-pneumothorax-background-covid-19-pneumonia-day1.jpg,COVID-19
171CB377-62FF-4B76-906C-F3787A01CB2E.jpeg,COVID-19
radiol.2020200274.fig3d.png,COVID-19
9bc684ec-12a8-4c76-85a3-29a75d550968.png,pneumonia
radiol.2020201160.fig6b.jpeg,COVID-19
84909dca-4b86-43dd-8bba-d8fc06a85e15.png,pneumonia
cf4acaef-abef-4341-a4f2-e1689d804d3e.png,pneumonia
63675767-7b62-48ef-b365-9411684cc5ae.png,normal
5620c301-4fee-478e-bdb0-124a00010443.png,pneumonia
7e05fbc5-3642-4e16-beee-058700e8f5f2.png,normal
ad99c503-84bd-4309-9d4e-2a35a77b7b4d.png,pneumonia
ab2fd39b-2c9a-4fe7-852e-c1019ee3e602.png,pneumonia
f4b33c44-a7c1-4a14-a094-34bf19b38fd5.png,pneumonia
covid-19-pneumonia-28.png,COVID-19
e48a5c0e-c2c1-407d-af46-a1c3c338f4ac.png,normal
8d09cad6-5aec-48fc-8c66-1b5e7c144ac8.png,pneumonia
b8834f0f-8ea8-4ceb-8ce5-d5dcb9569fb4.png,pneumonia
figure1-5e71be566aa8714a04de3386-98-left.jpeg,COVID-19
0851431b-cad7-436f-acb8-06aed97e5339.png,pneumonia
covid-19-rapidly-progressive-acute-respiratory-distress-syndrome-ards-day-3.jpg,COVID-19
b7d0cb5e-5594-41f1-9426-c7aa2cfd945c.png,pneumonia
cavitating-pneumonia-4-day28-PA.png,pneumonia
2d7ebcff-778b-4090-812e-155096ccb6db.png,normal
94ae3bbb-8079-4a25-bd9b-5aaabfb38948.png,pneumonia
235bb572-948f-446f-a7d6-40803f4dbb8c.png,pneumonia
353889E0-A1E8-4F9E-A0B8-F24F36BCFBFB.jpeg,COVID-19
e4adbfcf-d787-473c-ace4-7ea59984f732.png,pneumonia
0b8c48a7-3158-4df1-b484-b6f677ff9612.png,normal
7a1faa41-252e-44d2-b019-63ebc8dd4ee2.png,normal
83094251-fcda-4f05-a02c-00b6fd9d764b.png,pneumonia
8eff11d0-2aa4-4033-8e25-3956bc0568b1.png,normal
1-s2.0-S0929664620300449-gr2_lrg-b.jpg,COVID-19
a9c3b3d8-0e8a-4b5f-b05d-d66f5f8fe2ad.png,pneumonia
e27d9773-4a74-4df6-a650-1c3deba22126.png,normal
3566e80a-4e2e-40c3-b077-7669ee9bd5ba.png,normal
3a0dc890-7a6b-47b7-bd54-832a2b7c9121.png,normal
covid-19-pneumonia-evolution-over-a-week-1-day4.jpg,COVID-19
3d8173bf-b588-42ca-a4a6-35848541f4a4.png,normal
radiol.2020201160.fig3c.jpeg,COVID-19
33dab529-a41a-4475-92e3-0d021883a128.png,normal
5b35df82-9440-4634-9a28-406e1819cd4e.png,pneumonia
5f8ecc2d-d8b8-4974-b327-7920315c55aa.png,pneumonia
pneumococcal-pneumonia-day7.jpg,pneumonia
bef738ff-ef1f-41ce-baa7-e40009c8deab.png,pneumonia
F63AB6CE-1968-4154-A70F-913AF154F53D.jpeg,COVID-19
ff3c2e94-b672-4bd2-8073-e9a4b6d9294d.png,normal
ef7c58ec-8b59-4406-952e-9d54c34e6276.png,pneumonia
pneumocystis-pneumonia-1.jpg,pneumonia
089a996e-425c-4311-b473-6948b3eb1060.png,pneumonia
3c1fdc6b-2e9a-46f7-8dbd-28d4155f9b93.png,pneumonia
ef180fa1-e605-49a5-8ebf-4ec330096488.png,normal
3e6a9a8b-2203-4b04-8d60-83fb82c1ed18.png,pneumonia
ffb0a415-cd40-4c33-b806-cf533505f89e.png,normal
4d51f075-7f8c-4acb-be11-4145d3ce626a.png,normal
right-upper-lobe-pneumonia-9-PA.jpg,pneumonia
nejmoa2001191_f3-PA.jpeg,COVID-19
X-ray_of_cyst_in_pneumocystis_pneumonia_1.jpg,pneumonia
6732e2b6-1aa2-4731-89fa-6e2dd58c3195.png,normal
c106ddba-42f7-440c-9ba9-f3fa6692f06f.png,pneumonia
eddb7172-d147-448c-a8e2-fee8f9cfb449.png,pneumonia
SARS-10.1148rg.242035193-g04mr34g04a-Fig4a-day7.jpeg,pneumonia
1F6343EE-AFEC-4B7D-97F5-62797EE18767.jpeg,COVID-19
1.CXRCTThoraximagesofCOVID-19fromSingapore.pdf-001-fig2a.png,COVID-19
5fbb1924-a341-43b8-89c1-c3a8ef256d66.png,normal
radiol.2020201160.fig3d.jpeg,COVID-19
b565e2e7-cc3d-4fd3-8354-0ad7655f6200.png,pneumonia
bfbf1dcd-242c-4f22-8ef3-f72c8295535f.png,pneumonia
ed5ddfad-977d-4b5c-9584-ba676b156f2e.png,pneumonia
b94eba02-b414-4186-8740-13e2696fb7a4.png,normal
CD50BA96-6982-4C80-AE7B-5F67ACDBFA56.jpeg,COVID-19
f885ec45-b837-42bb-9958-c6f61a7982d1.png,normal
covid-19-pneumonia-19.jpg,COVID-19
a3f5a3d9-78a1-4689-8b1e-15f146e14b4a.png,pneumonia
901a4e14-0abc-4bb9-a29b-52fc0491847f.png,normal
1.CXRCTThoraximagesofCOVID-19fromSingapore.pdf-002-fig3b.png,COVID-19
9f130cae-9c08-4321-9678-349d21d14329.png,normal
2e12816f-48d5-4a6c-a8ac-c3c2ae7ba059.png,normal
f0fa0d55-07a5-47ef-beda-b55a7489dca5.png,normal
lancet-case2a.jpg,COVID-19
7E335538-2F86-424E-A0AB-6397783A38D0.jpeg,COVID-19
b7f74683-4c0a-4123-9aad-9eb79374d1f2.png,pneumonia
covid-19-pneumonia-42.jpeg,COVID-19
covid-19-pneumonia-41-day-2.jpg,COVID-19
3647d0dd-fcf0-4606-bddc-ba872f5f7ccb.png,pneumonia
60ef9ee9-8d6a-410b-8640-4a68710f41ef.png,normal
a37a99cb-7e48-48e4-a7f9-7740ba109954.png,pneumonia
0b974a07-7c7f-4826-913d-f5b0d5bd8142.png,normal
cavitating-pneumonia-4-day0-PA.jpg,pneumonia
ab212af5-998c-44bd-8581-b608b6545855.png,pneumonia
a0c9e4d1-2520-4cc2-a95d-913853b20206.png,normal
4dbc44ca-694a-4814-9a24-bc60c8d8d611.png,pneumonia
e6817988-1f0b-4341-bc2a-99ffea80a000.png,normal
covid-19-pneumonia-12.jpg,COVID-19
1-s2.0-S0929664620300449-gr2_lrg-a.jpg,COVID-19
streptococcus-pneumoniae-pneumonia-1.jpg,pneumonia
c6a315cc-23b1-4e2d-81f2-a07aef306f47.png,normal
53c369ae-d8f9-4e44-b212-c6e2dc6ef580.png,normal
9089d4a8-bb7a-4090-b7fc-f8954bd3318b.png,normal
5b19f8e2-420c-42a8-82d5-5e1e5d30939b.png,pneumonia
3d340335-7343-4c65-b23e-4ff5abea13a0.png,pneumonia
20db11bd-2bd8-46d7-b2d3-77b8d4d8ec67.png,normal
3c06574a-0c86-4a9d-bd6e-ad4e380b8082.png,normal
9bee3282-0fee-4c09-ba91-14dbab17adaf.png,normal
ac88c984-77c4-4407-ac9b-157861501eec.png,pneumonia
f8cadc7e-6554-4967-89f3-d22e7bce757b.png,pneumonia
03BF7561-A9BA-4C3C-B8A0-D3E585F73F3C.jpeg,COVID-19
084d42b9-0a43-490d-9a8d-e4d7545c44f5.png,pneumonia
3bdf49c0-0eed-4b48-b831-1510cffd2d04.png,pneumonia
a8e34a04-dfa8-4ccc-894a-bda5f0542c38.png,normal
e7fcddc3-d649-4457-bd7e-b3a3054e2a16.png,normal
6b8d3d46-3815-455c-858a-1c0ea33a302f.png,normal
covid-19-pneumonia-20-pa-on-admission.jpg,COVID-19
6a4d75d0-51ae-4952-ad56-132474a2cf7b.png,pneumonia
wong-0005.jpg,pneumonia
821e80c7-466b-43fe-b6d6-2e7caeaa27af.png,normal
da9e9aac-de8c-44c7-ba57-e7cc8e4caaba.annot.original.jpeg,COVID-19
41591_2020_819_Fig1_HTML.webp-day5.png,COVID-19
cb863b06-58a4-492d-87c7-0debe67f6dc6.png,normal
497eff38-4ade-4b6d-a140-a5187a07f9fa.png,normal
b78a4ada-0963-4067-a009-3f8ee134e069.png,pneumonia
7c84bee5-a16e-48c7-b84a-6b61b0d62ce9.png,normal
pneumocystis-pneumonia-2-PA.png,pneumonia
0ff01216-ce5b-44bd-a857-bc22dc9f8f3c.png,normal
covid-19-pneumonia-24-day7.jpg,COVID-19
c56b4527-615d-414f-a375-081e6f3bbfdc.png,normal
pneumococcal-pneumonia-day0.jpg,pneumonia
29c8bf9e-f034-4ffd-a8d9-000a48172c42.png,normal
561f6992-f97e-445c-876f-d252ca147a97.png,normal
ae0cf0fc-7856-4d95-99b6-f2fd77c753f3.png,normal
a0c71f08-8694-4294-a903-f733a09f84c9.png,pneumonia
nejmoa2001191_f5-PA.jpeg,COVID-19
3b81bcea-ee88-4c13-b4f6-2a53161d2b22.png,normal
5f89a135-4b20-4ac9-851a-6d4a27827d25.png,normal
01E392EE-69F9-4E33-BFCE-E5C968654078.jpeg,COVID-19
853eb3dc-762c-4b84-901e-3399addf1fe6.png,pneumonia
a36bcdda-c363-4ae6-a8b9-47bb0e05dc43.png,pneumonia
62cf5590-89da-4c01-ad00-b716886442c8.png,normal
ea872d0d-d42c-4330-9c09-799bc3b0ab09.png,normal
SARS-10.1148rg.242035193-g04mr34g07b-Fig7b-day12.jpeg,pneumonia
aa2da4e8-67d5-4ad1-bd7f-7b013ecda555.png,normal
b1545c30-6521-42a9-9d74-66144ec64ae8.png,normal
ab708945-6f3a-4652-85df-4f02d6079a75.png,pneumonia
c48497e9-8a9a-4af3-92bc-cb4bbfa5f19a.png,normal
7bf63a1c-b377-424a-a458-4e4fa5e2d2c8.png,normal
c319b111-f61f-487e-a02b-444ea13e36ec.png,normal
ryct.2020003.fig2-c.png,COVID-19
03f8bb03-eb04-4365-ac4d-d63d2b5d49cc.png,pneumonia
f40ba5da-1ef0-49d4-bb19-492892b41704.png,pneumonia
figure1-5e7c1b8d98c29ab001275405-98-later.jpeg,COVID-19
5ba9f6a7-9f57-40f8-9168-1bb1841e65ff.png,normal
9a1aa170-3343-44e0-aa4c-06b44bdd91f5.png,normal
81bd4aa6-fc26-42e1-a9f4-fb0cf1bfbc18.png,normal
8a283d3e-888f-4b6a-ae13-200b21f9e69a.png,pneumonia
SARS-10.1148rg.242035193-g04mr34g0-Fig8b-day5.jpeg,pneumonia
20e1f3f2-953a-4a8e-b7d3-8db21a4ce933.png,normal
45c7270e-c7ba-45c1-b226-061a83987ae7.png,pneumonia
c568ef01-6904-45ec-990e-2986a961dd00.png,normal
SARS-10.1148rg.242035193-g04mr34g09b-Fig9b-day19.jpeg,pneumonia
20ed5a77-bb84-4c95-b126-714bd59cdfbf.png,pneumonia
cbf789aa-54f2-4b19-ab76-b196cc295130.png,normal
C6EA0BE5-B01E-4113-B194-18D956675E25.jpeg,COVID-19
15713eb9-2c08-452e-8a4d-467fad2ce8de.png,normal
post-intubuation-pneumomediastium-and-pneumothorax-background-covid-19-pneumonia-day6-2.jpg,COVID-19
auntminnie-a-2020_01_28_23_51_6665_2020_01_28_Vietnam_coronavirus.jpeg,COVID-19
b9b7f127-2285-4ab3-b2c5-e5c943527494.png,pneumonia
ryct.2020200034.fig5-day0.jpeg,COVID-19
d20338e0-8ae9-4a30-9a0e-8225aae32073.png,pneumonia
725dfd3a-f07b-4a09-9245-601ad57d182e.png,normal
6b44464d-73a7-4cf3-bbb6-ffe7168300e3.annot.original.jpeg,COVID-19
b180a83e-0a9f-4ce6-9b9b-adf28f7420b8.png,pneumonia
c8f8c1af-28f3-420d-85d6-9501a8002097.png,pneumonia
parapneumonic-effusion-1-PA.png,pneumonia
637a9c51-38d9-4235-94f4-8730bda885b7.png,pneumonia
835a272b-b22b-461a-83a1-c0148854b48a.png,normal
36f51cc5-a28d-48f0-a086-df424f7f2c94.png,pneumonia
d48705e2-4955-466c-b361-3a7bbfd03022.png,normal
F4341CE7-73C9-45C6-99C8-8567A5484B63.jpeg,COVID-19
covid-19-rapidly-progressive-acute-respiratory-distress-syndrome-ards-day-1.jpg,COVID-19
b4eba4ea-6143-4988-a05a-b0f25d6c0b1a.png,normal
3fc09255-ac70-4e8b-8507-efde01c9fd45.png,pneumonia
e92d7e53-f191-41af-a86b-8da6c7734386.png,pneumonia
SARS-10.1148rg.242035193-g04mr34g09c-Fig9c-day27.jpeg,pneumonia
1312A392-67A3-4EBF-9319-810CF6DA5EF6.jpeg,COVID-19
e8a7fd94-3616-448a-a57d-f4507987f185.png,pneumonia
auntminnie-b-2020_01_28_23_51_6665_2020_01_28_Vietnam_coronavirus.jpeg,COVID-19
5c65a8b2-7873-4490-9fce-ac4fe0417ada.png,pneumonia
23E99E2E-447C-46E5-8EB2-D35D12473C39.png,COVID-19
64b1aa7c-42aa-4685-8acd-4ff0eae65117.png,normal
cee8b61a-d0aa-42f7-8f90-0be7aac05636.png,normal
covid-19-pneumonia-35-1.jpg,COVID-19
6264ec94-8ba2-4e8c-8a60-78b57e02d1b3.png,normal
e5bd8650-d4f6-4f8f-b3ac-fed31a1cbd7d.png,normal
radiol.2020201160.fig3a.jpeg,COVID-19
9fecd2dc-443d-4667-9423-a833ed7e7f29.png,normal
18494f9c-d897-4af4-aa20-e0517395ac49.png,pneumonia
7AF6C1AF-D249-4BD2-8C26-449304105D03.jpeg,COVID-19
17c588e7-bf2e-4a0f-a766-1455b6e80931.png,normal
covid-19-pneumonia-evolution-over-a-week-1-day0-PA.jpg,COVID-19
335d17b1-bdfb-4939-9dc9-fa93f09648eb.png,pneumonia
d65d2526-415e-4711-bca3-8704d4858e06.png,normal
e2bc24a7-e469-48e2-9d5a-6ffc8557d59e.png,pneumonia
8f4ed552-fe19-49b1-8c01-c805eb7a2a43.png,normal
18d7168c-8b0f-4168-96f7-b60be52712eb.png,normal
af6610f4-df97-4703-a786-cdbfbed483fe.png,pneumonia
radiol.2020201160.fig2d.jpeg,COVID-19
6c2e6196-3892-4998-9005-d509d7ac1ef1.png,normal
8efbae3f-42e7-45f4-8cc8-be6a572bbe73.png,normal
799c5159-a2fb-4e25-8f90-13d3e1c66354.png,normal
f9a3c734-1483-4385-ab4f-e45853f3f00e.png,pneumonia
83d2803f-0327-4971-8812-8ddce716b372.png,pneumonia
7012bc84-d176-4982-99f7-865c67343e21.png,normal
ac34a830-57ce-4390-9076-6faacdedd54b.png,pneumonia
407f272e-826c-49b7-ac68-7066a121662f.png,normal
f88386c3-c170-4103-b132-ac31c1630054.png,normal
cd47c6cd-7040-4c0c-b797-3e8b99742a47.png,normal
2C26F453-AF3B-4517-BB9E-802CF2179543.jpeg,COVID-19
pneumocystis-jiroveci-pneumonia-2.png,pneumonia
6d13500d-05ee-4f4f-bc08-aeda019858fe.png,pneumonia
b181eb13-a6b0-4576-afcd-0e23c90723ba.png,pneumonia
c00bf44e-5b65-470d-8ddb-b704e630bd5e.png,pneumonia
fa2932b5-02fa-4d1a-b2c6-3db35049e65a.png,normal
711b8e6a-0406-4c61-8c13-3e90fd7ecba1.png,pneumonia
covid-19-pneumonia-7-PA.jpg,COVID-19
3c239733-d999-4dad-ab3b-3b5bf7b893b7.png,pneumonia
5A78BCA9-5B7A-440D-8A4E-AE7710EA6EAD.jpeg,COVID-19
bf6e8629-59e7-4866-8033-65db70e55b14.png,pneumonia
figure1-5e75d0940b71e1b702629659-98-right.jpeg,COVID-19
792d8a75-62cb-4ad2-b8d6-e143cca5787f.png,normal
covid-19-pneumonia-44-day-8.jpeg,COVID-19
895c1071-db4e-4163-a754-1f3e0d32d439.png,pneumonia
57dc292a-8273-4eb8-87e2-2faad0a23288.png,normal
080f1469-5384-4678-b0ec-513ae837b583.png,normal
covid-19-rapidly-progressive-acute-respiratory-distress-syndrome-ards-day-2.jpg,COVID-19
80446565-E090-4187-A031-9D3CEAA586C8.jpeg,COVID-19
5931B64A-7B97-485D-BE60-3F1EA76BC4F0.jpeg,COVID-19
893b6861-0bfc-4e9f-94d4-3a967dda4223.png,pneumonia
db8433df-a208-4416-a35d-d131d8e334e3.png,pneumonia
pneumocystis-pneumonia-12.png,pneumonia
covid-19-pneumonia-34.png,COVID-19
04c17986-8a5d-446f-a3ec-46ace41aeca8.png,normal
726bccda-f651-4daa-a681-4307ae71d809.png,normal
ryct.2020003.fig2-b.png,COVID-19
