filename,class
covid-19-rapidly-progressive-acute-respiratory-distress-syndrome-ards-day-3.jpg,COVID-19
646f59a0-eaf9-4c33-aebc-811da54a29b8.png,normal
figure1-5e75d0940b71e1b702629659-98-right.jpeg,COVID-19
2ef4cfe7-bbc1-4ce2-ba1e-6df54a94252c.png,pneumonia
ba63a3ae-8814-4b3e-a773-0239d6f64dce.png,pneumonia
39EE8E69-5801-48DE-B6E3-BE7D1BCF3092.jpeg,COVID-19
be90708f-2e42-427c-b532-5501a4ab1a25.png,normal
946a69e9-324b-45c6-bd2a-0c5d28a9c69b.png,normal
F63AB6CE-1968-4154-A70F-913AF154F53D.jpeg,COVID-19
fff49165-b22d-4bb4-b9d1-d5d62c52436c.annot.original.png,COVID-19
0cbe5298-68a4-4de0-a693-46eb8e8858ca.png,pneumonia
01E392EE-69F9-4E33-BFCE-E5C968654078.jpeg,COVID-19
c236f38d-10dd-4f33-bbe9-c849c297806f.png,pneumonia
5c4b0976-970f-4f53-b73a-eac330c0c7f2.png,normal
d70cf6a3-da4b-4ecf-a93a-62eaa70312d5.png,normal
5388cc79-bfa8-4035-b676-f5407859f261.png,normal
e9e58e10-2795-4dec-a738-c9792ea8f685.png,pneumonia
c591fcdf-b868-480d-bf34-13ae48de1d64.png,normal
8b869cb7-6ca0-454c-a9c2-cda67d8762f0.png,normal
post-intubuation-pneumomediastium-and-pneumothorax-background-covid-19-pneumonia-day6-2.jpg,COVID-19
1462ffd1-939b-49b7-9234-eeeb7f4986cc.png,pneumonia
508dc69d-081a-4298-8f4a-b7722f45d802.png,normal
9a970136-ec7d-430f-9a70-c873fe64eddb.png,pneumonia
17700745-d6cb-49cb-aa70-d725ba0165ae.png,pneumonia
1f7a3519-99e6-4466-9859-5e628bebff73.png,pneumonia
b8457218-2bce-4aff-9a16-0a1c1ff1976a.png,normal
c742dbd0-c775-4bc5-a2f1-a45d191473ce.png,normal
8295ec58-4848-4e22-9b39-129e0888f413.png,pneumonia
4a4be7b1-6a74-49d9-b0cb-d9aef48f990c.png,pneumonia
5e6dd879fde9502400e58b2f.jpeg,COVID-19
post-intubuation-pneumomediastium-and-pneumothorax-background-covid-19-pneumonia-day1.jpg,COVID-19
0fda72a2-f383-4f69-af8e-e16a0fbac621.png,pneumonia
41591_2020_819_Fig1_HTML.webp-day10.png,COVID-19
86bd39a4-568d-443c-9ad4-4c9807d7f136.png,normal
covid-19-pneumonia-14-PA.png,COVID-19
covid-19-infection-exclusive-gastrointestinal-symptoms-pa.png,COVID-19
1B734A89-A1BF-49A8-A1D3-66FAFA4FAC5D.jpeg,COVID-19
c3e28b77-4477-4e36-89a7-ec0713349d4b.png,pneumonia
593c6c5e-3580-437a-8c0b-275138080cf2.png,normal
57e70848-0cce-456d-90b1-e3f0a206d8c1.png,normal
covid-19-pneumonia-22-day2-pa.png,COVID-19
e7a937f4-f744-45b4-93df-f92786e4d6d6.png,pneumonia
b7e58e65-9a85-47e0-a45c-6b943e01f726.png,pneumonia
covid-19-pneumonia-49-day4.jpg,COVID-19
97558fff-a0e4-4d73-98da-0de2750873fb.png,pneumonia
radiol.2020201160.fig3c.jpeg,COVID-19
98b21955-5f84-4188-8ff2-5b6bb140deb0.png,normal
right-upper-lobe-pneumonia-9-PA.jpg,pneumonia
7fa10f67-8c38-4027-b7f6-50887f85ad43.png,pneumonia
60533df3-637f-4da8-955b-be149df0a192.png,normal
02e93c9a-c063-4bf2-9fa1-cb26692d58f8.png,pneumonia
625a03ce-b725-4242-a2c2-79965f266be7.png,normal
radiol.2020200490.fig3.jpeg,COVID-19
7670693d-7f1d-4045-8d61-77a68bb58e91.png,normal
f9049d8a-21b7-4884-972c-2c80f3028220.png,normal
37a40c9f-fa3d-4819-85c0-531d0ba6b991.png,pneumonia
d78b9f6d-c3c3-4aa2-af54-a7b2d928042a.png,normal
6bf5ff1a-07df-4c64-8fdf-dd8a26ab9b5b.png,pneumonia
covid-19-rapidly-progressive-acute-respiratory-distress-syndrome-ards-admission.jpg,COVID-19
d32664da-313a-45dc-90f7-0759ac76e207.png,normal
8944679f-3dd1-4a34-95d5-322efd9c0764.png,pneumonia
49b17730-d315-42bd-9045-bc8921c5abcc.png,normal
2966893D-5DDF-4B68-9E2B-4979D5956C8E.jpeg,COVID-19
ffc9e552-ca53-43a8-a156-b0f97f0d40f3.png,normal
72f5ea03-e82b-4062-8e3e-32bdd8d3229c.png,pneumonia
630f5987-5a5b-4844-978d-4b907c1daa8d.png,normal
948a5b14-8b18-4709-9405-c7c0b3e7e0c3.png,normal
da0483cc-6cd4-40c5-aaef-b085a01cd76c.png,normal
7E335538-2F86-424E-A0AB-6397783A38D0.jpeg,COVID-19
6713f9e4-1a57-414d-b19f-ddabcf32b9c1.png,normal
FE9F9A5D-2830-46F9-851B-1FF4534959BE.jpeg,COVID-19
23E99E2E-447C-46E5-8EB2-D35D12473C39.png,COVID-19
641ead6c-0e54-4a5f-a3c3-e49d137ce16e.png,pneumonia
366c5768-5fba-4ba1-8532-082d3ba3c9bf.png,pneumonia
1-s2.0-S0929664620300449-gr2_lrg-b.jpg,COVID-19
5e5b0c0c-3df3-43d9-8a8e-530a2343bffc.png,normal
071206e7-d4c0-418d-9d06-ef6505ee5316.png,pneumonia
60d168f2-20b8-46ac-b873-4293e0cb5728.png,pneumonia
62ec09ed-1610-4e22-91f1-dab682d5c2cc.png,normal
b07732b2-f377-4be9-b6c3-e3863d1e6784.png,normal
5b6ae851-f240-4a3e-ace5-c8f61853c872.png,pneumonia
38266a50-cf99-4476-884a-da94f3c51cba.png,normal
auntminnie-a-2020_01_28_23_51_6665_2020_01_28_Vietnam_coronavirus.jpeg,COVID-19
ddf7ead9-5391-4fae-b43a-22adde99042b.png,normal
d6fb1e39-32df-463f-9d7e-064b2b64a3bf.png,pneumonia
92097b0f-44d8-4358-937d-cbf8c34c0732.png,pneumonia
fd2dbd18-2202-45da-bb4f-466c33583179.png,normal
covid-19-pneumonia-35-2.jpg,COVID-19
07cdb450-541e-4810-900b-b3b7b9846e8b.png,normal
SARS-10.1148rg.242035193-g04mr34g09c-Fig9c-day27.jpeg,pneumonia
9fdd3c3032296fd04d2cad5d9070d4_jumbo.jpeg,COVID-19
ec31cf94-fcab-430b-af91-c7dc400f2a5a.png,normal
5CBC2E94-D358-401E-8928-965CCD965C5C.jpeg,COVID-19
8e3c125f-644a-480b-98c4-220a3eb10ccd.png,normal
1-s2.0-S0929664620300449-gr2_lrg-c.jpg,COVID-19
aa4294f9-fe5f-4912-9e73-0cbf35bddfdf.png,pneumonia
171CB377-62FF-4B76-906C-F3787A01CB2E.jpeg,COVID-19
1-s2.0-S0929664620300449-gr2_lrg-d.jpg,COVID-19
b6224e20-43d0-48ff-b33e-34e18ef36d64.png,normal
e0af96b5-9e91-4cc7-84c7-a3d04d4c9405.png,pneumonia
85E52EB3-56E9-4D67-82DA-DEA247C82886.jpeg,COVID-19
301f54f3-b074-4fa9-9db2-d303fbbf54f0.png,normal
figure1-5e7c1b8d98c29ab001275405-98.jpeg,COVID-19
315b5137-1117-4090-9329-d6a6fff607ef.png,pneumonia
560994a6-904c-4ba5-acbe-fb4bba7dad25.png,normal
1cf02f00-7c14-467a-9283-1f6bacf783a3.png,pneumonia
06d5a58d-baf1-4937-bfc3-00db1fb2b1be.png,pneumonia
166088ea-38d0-4881-8a1a-7e6d5fc442dd.png,pneumonia
8d1a4fe3-329f-4eea-a5b7-953d617a74fa.png,pneumonia
b5046b7c-f721-4c19-b3ae-51f095f36fe6.png,pneumonia
27036455-3da7-42f5-a0ef-ba2805d06e79.png,normal
9C34AF49-E589-44D5-92D3-168B3B04E4A6.jpeg,COVID-19
90ea89b5-c9a8-4147-8882-70e8e656b888.png,pneumonia
covid-19-pneumonia-41-day-0.jpg,COVID-19
3adb395a-d6fc-4870-9716-171cbb79b316.png,normal
aee56331-e752-442c-ac2d-0b82fe156d67.png,normal
f8e8da4e-f23d-477a-84e8-4e45eaa25fca.png,normal
7AF6C1AF-D249-4BD2-8C26-449304105D03.jpeg,COVID-19
radiol.2020201160.fig3d.jpeg,COVID-19
bcc62394-8f62-47a6-a67a-316558298c49.png,pneumonia
415419bd-51a7-4708-8cb9-1adcba6921b1.png,pneumonia
covid-19-infection-exclusive-gastrointestinal-symptoms-l.png,COVID-19
a16853df-bb03-4737-83af-02e8fc3f2147.png,normal
1F6343EE-AFEC-4B7D-97F5-62797EE18767.jpeg,COVID-19
4955984e-afcd-42fc-a3dd-1daa3df12f3e.png,pneumonia
covid-19-pneumonia-41-day-2.jpg,COVID-19
eb408099-a39c-4562-918a-c21c1afc1d82.png,pneumonia
ryct.2020003.fig2-b.png,COVID-19
radiol.2020201160.fig2b.jpeg,COVID-19
dcdbbcdb-fb5f-4984-84e4-43e0798fb4a2.png,normal
1bd9de29-597c-4cba-8581-83355af4c667.png,normal
covid-19-rapidly-progressive-acute-respiratory-distress-syndrome-ards-day-1.jpg,COVID-19
41591_2020_819_Fig1_HTML.webp-day5.png,COVID-19
covid-19-pneumonia-30-PA.jpg,COVID-19
A7E260CE-8A00-4C5F-A7F5-27336527A981.jpeg,COVID-19
8725efa3-5cc4-4dad-a36a-260a998a6953.png,pneumonia
covid-19-pneumonia-49-day8.jpg,COVID-19
9b2d7e34-af22-45b1-a619-4995b7118919.png,pneumonia
radiol.2020201160.fig3a.jpeg,COVID-19
d7ce9623-4433-4bd7-b8c2-a1d2e7ac49f5.png,pneumonia
nejmoa2001191_f5-PA.jpeg,COVID-19
260e3c89-2bc0-48c8-8203-64d63693fa8d.png,pneumonia
89b60fb5-b6a2-49a1-ac55-7defb6126414.png,normal
de304f9b-f407-43d5-89b9-bdb07f8308b1.png,pneumonia
58cb9263f16e94305c730685358e4e_jumbo.jpeg,COVID-19
8201fb03-9949-48ba-aad0-1368c1ee6eca.png,normal
01c0b605-0a82-401b-9649-81252304ac45.png,normal
17e0f44b-39d6-4e3f-abd0-066fd94ee6de.png,pneumonia
0be9dc1f-eff8-4813-bd77-b076fbfc537e.png,normal
covid-19-pneumonia-40.jpg,COVID-19
cd5abf04-df76-4139-a26f-0545c5e7ab89.png,normal
62bfeec8-bc21-4903-adf0-5aeff23ede5b.png,pneumonia
faa89d54-2079-4711-9d65-1c9aa3f58f3f.png,pneumonia
5c0bb75f-a4d1-4070-b40d-6fff71138147.png,pneumonia
ba6ce5ed-7b5d-4104-9050-967df0dbd928.png,pneumonia
SARS-10.1148rg.242035193-g04mr34g0-Fig8b-day5.jpeg,pneumonia
92104a70-8f4e-444a-b129-8fb204a46c52.png,normal
3f151141-a3bb-47aa-a213-4a90e8c55502.png,pneumonia
auntminnie-d-2020_01_28_23_51_6665_2020_01_28_Vietnam_coronavirus.jpeg,COVID-19
c1cddf32-b957-4753-acaa-472ab1447e86.png,pneumonia
17a5ce04-809a-42ed-9e58-100cfb33de7a.png,pneumonia
07f59492-1b36-4ff7-98b0-df996bf4fc4b.png,normal
pneumocystis-jirovecii-pneumonia-2.jpg,pneumonia
3b831cd2-d077-4b82-98ab-fcd2f2fba1ac.png,normal
051e6e97-fda7-4b5c-8d5f-084bf3607d22.png,pneumonia
911fda2d-a2c6-4344-bc56-a42fdf3c1058.png,normal
d7ff9878-2324-4ca8-a09d-81d98648a562.png,normal
8b3a6f49-caac-41b9-be2c-93b0def7d93b.png,pneumonia
covid-19-pneumonia-12.jpg,COVID-19
covid-19-pneumonia-evolution-over-a-week-1-day4.jpg,COVID-19
9f08094e-9855-45c7-ac2b-1375e23f6b2f.png,normal
6e0f6f55-effa-4743-a858-6f2f2e1f4ec0.png,normal
b086dfcf-4704-41a5-bdf7-22139c5d0711.png,pneumonia
covid-19-pneumonia-44-day-0.jpeg,COVID-19
B2D20576-00B7-4519-A415-72DE29C90C34.jpeg,COVID-19
cavitating-pneumonia-4-day28-PA.png,pneumonia
0a628951-4482-4d01-a09a-9e590b886cf2.png,normal
61008b44-a7ce-4870-b8e1-4f6f5c7df4d8.png,normal
dddfd40a-b3cf-4d0b-9710-22b73d6c4dd7.png,normal
C6EA0BE5-B01E-4113-B194-18D956675E25.jpeg,COVID-19
b3e8a708-d8e1-434e-92ca-5d5e79aca86e.png,pneumonia
dc2cc747-ca74-4f6c-8520-41f3efdbfe4c.png,normal
2bbcfa00-cfcb-4761-b3e3-83687fd65d5b.png,pneumonia
9a5ed3c8-2b01-433e-87db-e179be47d388.png,normal
b04dd37b-535d-4b76-82f2-ae8a84289619.png,normal
dfa37727-e289-4b2b-bd21-c6a4da9652e5.png,normal
3f20c5bb-e534-42fe-b3f7-b6c3c4ec01ed.png,pneumonia
655aff3f-1f68-4148-9d5e-c82548653b36.png,pneumonia
d60a469e-7d06-432d-88b5-3ad8f25c3548.png,normal
5582616e-31dc-40e4-a852-7b37cb616d8f.png,normal
18d59c3b-b605-47e0-8cff-60858afa90bc.png,normal
covid-19-pneumonia-rapidly-progressive-3-days.jpg,COVID-19
jkms-35-e79-g001-l-c.jpg,COVID-19
fd358431-c2ec-4b19-a689-b2fd369d84e1.png,pneumonia
nejmc2001573_f1b.jpeg,COVID-19
7970b714-abe9-44e3-a10a-223c15f24753.png,pneumonia
1.CXRCTThoraximagesofCOVID-19fromSingapore.pdf-000-fig1b.png,COVID-19
SARS-10.1148rg.242035193-g04mr34g0-Fig8a-day0.jpeg,pneumonia
ccde68bb-dea7-4342-84e8-d405d75b027e.png,normal
8445fce3-aa62-44de-aba5-3750dd837d8b.png,pneumonia
9589ff7f-3153-4031-aef8-25d8916ab392.png,normal
bacb9e6d-ad87-4841-99e0-685aa0249bbe.png,pneumonia
8a2f2a7e-6692-4009-bd45-3cc1fc2da91a.png,normal
6d58e2bb-d792-48e1-b034-d9a304c94c99.png,normal
fcb9ac7c-e587-48e2-932d-ce270d6d66b8.png,pneumonia
0bbb1ff7-dba6-4d5b-affe-b3ca0050d965.png,pneumonia
d5d7c95e-0682-4b93-bf0b-5dff2fa91a92.png,pneumonia
7a3c6629-9290-4e24-84b2-fd2f8cba17e3.png,normal
6cdf200f-5939-4864-a1c1-80062145133a.png,normal
19761fcf-760f-4a6f-b8ca-1ccf72fd8253.png,normal
349905eb-e0f8-4898-a029-75da0197394d.png,normal
0b8e3d9e-0bcd-41a3-b788-0175c43b2624.png,normal
3576b088-b3b9-40f2-bd44-de169e3e82f7.png,pneumonia
80446565-E090-4187-A031-9D3CEAA586C8.jpeg,COVID-19
f02b8370-0e08-47af-b4d4-6dbb681f219e.png,pneumonia
8915ce9d-e920-4a9a-a4c6-4c40ab8af51e.png,pneumonia
0adcbadd-6b95-4692-bdfb-6a03d51af237.png,pneumonia
8f4263bd-bd47-48ab-b021-1a7a9af0ea37.png,normal
ef7badd9-6de6-436c-ac89-d77e4cced196.png,normal
2C10A413-AABE-4807-8CCE-6A2025594067.jpeg,COVID-19
94a021aa-e34c-439f-b30d-0c5a1a0c8539.png,normal
03BF7561-A9BA-4C3C-B8A0-D3E585F73F3C.jpeg,COVID-19
covid-19-rapidly-progressive-acute-respiratory-distress-syndrome-ards-day-2.jpg,COVID-19
3edc8700-cf2b-4944-b347-cffaf2f32702.png,normal
29cfef18-40c3-489f-adcf-05bd93765b9d.png,pneumonia
c02e993c-7642-4d8a-aace-988c416ec09a.png,pneumonia
2037f6cd-d91f-47b9-ad6b-13a629090fdd.png,pneumonia
9cb8c9b8-33f1-44c9-b947-99a9e748a16c.png,normal
covid-19-pneumonia-rapidly-progressive-admission.jpg,COVID-19
3b7062c5-6436-4190-8b82-a605faf55614.png,normal
97a95d80-62cd-460f-8773-1fd9219d69b4.png,normal
c0f3d102-ed5f-4820-81d4-89cefcf2d53a.png,normal
b35f52b3-12fc-4d72-a2e8-883d27d1303a.png,pneumonia
6733e222-411a-4703-98fe-9c147ef562b7.png,normal
7D2CF6CE-F529-4470-8356-D33FFAF98600.jpeg,COVID-19
1.CXRCTThoraximagesofCOVID-19fromSingapore.pdf-001-fig2a.png,COVID-19
8005e8b9-ab58-45e2-b902-8057864630af.png,pneumonia
357eb651-ccc7-4fb6-8819-c1e365b1e756.png,normal
pneumonia-7.jpg,pneumonia
8af2c1a4-3598-4a5a-9a29-47fa88ae5e3c.png,normal
9b838133-a269-416a-a0b5-9dc3ea7d585e.png,pneumonia
lancet-case2a.jpg,COVID-19
7259b733-6e40-41ec-8993-a0400b72a972.png,normal
16dd5796-1dd9-466b-ab05-e50ae5fafe39.png,normal
ryct.2020200034.fig2.jpeg,COVID-19
covid-19-pneumonia-44-day-8.jpeg,COVID-19
6403ef2f-fb2b-434c-a605-71c4f6db41ba.png,normal
pneumocystis-jirovecii-pneumonia-3-2.jpg,pneumonia
a8e6f79c-abc3-4628-8b61-34b0cafb2d34.png,normal
wong-0005.jpg,pneumonia
3cec271b-e1db-4485-b3ab-878da8590082.png,pneumonia
8b0cf1ed-4b24-4bcf-9474-d7d2716382db.png,normal
e7ab2bdb-ea1e-44a8-b9ac-215003c97ff3.png,normal
covid-19-pneumonia-38-pa.jpg,COVID-19
6b44464d-73a7-4cf3-bbb6-ffe7168300e3.annot.original.jpeg,COVID-19
45c19b16-ce15-4312-b9fb-df6b80439474.png,normal
338a1c2f-60a7-4656-ba2c-8c99103da696.png,pneumonia
4de27293-832a-4152-bc2e-38ca1d484af9.png,normal
ad67e243-e5b3-40fc-aa45-4f7faf7a2932.png,normal
nejmoa2001191_f3-PA.jpeg,COVID-19
842f6d0b-93eb-4761-9a9d-bd874642ed5f.png,normal
E1724330-1866-4581-8CD8-CEC9B8AFEDDE.jpeg,COVID-19
ecbadacf-7590-4e97-be69-a4ca9e7a7d38.png,normal
covid-19-pneumonia-24-day7.jpg,COVID-19
e2727e2b-b542-4181-baca-ff3b2b885650.png,normal
b4ae5b1d-2d5e-422a-9388-36f4645d21c7.png,pneumonia
6a6df4ea-7a2d-4e5d-9092-d8870a19ec86.png,pneumonia
78ce6b9a-db15-4576-8e8b-4c52650a457f.png,pneumonia
figure1-5e73d7ae897e27ff066a30cb-98.jpeg,COVID-19
e482e77c-d511-4871-b14b-4f912d94ac9c.png,normal
96b5bbc1-fa5e-4301-9a3d-03ab0aa66975.png,normal
covid-19-pneumonia-34.png,COVID-19
cb601b71-9d46-4db3-8b4d-061874787669.png,pneumonia
40fe04af-77d2-4c36-80eb-043568abdbf3.png,pneumonia
SARS-10.1148rg.242035193-g04mr34g07a-Fig7a-day5.jpeg,pneumonia
pneumocystis-jirovecii-pneumonia-3-3.jpg,pneumonia
2B8649B2-00C4-4233-85D5-1CE240CF233B.jpeg,COVID-19
b86479a1-e997-4026-acfc-2d467291eb50.png,pneumonia
bd912d93-28c5-47df-8971-8ca9bbc1feb9.png,pneumonia
bda7d05e-c319-44a5-96c2-7c7c2e77ff4a.png,normal
59491c73-0991-4643-9ddc-3475e02b14d0.png,pneumonia
71c67893-6acf-435b-b80d-9100ad2e5d2e.png,pneumonia
b0604ee6-5f21-4b14-98ca-3bedaccd4e10.png,pneumonia
db4601ab-e3a4-4f94-be20-65607e00aa6e.png,normal
ec00dc74-d8c5-4044-bb7c-61ce11615e96.png,normal
cc7a7a1f-6953-4341-b6fd-5380a642bb1e.png,normal
e33f2a56-329a-4f88-9b38-ed09ecfb9fd6.png,normal
1631378d-7d0d-400e-ad6c-1a57c74377e2.png,pneumonia
34fbff70-fa6e-4709-ab07-17f739fce394.png,pneumonia
833c814a-032b-496a-9133-d2c4b6a8a1fc.png,normal
e023e66b-6ee0-4b6e-84f7-3a8ddc0565ee.png,normal
pneumococcal-pneumonia-day35.jpg,pneumonia
E63574A7-4188-4C8D-8D17-9D67A18A1AFA.jpeg,COVID-19
d7d90260-5815-4af3-b1cd-7a90bf2fa101.png,normal
ac7bdc8e-b181-41c1-8186-f12472ad3899.png,pneumonia
5931B64A-7B97-485D-BE60-3F1EA76BC4F0.jpeg,COVID-19
SARS-10.1148rg.242035193-g04mr34g09a-Fig9a-day17.jpeg,pneumonia
891a1dcd-ea73-48f4-9508-e3e52ba3c5fc.png,normal
3ec0d348-9d0a-4f8a-8dfa-45e576ef62cc.png,normal
b7d43469-6312-4261-961d-e2014d6e7dd7.png,normal
2c19d9cd-9662-40ad-9d93-1a6637a88e79.png,normal
231de9e8-63d9-4093-9d57-2bdcdee49225.png,pneumonia
f14916d0-2dab-4a08-b306-7ef36fee8fb6.png,pneumonia
ae710da6-ac50-4de7-891e-d9a7a180ee05.png,pneumonia
a872cd00-56a9-47b7-b38b-0ee07f10cdeb.png,normal
dd6e599d-bba3-4a3e-968c-0dcba546099f.png,pneumonia
f440eda0-0021-4ed1-8d38-fcf15e103b08.png,normal
63714834-afcf-4c95-adc3-169795ddef89.png,normal
91e79237-1619-4698-9031-b12456ac426e.png,normal
covid-19-pneumonia-20-pa-on-admission.jpg,COVID-19
16f07d74-df3a-4436-86bd-31041b0af6c3.png,pneumonia
SARS-10.1148rg.242035193-g04mr34g09b-Fig9b-day19.jpeg,pneumonia
45dddc96-f7e8-4dcf-94b1-34349c0ffdc2.png,normal
72e5e42d-dddd-4ce2-90f9-ef9edbeaa549.png,pneumonia
B59DD164-51D5-40DF-A926-6A42DD52EBE8.jpeg,COVID-19
1-s2.0-S0929664620300449-gr2_lrg-a.jpg,COVID-19
c44a8316-9b90-49e6-ab36-8db213312a4e.png,pneumonia
ryct.2020200034.fig5-day0.jpeg,COVID-19
6e028cf7-8ea4-4e7d-a2b5-0d5bd2eca495.png,pneumonia
0a48e8eb-2c55-46ac-82b0-9bea6c5b7872.png,normal
95594cf3-2ea9-432a-957c-b774f59d18c9.png,normal
8062dc3e-fc3c-4e7e-b418-96c59942426d.png,pneumonia
F4341CE7-73C9-45C6-99C8-8567A5484B63.jpeg,COVID-19
e32be4a8-2f2c-436a-8a3c-e4e424fad060.png,pneumonia
pneumocystis-jirovecii-pneumonia-3-1.jpg,pneumonia
6769d4a8-086d-42cf-b9e6-f499d5877a1e.png,normal
586ad370-dafd-45c0-9801-a89e7e20380a.png,pneumonia
09875c3b-c520-4b08-89b0-a7a7299c37b2.png,pneumonia
auntminnie-c-2020_01_28_23_51_6665_2020_01_28_Vietnam_coronavirus.jpeg,COVID-19
3a3e5ddf-0b42-4c84-b13b-8e3ac1e8b2c0.png,pneumonia
08e237d8-7d4d-410f-b48e-1e2817df9aac.png,normal
980f7412-072b-4cc4-846d-99fc5607d70c.png,pneumonia
X-ray_of_cyst_in_pneumocystis_pneumonia_1.jpg,pneumonia
8FDE8DBA-CFBD-4B4C-B1A4-6F36A93B7E87.jpeg,COVID-19
aeed4687-0e91-4584-a5ba-01678fc4215d.png,normal
31BA3780-2323-493F-8AED-62081B9C383B.jpeg,COVID-19
c2b612b7-72d6-4224-87d1-2e55e4ba905a.png,pneumonia
fb63ea5a-86c0-4deb-b832-da7772d2a758.png,normal
jkms-35-e79-g001-l-b.jpg,COVID-19
93319746-cf5a-42a7-a229-c6f9aa57aa36.png,normal
0f45a78f-d20b-4370-b0c9-00da4e9a8a05.png,pneumonia
decb4b85-c89b-4122-b00b-bd6a49a68d1f.png,normal
098e14d4-3205-4c2d-a059-738f830c0aa5.png,pneumonia
CD50BA96-6982-4C80-AE7B-5F67ACDBFA56.jpeg,COVID-19
553852a3-72a9-460c-84f0-78ecd84bbfff.png,normal
1.CXRCTThoraximagesofCOVID-19fromSingapore.pdf-003-fig4a.png,COVID-19
cfcfaa4a-9c58-4eec-bb63-708e2b25df16.png,pneumonia
3f21e402-4cf3-451e-bb19-f28bfbd1796a.png,pneumonia
9fb3a24b-206e-4d21-92e5-7818fac9105a.png,normal
6c6483ba-b672-402d-8d8a-10452b1e1387.png,pneumonia
bb37b213-279c-4162-b3fe-db014c01ed83.png,pneumonia
covid-19-pneumonia-evolution-over-a-week-1-day3.jpg,COVID-19
3ed5e37a-df95-4bf3-9ea9-fab48fc42f86.png,pneumonia
387aeb82-d92c-4a34-89c1-ed70e288492c.png,normal
0cb23e5a-a46a-4a32-89c0-8030941b6301.png,normal
6ee47648-1f4a-4d1f-8688-8315d9e71212.png,normal
06b52ffd-71b8-429a-a284-bb39240ed343.png,pneumonia
8a2ff8f3-6c66-4d64-9fd1-59fc17c2d59e.png,pneumonia
7EF28E12-F628-4BEC-A8C5-E6277C2E4F60.png,COVID-19
covid-19-pneumonia-evolution-over-a-week-1-day0-PA.jpg,COVID-19
96f6e753-c609-440a-9c94-fa65d47b38d7.png,pneumonia
2456fcb4-82bd-4fa9-8ef2-8e1250c3ff50.png,pneumonia
fcd6452c-680d-40a6-9fc6-1793eb3ca0a8.png,pneumonia
08ae6c0b-d044-4de2-a410-b3cf8dc65868.png,normal
7e85ffa0-ad3c-4475-8ca4-3cbb92a6a394.png,normal
3966f0db-9f84-4676-ab4c-9668a1be1316.png,normal
db25155a-2b3f-42f1-a299-d364ee9841dd.png,normal
radiol.2020201160.fig3b.jpeg,COVID-19
55ea944b-984b-4f0d-a84d-e6b8b6660edc.png,normal
949b0ea6-7bb8-4c53-9c2b-5303b84ef8e2.png,normal
d0538050-719b-43ab-9160-4ae850c9a949.png,normal
9a4213ba-f410-46a1-87f0-56e0d4b9e767.png,normal
streptococcus-pneumoniae-pneumonia-1.jpg,pneumonia
38bfa17d-a04b-4c4e-ad07-fd8c8a730596.png,normal
pneumocystis-pneumonia-12.png,pneumonia
f5216d65-31e4-4acc-bc14-a49f92ce4793.png,normal
0fb699c2-9ebc-4f77-a531-703a1232c1a5.png,normal
ea6c9011-6973-44be-9788-6b62609f63cb.png,normal
covid-19-pneumonia-35-1.jpg,COVID-19
2b55eeed-3408-46fd-9e18-d7c5295a92b2.png,pneumonia
b35d57ee-f22b-4c8c-b959-3ee8eecef555.png,pneumonia
766d8a8b-a2bc-4ca5-b28a-623f62886e9c.png,pneumonia
95312722-a12d-4f3e-9230-91913b36e4a0.png,normal
5982f231-9323-42a4-a437-eea95ef123b3.png,normal
nejmoa2001191_f1-PA.jpeg,COVID-19
4ad30bc6-2da0-4f84-bc9b-62acabfd518a.annot.original.png,COVID-19
1557bea3-b9f0-4235-b06f-49de5ee8d194.png,normal
1.CXRCTThoraximagesofCOVID-19fromSingapore.pdf-002-fig3a.png,COVID-19
ac36c55b-581a-4af8-bbf6-2334f565ce06.png,normal
ad182aff-7085-408e-bac3-51a7c705a711.png,normal
1312A392-67A3-4EBF-9319-810CF6DA5EF6.jpeg,COVID-19
2d096d09-0957-43b5-a78d-2ea2c2d03b6b.png,normal
7dece74f-6189-4e58-8d14-0659b1db8527.png,normal
52c13b33-0eb6-4d1e-932a-0b0fb56e391a.png,normal
SARS-10.1148rg.242035193-g04mr34g04a-Fig4a-day7.jpeg,pneumonia
642f783e-4581-40a3-8a25-34b7a5353f7d.png,normal
figure1-5e71be566aa8714a04de3386-98-left.jpeg,COVID-19
87c9db93-c4b1-4488-9f8d-d94ea473973c.png,normal
3858239f-f7ce-4858-94fb-095174a6c0e8.png,pneumonia
6f27fe76-2a4b-4679-8381-664160325373.png,normal
b66d2c1c-4bd2-422f-827b-b6edd7f1d41d.png,normal
5A78BCA9-5B7A-440D-8A4E-AE7710EA6EAD.jpeg,COVID-19
5e528963-b34e-4605-be13-8faaa2b0c65b.png,pneumonia
covid-19-pneumonia-19.jpg,COVID-19
686caa6d-9f3c-4a1c-87fb-84063fe336ed.png,pneumonia
a5d95e7a-912e-4030-bf27-7ddcdfdbeb34.png,normal
1a42aa5f-54c6-4ada-b381-cdf65cfc69b1.png,pneumonia
a70544fd-cd5f-4650-9008-224672ccd7b6.png,pneumonia
2a2f58c6-73d5-4e72-82ec-e07daa759544.png,normal
f5dadf63-c828-441a-b595-ea7698087291.png,pneumonia
90ac2cea-3521-4e47-8f84-f46b9b8a7f87.png,normal
512cae37-d6e7-465d-a209-32f77d145af0.png,normal
353889E0-A1E8-4F9E-A0B8-F24F36BCFBFB.jpeg,COVID-19
7C69C012-7479-493F-8722-ABC29C60A2DD.jpeg,COVID-19
pneumocystis-pneumonia-8.jpg,pneumonia
fd147f16-7eeb-474f-98df-c3b0c39c163c.png,pneumonia
6cceaf55-c53d-4732-9436-85db3e219a62.png,normal
bd42c8a5-759f-4633-9559-41bd46e6ccc7.png,pneumonia
99ca1f62-afb3-4cea-9219-1e801bcef3f4.png,normal
79956cb1-e48b-4b95-92f0-c4f41a6bd1f5.png,pneumonia
d4ce29be-5881-484c-8b05-9f7887e52eb2.png,normal
160d4148-6c88-47fb-ad49-b4965eb8a931.png,pneumonia
9f756055-99fc-4a80-97b4-f89f98cf92d2.png,pneumonia
e09d050c-ac21-40c1-8b6f-9895582f4508.png,normal
40022fb9-150f-4758-b608-ede8b79e1bd9.png,normal
6e32b376-5740-4565-abd0-b41035f7db64.png,pneumonia
covid-19-pneumonia-22-day1-pa.png,COVID-19
6c8351d5-287a-4b68-a5b6-dcdb1ec8ea3c.png,normal
8fa0207f-cc3c-43fb-9a1c-a0475f77e680.png,normal
ryct.2020003.fig2-a.png,COVID-19
1.CXRCTThoraximagesofCOVID-19fromSingapore.pdf-001-fig2b.png,COVID-19
e9ea9123-3eab-4d60-973d-bfca20b6e054.png,pneumonia
covid-19-pneumonia-42.jpeg,COVID-19
1-s2.0-S0140673620303706-fx1_lrg.jpg,COVID-19
6CB4EFC6-68FA-4CD5-940C-BEFA8DAFE9A7.jpeg,COVID-19
afe1b6e2-203e-4ee5-856a-2f205d8bca2a.png,pneumonia
14b2868e-e0fc-40f2-a54e-609bf24da493.png,pneumonia
a23ac27d-83b3-48b7-837a-dbbe83752ce3.png,pneumonia
7c5188fb-01b8-4923-9715-83f13a5e861b.png,pneumonia
f521abd5-47f2-4360-91f7-dd6d8bf2c8d0.png,normal
2C26F453-AF3B-4517-BB9E-802CF2179543.jpeg,COVID-19
1d57c801-71b4-49da-8933-2cabdc927fef.png,pneumonia
371e6626-7884-4232-9629-0220fe6e7172.png,pneumonia
b2753475-d0b2-4dde-8a7b-311e1db27397.png,pneumonia
1a93ba37-ec6b-4562-87b1-ca23be8a1e1e.png,normal
449c2ba1-7948-4039-8b60-2511194b7426.png,normal
90a4a31f-ffc0-440f-bdc9-975ef54bba40.png,normal
radiol.2020201160.fig6b.jpeg,COVID-19
auntminnie-b-2020_01_28_23_51_6665_2020_01_28_Vietnam_coronavirus.jpeg,COVID-19
radiol.2020201160.fig2a.jpeg,COVID-19
cavitating-pneumonia-4-day0-PA.jpg,pneumonia
post-intubuation-pneumomediastium-and-pneumothorax-background-covid-19-pneumonia-day7.jpg,COVID-19
pneumocystis-jiroveci-pneumonia-4-L.png,pneumonia
d759f178-2451-47bc-80c0-2efe67588693.png,pneumonia
e0070082-dc43-4dea-9da1-792762f98bc0.png,normal
05ee72bf-6d12-4ac5-a47e-f43a7ea52a40.png,normal
c3759f61-dc9a-45ea-8b3e-91e3bd71a844.png,normal
5ad0ce1f-5ef6-48da-a7a4-3a13a4457add.png,normal
kjr-21-e25-g001-l-a.jpg,COVID-19
ba6db8f2-d7a4-483a-bf42-7ab2e83f040f.png,normal
b9866e78-1b04-4f5a-9970-c434ef113c73.png,pneumonia
09236f60-57e0-48b3-aede-a885f4dfe1b1.png,normal
88522719-8558-4845-8e97-38ce464908fd.png,normal
59246843-0853-43aa-8952-059aecfc2bdc.png,normal
pneumocystis-jiroveci-pneumonia-2.png,pneumonia
pneumocystis-jiroveci-pneumonia-4-PA.png,pneumonia
92dec024-edba-43be-973d-b2d58886e7c3.png,pneumonia
nejmoa2001191_f4.jpeg,COVID-19
wong-0000.jpg,pneumonia
69e6daf2-a1df-432e-b45c-fd11f49d2fa5.png,normal
1.CXRCTThoraximagesofCOVID-19fromSingapore.pdf-003-fig4b.png,COVID-19
81785a74-18ad-49ba-92c6-e570b0d4ce57.png,pneumonia
0b74faac-00a1-4958-9571-b5f7f9c52179.png,pneumonia
03946ed8-d581-4403-b052-753820035d6d.png,normal
2e02f4ce-3130-42b9-af78-997942bc4f38.png,pneumonia
480cf9c2-59be-4e03-a355-948db89a0679.png,normal
65b7888b-af92-47e8-afb8-44365bb4ac8d.png,normal
3741eee3-6477-412c-bfa5-8f29fb5048e9.png,normal
d02e780f-2033-4dbc-a98b-94c1ef4e96cd.png,pneumonia
SARS-10.1148rg.242035193-g04mr34g04b-Fig4b-day12.jpeg,pneumonia
SARS-10.1148rg.242035193-g04mr34g07b-Fig7b-day12.jpeg,pneumonia
775ae2b8-f87a-41eb-81d6-4e5edaca2f11.png,normal
36f94503-a86a-40a5-9f78-7243626f27ac.png,normal
c4400499-489b-4867-973a-06747a8261bb.png,pneumonia
cbbb9dff-783f-4776-a06b-e1ff22cd6ad2.png,normal
a184416c-bf22-4b8c-902e-c162f13e724a.png,normal
9cd4233f-b8c0-4c4f-82f2-5b7cfe3255d1.png,normal
da9e9aac-de8c-44c7-ba57-e7cc8e4caaba.annot.original.jpeg,COVID-19
covid-19-pneumonia-2.jpg,COVID-19
nejmc2001573_f1a.jpeg,COVID-19
6bf1ce7c-185c-4f99-869d-8af5c72c1a5e.png,pneumonia
3e310709-b9b9-49c3-b2fc-cc82c5b8018a.png,pneumonia
35655657-e359-45c4-bd56-1ce90ddaebed.png,normal
pneumocystis-carinii-pneumonia-1-PA.jpg,pneumonia
9ee07fd5-612d-4a33-89a6-12fa8ce9bb48.png,pneumonia
50cb1cac-baba-4a4a-bad1-d12cee21b2ca.png,pneumonia
bfd60c29-4ac3-4bc1-be29-579a65a843cd.png,pneumonia
3a037b3d-5100-4ba1-bbb4-eb9c22d9e572.png,pneumonia
84c3c816-eb8b-4a44-ae5f-e589011ae9fc.png,normal
6b503345-c6ac-43ec-bfa7-6142a857cd19.png,normal
parapneumonic-effusion-1-PA.png,pneumonia
cd3ae8e4-09a2-4da8-a028-8b54b0b8591a.png,pneumonia
63fac8bb-6d04-4e04-b57c-2311eb376acb.png,normal
1586d88a-b10a-44ba-9584-f838ef1de02c.png,normal
1f0ef178-e4be-4ec3-b44a-232ef178f5e9.png,normal
covid-19-pneumonia-rapidly-progressive-12-hours.jpg,COVID-19
8b3ffca6-7869-474c-b397-58e089dd09ab.png,pneumonia
931b6fb9-e53d-4748-8d66-0d0cf92c96ce.png,pneumonia
54f4e2eb-e4f8-4c61-9be7-73cdb4492fbc.png,normal
fb73b991-f19b-415f-9cc9-2a10f7226bee.png,normal
F2DE909F-E19C-4900-92F5-8F435B031AC6.jpeg,COVID-19
b163a08c-8dba-409a-b2d6-e30047625970.png,pneumonia
55211b4b-62e6-4d9f-8b0b-72525ed68e6f.png,pneumonia
a4c3baae-0f3e-45a0-9a78-51bae5f7bd85.png,normal
490bfbde-9177-4544-bc0b-f5b33d3f6bb5.png,normal
radiol.2020201160.fig2d.jpeg,COVID-19
da9d4b82-74b6-4a45-b1b6-7c93439f4b57.png,normal
4e43e48d52c9e2d4c6c1fb9bc1544f_jumbo.jpeg,COVID-19
16f5be73-4905-4c43-aab6-83903ff468f3.png,normal
ryct.2020200028.fig1a.jpeg,COVID-19
31ec89aa-09c7-4342-8bb5-ba7b585e875e.png,pneumonia
d373b335-d9d9-4594-b97e-03ec9aa8daa2.png,pneumonia
cd8b9ac2-ce74-45e4-a243-41f013f5e47e.png,normal
277238ab-2bbf-447e-b083-f3a708c9ab2a.png,normal
pneumocystis-pneumonia-2-PA.png,pneumonia
07bb7f0d-ef4b-4963-b453-7f9d8c5b7c62.png,pneumonia
5f1d47f7-b5e6-45fd-9393-fbfafb495c4f.png,pneumonia
56ba6f53-45a0-44d1-9f65-0ac78f74969a.png,normal
71231f52-c755-4f52-956f-eab77b9434f5.png,pneumonia
5c516953-ec2d-4859-9334-3e6ed90d4ba6.png,pneumonia
9a30433a-c79c-4f15-8be7-26adfa92943c.png,pneumonia
post-intubuation-pneumomediastium-and-pneumothorax-background-covid-19-pneumonia-day6-1.jpg,COVID-19
ryct.2020003.fig2-c.png,COVID-19
80f4ae7c-9523-46ec-93ac-592415eb4748.png,normal
radiol.2020200274.fig3d.png,COVID-19
6fdc7f46-9466-4a4b-b9ce-46db674cfb34.png,normal
30b439a2-0a05-4684-b890-85c63b81778c.png,normal
481ff753-4106-405c-962e-a3f1c1e3bc37.png,normal
93FE0BB1-022D-4F24-9727-987A07975FFB.jpeg,COVID-19
96862a19-db35-4c6f-a6f4-2f00a1bd303d.png,pneumonia
1fd15b31-7b21-483d-bbef-e9893d6a051b.png,pneumonia
71d25920-4060-4a31-b7aa-cfbf4721a5c5.png,normal
covid-19-pneumonia-8.jpg,COVID-19
covid-19-pneumonia-20.jpg,COVID-19
8ee256be-e94d-4554-8929-a352bc0fba56.png,normal
1.CXRCTThoraximagesofCOVID-19fromSingapore.pdf-002-fig3b.png,COVID-19
covid-19-pneumonia-15-PA.jpg,COVID-19
9d061b3f-fa44-4ad9-b0a3-74a8e70fe9ab.png,normal
covid-19-pneumonia-24-day6.jpg,COVID-19
pneumocystis-pneumonia-1.jpg,pneumonia
6C94A287-C059-46A0-8600-AFB95F4727B7.jpeg,COVID-19
bc668e08-44be-4aed-aa17-7b321c8e11a5.png,pneumonia
5bfbf397-39a6-44a6-8294-b0cc1c157ec5.png,normal
nCoV-radiol.2020200269.fig1-day7.jpeg,COVID-19
pneumococcal-pneumonia-day7.jpg,pneumonia
986f8031-5b52-4a96-84f3-82bbc920915a.png,normal
7e2b8ceb-9db2-4159-9e63-96d734dd1218.png,pneumonia
08dc2e8b-754a-47ad-97e2-efe6e14fd732.png,normal
ryct.2020200034.fig5-day4.jpeg,COVID-19
aab88291-f31f-4820-8ffe-032378af31e7.png,normal
f9bf7579-e589-4953-bd68-d92f44f0aa95.png,pneumonia
45bfcdbc-1669-4ce8-8d36-848bc4b0e40d.png,normal
1.CXRCTThoraximagesofCOVID-19fromSingapore.pdf-000-fig1a.png,COVID-19
6ce8af4e-7d9f-4dc1-9caa-7b06b72ed863.png,pneumonia
f2baba6a-09c0-4d2d-b2a4-947f02132b9b.png,normal
ed05604a-a4db-4899-bb97-4a92dd851182.png,normal
66c52ba5-c91d-4f0c-af96-18148fd9dd66.png,pneumonia
51f46b01-a6bc-432e-acd7-5a8e8732a883.png,normal
5699df0c-aa5a-4109-8f23-1bed85d1470e.png,normal
9f2e86d5-cf74-4c4f-84f9-c9e842c8ef0d.png,pneumonia
00f08de1-517e-4652-a04f-d1dc9ee48593.png,pneumonia
b52244ed-5e8f-4ab6-a2b0-9bed4ab0ff2a.png,pneumonia
bb50d849-8c22-4e5a-8607-a14c01772941.png,pneumonia
c6cf1348-45b7-4faf-808b-18e5797194b7.png,normal
pneumococcal-pneumonia-day0.jpg,pneumonia
8782c8e0-8592-47e0-95df-ee8224d6dec8.png,pneumonia
4de82994-1662-4fd2-ae76-e70667dab381.png,pneumonia
0930b0aa-25c2-4624-a3fc-9b60ba0b23f4.png,pneumonia
03249840-0a17-448c-bf41-7e156428ab59.png,pneumonia
7cde3b9f-71ab-4640-95b1-d15809eba64a.png,normal
acb42b54-806b-4770-87c0-8dbe0b064192.png,pneumonia
9e9cdb6c-1a5d-4bc0-8a66-e0bef45f625b.png,normal
b5a0f268-4711-4c94-8056-9f9dfc3b4462.png,pneumonia
b8020472-9c2d-44ce-a09b-f5795b95f230.png,pneumonia
covid-19-pneumonia-7-PA.jpg,COVID-19
13b42b81-7e2f-436f-9dd7-63ec96eccb6e.png,normal
39709c3d-8105-442a-bf70-22a4319b1f47.png,pneumonia
2081a158-b795-4a7b-bd76-be3e89a8c164.png,normal
eeb5c42b-5e05-496e-9662-23e745714d49.png,normal
6b731342-293f-495a-b341-e4ccc0e717fd.png,normal
f23ba6fa-6625-4b77-9d81-332e5091b50d.png,normal
9a3e1197-91f6-4e4d-9aeb-fcde3483849c.png,pneumonia
228b3dc1-f78a-4ac9-b213-2a416583d063.png,pneumonia
7deb146a-094f-4185-997d-eb23966c9cc0.png,normal
9655feec-692a-4924-9d09-6f256f3df626.png,normal
covid-19-pneumonia-24-day12.jpg,COVID-19
399ee232-f05c-4b4a-9ff4-8569eee9fe06.png,normal
895b0c0e-75cb-4adc-9203-3d48ce3404f5.png,normal
4e1224b9-e08a-4481-9a33-e73274103dbe.png,normal
ac4dbb76-f72f-48ef-ab91-bd3fc6dbe5b4.png,normal
e37f89d4-3cdd-41af-8a07-3238b93230ce.png,pneumonia
3c2ffd0c-b04c-4a9c-84df-09ec201f55ff.png,normal
covid-19-pneumonia-evolution-over-a-week-1-day6.jpg,COVID-19
b4299b1e-7fb8-479d-8754-0a8fa6463400.png,pneumonia
ryct.2020200034.fig5-day7.jpeg,COVID-19
22fdcdc2-9d80-472e-b3b2-f5385004c16e.png,normal
covid-19-pneumonia-28.png,COVID-19
radiol.2020201160.fig2c.jpeg,COVID-19
3d7fb4b4-5e62-4591-aa4d-cbbc1ca3ffb7.png,pneumonia
figure1-5e7c1b8d98c29ab001275405-98-later.jpeg,COVID-19
5bad55a2-06e1-4ee9-8fbd-555a1f75e647.png,pneumonia
3802b256-c042-4f52-ab00-73877c1d1a57.png,normal
8f615e7a-eedb-4f8b-b6da-4b36dab3ed46.png,normal
b9f3b4ba-d6ac-4396-963b-95133dec53f8.png,normal
SARS-10.1148rg.242035193-g04mr34g0-Fig8c-day10.jpeg,pneumonia
8b3172f9-df28-4730-abc9-3904904bdb0a.png,normal
f4fffaa6-a5b8-494e-911b-1560d1937422.png,pneumonia
ecfe8040-c2e5-45d0-9ee7-d1a6963270ca.png,pneumonia
jkms-35-e79-g001-l-a.jpg,COVID-19
9b1a6d45-e0e8-40da-8327-149461e79b8f.png,normal
8c55b222-9d23-4dfe-bddd-a4649cb70c63.png,normal
e6d643f9-3a71-47bd-ba97-90912b918c65.png,normal
96d2413d-d424-43ea-8d6b-f2e861c2773e.png,pneumonia
lancet-case2b.jpg,COVID-19
727dc837-fd38-427b-bf25-9c24b0476bcb.png,normal
5951a068-c3d8-4e8b-abec-c1a8052411b2.png,normal
c6af753a-b070-4000-afc3-c4623b84aad0.png,normal
e61e042e-8f4a-4564-b8c1-dda2663ac82a.png,normal
61366af6-2df8-4721-944d-ea0fdec6ed00.png,normal
d9a6fe09-9ee9-4d64-bc42-cd903276f513.png,pneumonia
901c9f79-f402-4468-904b-29d1d0155384.png,normal
afddf7bc-bdb4-49c8-8cab-9e52bb00e7d2.png,normal
2673d0ba-ab94-4aac-8a9f-1599818c2c12.png,pneumonia
