filename,class
5fe3ceb8-babb-49be-b260-44937fae4b2f.png,normal
b9adb158-7467-4c25-90a8-a356b2dc1b06.png,pneumonia
81b2f859-4b10-457d-8130-fae721795d99.png,normal
af126ce1-a5d6-43bb-b5d1-5fef9bcbeda2.png,pneumonia
899a3c1f-3355-4092-88a6-67848ecc137d.png,pneumonia
85E52EB3-56E9-4D67-82DA-DEA247C82886.jpeg,COVID-19
1-s2.0-S0929664620300449-gr2_lrg-d.jpg,COVID-19
c3b9b37a-812c-439e-913f-39e94b8ec870.png,pneumonia
ad217b8d-1a8a-4347-871c-812febbde1e4.png,pneumonia
16c2d839-2259-400b-b6f2-0719ea2f3dff.png,normal
dec5c8de-c916-441c-a23d-16b8815658d1.png,normal
radiol.2020201160.fig3b.jpeg,COVID-19
5871b176-cee8-4b9b-80e0-a6a4cf36d1b6.png,normal
bdc799a8-41b5-49fc-b419-8759349acb8a.png,normal
e44ab157-4b17-4afe-9ca0-65ddfd15ae0c.png,normal
dfa37727-e289-4b2b-bd21-c6a4da9652e5.png,normal
ad04815f-f706-4323-bc71-a99cf971db8a.png,normal
949ccbce-b365-46ab-ac0e-c6b633c10e04.png,pneumonia
c208db34-d893-4a2b-9cf2-45490f5b78a3.png,pneumonia
a965cb42-5f7b-4cfb-9970-6fe6b80f640c.png,pneumonia
0ba245bb-b2e4-49b1-8c63-576e38470708.png,pneumonia
df8f2c22-ada6-4e53-9609-bc70528c5999.png,pneumonia
ac02e9f6-af90-46e9-b9fe-a3c92eb659dc.png,normal
41c5cb4a-4ebf-4774-b088-c14ea99f734d.png,normal
7AF6C1AF-D249-4BD2-8C26-449304105D03.jpeg,COVID-19
ca2ee113-9d1d-486c-aab0-ef51cb27c79e.png,pneumonia
8eebaba1-9c84-4c23-b7b6-6307acc1cb6c.png,normal
579c68e7-c03e-4cd7-bda5-93de372571f2.png,normal
48bea347-0966-4b29-af69-52ba98ad70a6.png,normal
87d4b0be-2d47-4bd5-be11-32cc82345b82.png,pneumonia
b34524bc-e812-4067-a0e8-bd7185bfb814.png,pneumonia
171CB377-62FF-4B76-906C-F3787A01CB2E.jpeg,COVID-19
61d1d633-b916-4c45-bdd4-cbd800153f00.png,pneumonia
F2DE909F-E19C-4900-92F5-8F435B031AC6.jpeg,COVID-19
0638709c-d31d-4a59-a9e4-fc408ae36145.png,pneumonia
2f873371-c1a7-4c07-9470-3bbcc201832d.png,pneumonia
right-upper-lobe-pneumonia-9-PA.jpg,pneumonia
ciaa199.pdf-001-b.png,COVID-19
figure1-5e7c1b8d98c29ab001275405-98-later.jpeg,COVID-19
covid-19-infection-exclusive-gastrointestinal-symptoms-pa.png,COVID-19
1-s2.0-S1684118220300682-main.pdf-002-a2.png,COVID-19
e944dd4c-c9ba-4f6c-9b12-f67230f5cb84.png,normal
ciaa199.pdf-001-a.png,COVID-19
a410dbbd-1ee8-4b79-876e-200b093b0e43.png,pneumonia
49c8003f-80cc-4d41-b553-32aea9a95802.png,normal
53EC07C9-5CC6-4BE4-9B6F-D7B0D72AAA7E.jpeg,COVID-19
6C94A287-C059-46A0-8600-AFB95F4727B7.jpeg,COVID-19
7834a7b0-6064-4f9c-bf5c-a526393af472.png,pneumonia
de5d15a5-7c00-45b0-a783-71f5184b84a4.png,pneumonia
pneumocystis-jirovecii-pneumonia-3-2.jpg,pneumonia
08fda39f-ba68-45cc-9bbb-d416b19c6dc2.png,normal
a8e34a04-dfa8-4ccc-894a-bda5f0542c38.png,normal
b5de935d-902c-441d-bf47-cde979d6f9eb.png,normal
dec77ec9-90e2-4bf3-b253-3da65c2a79fc.png,normal
9fdd3c3032296fd04d2cad5d9070d4_jumbo.jpeg,COVID-19
8b2e2e6b-422f-4196-9209-10c722b2e860.png,normal
e706c18e-3b33-43e3-8d4d-240e63789238.png,normal
SARS-10.1148rg.242035193-g04mr34g09b-Fig9b-day19.jpeg,pneumonia
SARS-10.1148rg.242035193-g04mr34g09a-Fig9a-day17.jpeg,pneumonia
all14238-fig-0002-m-e.jpg,COVID-19
1-s2.0-S1684118220300682-main.pdf-003-b2.png,COVID-19
76f3084e-fd14-46f8-93b6-04acf7ddfced.png,normal
b7fd679b-570c-4159-aadd-5c39d2238af2.png,normal
1.CXRCTThoraximagesofCOVID-19fromSingapore.pdf-002-fig3b.png,COVID-19
1f40556d-19e9-4c63-bc76-4ef8dc78fc60.png,normal
radiol.2020201160.fig3c.jpeg,COVID-19
ciaa199.pdf-001-c.png,COVID-19
b5eebe73-0b9c-4621-abcd-940f6e90a86c.png,pneumonia
1d4ba8b7-5055-42a1-b928-49542438cd15.png,normal
b76341f1-7b72-4c86-aed2-9967a0b3c729.png,pneumonia
covid-19-pneumonia-42.jpeg,COVID-19
covid-19-pneumonia-40.jpg,COVID-19
a0d6ccfc-3f60-41a8-8e11-4fa091384129.png,pneumonia
fa1dec3b-9428-43ac-9365-128608ce1539.png,normal
covid-19-pneumonia-43-day0.jpeg,COVID-19
5ed4c033-fbe4-42e3-a9f5-6693be3fb2f0.png,normal
X-ray_of_cyst_in_pneumocystis_pneumonia_1.jpg,pneumonia
7C69C012-7479-493F-8722-ABC29C60A2DD.jpeg,COVID-19
363fb4cd-363a-42eb-8a44-7bc088a57f69.png,pneumonia
fcae3037-2029-4c72-9204-cb11b4113e1a.png,normal
6dfd2625-34ab-4bd8-8de9-4fdb1d261bde.png,normal
b92ede51-1673-42f6-94c2-aec4504075ec.png,normal
0bf1767e-263b-443d-935f-489fe858922b.png,pneumonia
covid-19-pneumonia-49-day8.jpg,COVID-19
b0dbfa41-de0b-40f5-b635-3bdb73c620a6.png,pneumonia
1.CXRCTThoraximagesofCOVID-19fromSingapore.pdf-000-fig1b.png,COVID-19
pneumococcal-pneumonia-day0.jpg,pneumonia
cd064f36-a22d-4614-a4c5-96c2d36bbe7c.png,pneumonia
f9c4f02b-52b5-4f36-96d7-b706d678d9b9.png,pneumonia
5CBC2E94-D358-401E-8928-965CCD965C5C.jpeg,COVID-19
ead9646b-d109-4ac6-b4f7-340fca8a274b.png,normal
e874f9c3-27c3-4b54-b3c0-bc4461342f90.png,pneumonia
b7fe2048-abe7-4f69-b82a-ed93c354a8aa.png,pneumonia
25e09b01-feee-4917-b64d-4922b4670ffd.png,normal
pneumocystis-jiroveci-pneumonia-4-L.png,pneumonia
ebad82a7-09e7-404e-9467-31303b3967a6.png,pneumonia
e291d547-db57-48d5-a994-4e216cddc1f2.png,normal
bf78baf2-7a8a-4dc5-add9-63b3a0f9703f.png,normal
cb82576d-18f0-4116-83a4-97098a6d42ee.png,pneumonia
gr1_lrg-b.jpg,COVID-19
d995ff97-0cf8-4f17-adab-f23880706cf6.png,normal
2B8649B2-00C4-4233-85D5-1CE240CF233B.jpeg,COVID-19
da58e797-dbf6-4152-b32c-f618f35f890b.png,normal
4a441416-21f8-49fd-bbfc-668ac3f73cfb.png,normal
b66d2c1c-4bd2-422f-827b-b6edd7f1d41d.png,normal
b4ea3ed4-ba8e-4b62-8150-72e39aef9055.png,normal
b1d5d7d3-774a-4894-9575-73a4c7163494.png,normal
695e33f8-31d1-467e-add2-f05041880b28.png,pneumonia
bcccd58e-6cf0-4bd8-82c1-e51e18cd041b.png,pneumonia
F4341CE7-73C9-45C6-99C8-8567A5484B63.jpeg,COVID-19
c2b6c97a-c501-4a9c-b5a1-1dbb07d944cf.png,normal
3c1a0a47-72ef-44df-bc99-88af8a191c4d.png,normal
99a379a4-9e41-4f8a-bd8f-15ce969044f2.png,normal
covid-19-rapidly-progressive-acute-respiratory-distress-syndrome-ards-day-3.jpg,COVID-19
c9bfd9f3-6044-48cf-a1ed-382adb2ee4e4.png,pneumonia
4ba3e640-eb0a-4f4f-900c-af7405bc1790.png,normal
4ae0ca16-68d6-4ae8-92b9-b73c8783f6d2.png,normal
c5fb4095-cb29-4c10-9267-dafb286acc8e.png,pneumonia
wong-0000.jpg,pneumonia
42c53ccc-0051-4682-83f4-9c1bb3cc175a.png,pneumonia
90f6ccf4-8b05-40d9-bc14-66fe5ac54b4d.png,pneumonia
ee8a4128-a907-475b-a363-9cd60d65e46e.png,pneumonia
3f34c48c-80e6-4a04-9351-6ad809760b70.png,pneumonia
7b3dd88b-8762-47fc-be53-9a835e59db8b.png,normal
31BA3780-2323-493F-8AED-62081B9C383B.jpeg,COVID-19
9bb53dc0-28ed-47ed-bff3-9e6cc3c03d62.png,pneumonia
16654928-ac45-4cea-bb79-e97b9b02d012.png,normal
dd220856-6ba1-4319-8ce6-37e8238a02cf.png,normal
80446565-E090-4187-A031-9D3CEAA586C8.jpeg,COVID-19
pneumocystis-jirovecii-pneumonia-3-3.jpg,pneumonia
6CB4EFC6-68FA-4CD5-940C-BEFA8DAFE9A7.jpeg,COVID-19
5cde22a6-dc4b-4306-8af7-a81baa15734b.png,pneumonia
f0f46754-477c-4297-984b-7dfd3a6190ab.png,normal
c6844aa5-d3ae-4aa3-ace1-d358c469f9f4.png,normal
5f23a574-7ef3-436a-b8c3-438903fc68fc.png,normal
b90528c4-72d0-4e42-9873-6a3bae2edd51.png,normal
827d6b20-ff1b-4db7-816a-96c333375b08.png,normal
84f26613-70e0-4161-8804-65835801f185.png,normal
f609f84e-7834-4854-925e-bb4b883e445a.png,normal
5A78BCA9-5B7A-440D-8A4E-AE7710EA6EAD.jpeg,COVID-19
3cb9b341-19cf-4973-b901-3e69ea74d88d.png,normal
bb38452e-c1ea-4a6c-b46a-a4e7c5a9ca4b.png,normal
b7ac0a9c-3226-407d-9734-91a45d371732.png,pneumonia
abca299e-57c0-4eff-b785-39d690cd2c7e.png,normal
65a018da-8ac3-4394-aae9-2720e36887f1.png,normal
d72350f5-c320-43d4-b3cf-d90d5dc6b243.png,normal
8f0e79ea-5db6-4a83-9886-c7d58f5f4825.png,pneumonia
180edf81-c77b-415e-a34f-da706c7794c9.png,normal
pneumocystis-jiroveci-pneumonia-4-PA.png,pneumonia
kjr-21-e24-g002-l-a.jpg,COVID-19
528d7356-ba8d-4d21-934c-9557d0fe197f.png,pneumonia
14df3d5a-f3fd-4a64-ae75-5a9610575e11.png,pneumonia
b6c5ae6e-eee7-49a3-8fe4-70abda58ac5d.png,normal
covid-19-infection-exclusive-gastrointestinal-symptoms-l.png,COVID-19
covid-19-pneumonia-23-day3.jpg,COVID-19
37541ec6-57df-4f39-8318-e18663fafd0d.png,pneumonia
d60a4305-881e-4efb-b8ed-ab9dca8afdb9.png,normal
cavitating-pneumonia-4-day28-PA.png,pneumonia
covid-19-rapidly-progressive-acute-respiratory-distress-syndrome-ards-day-2.jpg,COVID-19
a7ab8ce9-d78b-469e-b596-57aca317e826.png,normal
e84da550-d09e-46cd-94c1-617b6d7aa461.png,pneumonia
1-s2.0-S0929664620300449-gr2_lrg-c.jpg,COVID-19
31764d54-ea3b-434f-bae2-8c579ed13799.png,pneumonia
3f58a6ba-859f-419b-aac6-dac93fe7b476.png,normal
1F6343EE-AFEC-4B7D-97F5-62797EE18767.jpeg,COVID-19
8886e5a9-1d22-4dff-adae-d977755a57cb.png,normal
c12aafdd-4d21-4cd3-a2ae-007bce2e2fc0.png,pneumonia
b95ddea5-0c01-4b30-817a-e3daa23c723a.png,pneumonia
F63AB6CE-1968-4154-A70F-913AF154F53D.jpeg,COVID-19
0927bc1e-e1af-4c7e-93c4-7127d366f57d.png,normal
D7AF463C-2369-492D-908D-BE1911CCD74C.jpeg,COVID-19
f4c6e50c-67a6-43b5-805c-df7da921f8f7.png,normal
pneumococcal-pneumonia-day7.jpg,pneumonia
d69499a0-85e2-4dd6-814a-80ae86d3dddc.png,normal
covid-19-pneumonia-2.jpg,COVID-19
d777f2bb-1383-4f8a-8e9c-fd18d8684617.png,normal
798cc681-1bc3-4421-a2a3-eb6712925d7e.png,normal
c3e28b77-4477-4e36-89a7-ec0713349d4b.png,pneumonia
a54b3045-d895-4e18-a05a-575dd6f4ce82.png,normal
b1129974-9d1d-4329-bb38-9979786102ca.png,pneumonia
parapneumonic-effusion-1-PA.png,pneumonia
6b44464d-73a7-4cf3-bbb6-ffe7168300e3.annot.original.jpeg,COVID-19
41591_2020_819_Fig1_HTML.webp-day5.png,COVID-19
136d290d-6e17-4cef-8783-6044ec43e397.png,normal
a20bc291-6c7a-4194-94c4-de6f395bb6eb.png,normal
73cd5772-d381-4e83-a022-3fab0f78b035.png,pneumonia
f3d8b643-0706-4997-8819-92bb95524626.png,pneumonia
58cb9263f16e94305c730685358e4e_jumbo.jpeg,COVID-19
07ec1c73-c77a-4b43-bcc6-96f94cbd32ac.png,normal
8FDE8DBA-CFBD-4B4C-B1A4-6F36A93B7E87.jpeg,COVID-19
d6767f06-1031-4bbd-9757-31c7c9fc0b3f.png,normal
96d01e60-2cfc-44f9-8b6a-f0615fa09ea5.png,normal
be8c2b0a-19eb-4e55-9efc-9171358333e3.png,normal
covid-19-pneumonia-44-day-8.jpeg,COVID-19
b805edec-e95c-4efe-8364-fc26fd29bb5c.png,normal
ac0fa091-cdb3-4e17-a8bd-58545c3e0106.png,pneumonia
584b8c84-e2e5-4a88-b650-d97308671fdd.png,pneumonia
6e028cf7-8ea4-4e7d-a2b5-0d5bd2eca495.png,pneumonia
8cea149b-8947-497e-8279-0a7aefc28d60.png,normal
a7c3b865-bffc-4fbe-bcff-46d9cf0de9b3.png,normal
23E99E2E-447C-46E5-8EB2-D35D12473C39.png,COVID-19
661ca6dc-2132-4e8b-bac6-67add068a186.png,pneumonia
376a6f4e-a470-48e7-9092-b6179f296e46.png,pneumonia
c2b612b7-72d6-4224-87d1-2e55e4ba905a.png,pneumonia
3e19b1b9-1391-401b-8038-61c74a4ff1e3.png,normal
545258bb-53e4-4219-9b5f-62d18661eac2.png,normal
699aa162-5dfe-487a-a8e5-5ca7fa3efa20.png,pneumonia
97b7fb68-359d-46f4-b20f-5cb82bb8dd81.png,pneumonia
streptococcus-pneumoniae-pneumonia-1.jpg,pneumonia
covid-19-pneumonia-30-PA.jpg,COVID-19
6e22e938-1cb8-4c9a-89fd-c97e43452826.png,normal
0a2c130c-c536-4651-836d-95d07e9a89cf.png,pneumonia
pneumonia-7.jpg,pneumonia
c1f9926f-975c-402d-976c-ee9a12fa30f2.png,normal
ae794223-db3f-4b8d-a307-a5cb1ac5eb57.png,pneumonia
46e6b4be-e2aa-4b5a-8917-9c0846ac0430.png,pneumonia
ce6517d2-cba5-4e79-936d-1d8bff1559fe.png,normal
db1ba12b-08f9-413c-9dae-07e9a6327f86.png,normal
80314888-a5ec-4ba1-8cf4-ad9c67fac5ba.png,pneumonia
32307e74-5fa6-4aaf-acef-474a8807faec.png,normal
e56de97f-aac0-4a7c-8ddd-f861cae269f1.png,pneumonia
b678dfde-85c1-464f-936f-de965a7f5fe9.png,normal
e6817988-1f0b-4341-bc2a-99ffea80a000.png,normal
b2314db2-44f7-4fea-9a4a-a0d22f518ac6.png,pneumonia
a3d54ec1-68db-497a-ba57-b7feeb3b7739.png,pneumonia
1-s2.0-S1684118220300682-main.pdf-003-b1.png,COVID-19
3428d5f3-ae3f-43d1-9f7a-9d7d4afd5782.png,normal
pneumocystis-jirovecii-pneumonia-2.jpg,pneumonia
covid-19-pneumonia-23-day1.jpg,COVID-19
4f3d63dd-1e55-416c-be87-3ba5e4470592.png,normal
702dd374-879d-4b8e-ad5b-7729f16a9ae2.png,pneumonia
1.CXRCTThoraximagesofCOVID-19fromSingapore.pdf-001-fig2b.png,COVID-19
covid-19-pneumonia-14-PA.png,COVID-19
8cfec33b-e4eb-4c7c-b31e-584300416467.png,normal
ac51aa90-d1ca-4247-911b-09e5b324fa30.png,pneumonia
dede78fc-ba09-470f-b875-009a6edfac6f.png,normal
05fe7d73-5c8c-4349-88c4-2071a00d6d81.png,pneumonia
3b5ce046-19d3-4a6e-8664-0a5fa7e1014b.png,pneumonia
7EF28E12-F628-4BEC-A8C5-E6277C2E4F60.png,COVID-19
FE9F9A5D-2830-46F9-851B-1FF4534959BE.jpeg,COVID-19
e16fae2e-675c-42e0-becb-27770deacfcf.png,pneumonia
17042665-a8a3-4538-a665-39126634f3dc.png,normal
baa5cbde-acb9-4160-a8e9-d19ab0cf8063.png,pneumonia
13cca55a-615f-4f7c-9061-7d12185baace.png,normal
figure1-5e7c1b8d98c29ab001275405-98.jpeg,COVID-19
564eac4e-bec9-4cd6-94cb-cc6ba78983b9.png,pneumonia
478d58f7-13a0-423d-b759-20dc25412a66.png,normal
1-s2.0-S1684118220300682-main.pdf-002-a1.png,COVID-19
472dac2e-aba2-4119-b9f7-37939e23e0b1.png,pneumonia
9673d5f3-fc1c-49bc-902a-81ff14db1da0.png,pneumonia
a7649c2a-2a7b-4fbe-8615-fc1346d526b4.png,normal
ef21f886-1959-463c-845c-bc55181a19f5.png,pneumonia
39919c47-0f93-417f-96fb-1aa8a6d6e7ab.png,pneumonia
1eac099e-4467-42e1-af73-aac4feebe439.png,normal
1600da0c-21f7-41a9-92d8-1d138a70bfac.png,normal
322bc6ed-ee75-441f-b390-8cebf1f1fb82.png,normal
17a6c2d3-d218-4ef3-99c0-4da163fc9e52.png,normal
4beb715a-335a-44a8-bc72-a2b27fd0377d.png,normal
ff04a17a-9514-481c-985f-13e09944cfd0.png,normal
radiol.2020201160.fig3a.jpeg,COVID-19
covid-19-pneumonia-24-day12.jpg,COVID-19
1f493e1f-cd9f-455a-8b22-c77d042d6ac2.png,pneumonia
be367de2-d888-41df-90bd-82baaa80541f.png,pneumonia
figure1-5e71be566aa8714a04de3386-98-left.jpeg,COVID-19
24ed1939-bec5-43dd-9206-0a8091f2602f.png,normal
e2597638-828a-4ab5-85f6-11c4230f1f2b.png,normal
covid-19-pneumonia-34.png,COVID-19
RX-torace-a-letto-del-paziente-in-unica-proiezione-AP-1-1.jpeg,COVID-19
c348479b-d4d4-4cee-8113-763b803820fb.png,pneumonia
b58fa5f2-5bc2-4ce9-ab9b-cb9c80199fc7.png,pneumonia
jkms-35-e79-g001-l-a.jpg,COVID-19
49cda5b8-d41d-4b34-b25b-b92520b65ea5.png,normal
87f877e7-ad10-4b37-aac3-ff05c4dc7a6f.png,normal
cece4385-6101-44eb-915e-2ce093ef08e2.png,normal
859ec41e-8eb9-4aca-a0bf-c17a0984b894.png,pneumonia
9bfbcf53-fe7e-47b3-ae0d-3d4cd48001ee.png,pneumonia
5931B64A-7B97-485D-BE60-3F1EA76BC4F0.jpeg,COVID-19
pneumocystis-pneumonia-1.jpg,pneumonia
88d42227-98c0-4f9c-9700-c89ebe83490f.png,normal
bc01023b-a656-4ee6-87fe-90382e7af127.png,pneumonia
cf8aa442-74cf-4610-8b1d-980d662bdcc4.png,pneumonia
1.CXRCTThoraximagesofCOVID-19fromSingapore.pdf-003-fig4a.png,COVID-19
71467d8c-7769-482a-b674-2edd74f4b4c1.png,normal
41591_2020_819_Fig1_HTML.webp-day10.png,COVID-19
9ede7426-5aa9-4b4a-85a5-ed3ffd486640.png,normal
9d93caf3-5af3-48a0-9a6e-23bec560da26.png,pneumonia
8d2a4ca8-58bd-48d1-afb3-836de5372e6c.png,normal
eb723a10-21f3-41dc-92bd-7bf9540798e2.png,normal
a4fb24c7-b45e-4bbd-afad-6a9ec1416185.png,normal
01E392EE-69F9-4E33-BFCE-E5C968654078.jpeg,COVID-19
1462ffd1-939b-49b7-9234-eeeb7f4986cc.png,pneumonia
49bf391c-a623-4e5d-b6e6-818f85cd52d0.png,normal
SARS-10.1148rg.242035193-g04mr34g0-Fig8b-day5.jpeg,pneumonia
all14238-fig-0001-m-b.jpg,COVID-19
covid-19-pneumonia-53.jpg,COVID-19
fff49165-b22d-4bb4-b9d1-d5d62c52436c.annot.original.png,COVID-19
93d411f7-22d6-439f-b0f6-ff1ca5a15699.png,pneumonia
9ea70274-1e3d-4fe9-ad36-73334656b134.png,normal
dbc5db8f-3ec9-4906-8afe-2969e096b6a6.png,pneumonia
a37dc7a9-8b22-461b-99d2-c77109da8220.png,pneumonia
accd45c5-2127-490f-94d1-beb7e54e5938.png,normal
2d09d0bb-a4fb-4a50-99c4-496ad756533e.png,pneumonia
figure1-5e73d7ae897e27ff066a30cb-98.jpeg,COVID-19
jkms-35-e79-g001-l-c.jpg,COVID-19
4e53d257-6eae-4ace-951f-72115498fbe7.png,normal
dbc50f97-e677-4c35-ac46-5eb7cdeba416.png,normal
4e43e48d52c9e2d4c6c1fb9bc1544f_jumbo.jpeg,COVID-19
covid-19-pneumonia-49-day4.jpg,COVID-19
3fad6559-5289-4da1-a682-df0c97a08e38.png,pneumonia
84fb9389-5b59-4db4-811c-7345c8bcd579.png,pneumonia
ryct.2020003.fig2-b.png,COVID-19
85cb9bb2-db1d-4bc4-97e3-9ee103e6a512.png,normal
a16853df-bb03-4737-83af-02e8fc3f2147.png,normal
1af01c2b-ade7-4482-a406-4e1c24335f1a.png,normal
86ed8bcd-55a0-4b91-8073-0cd11b77c907.png,pneumonia
2C10A413-AABE-4807-8CCE-6A2025594067.jpeg,COVID-19
8e9c142a-1265-4ab2-887d-fce3b9b46ff0.png,normal
b375ac9a-9005-48c8-975f-9b439b4fc867.png,normal
e646d2f7-cf8b-4dc1-9f4e-0bbee4e7bf28.png,normal
SARS-10.1148rg.242035193-g04mr34g09c-Fig9c-day27.jpeg,pneumonia
bb91c165-aa67-40b5-ac57-ad8458036952.png,normal
446B2CB6-B572-40AB-B01F-1910CA07086A.jpeg,COVID-19
covid-19-pneumonia-rapidly-progressive-12-hours.jpg,COVID-19
d9dde361-fd4c-45df-b461-5c9a29853a3a.png,normal
e00c4a0d-1647-467d-a602-6fe8dd8ac75b.png,normal
6efd348c-705e-4e83-bbd1-97e336ee6b1e.png,pneumonia
17477206-a644-49de-83a8-b32d5ba9ba5b.png,pneumonia
338e80a6-7b26-4133-b051-a40e063d39a3.png,pneumonia
covid-19-caso-70-2-APS.jpg,COVID-19
covid-19-pneumonia-23-day9.jpg,COVID-19
7307072e-18a7-4a88-a45e-44702e1b63ee.png,normal
pneumocystis-pneumonia-8.jpg,pneumonia
647aae90-5201-4b8b-8733-835d0bd244c3.png,normal
pneumococcal-pneumonia-day35.jpg,pneumonia
covid-19-pneumonia-rapidly-progressive-3-days.jpg,COVID-19
8ca19865-fd6c-4bcd-a2a0-7f9e9ea4bc5c.png,pneumonia
9ca3feed-1e10-4e30-ae69-192387a494c1.png,normal
3cbd12c8-6302-43b1-a28c-fcc892540c2e.png,pneumonia
75dbc949-4634-4f9c-b3bb-a8c03747e9e1.png,pneumonia
aa542085-6557-457e-b897-43591ce22108.png,pneumonia
33b5e086-3794-44f8-a4ad-077620ff3155.png,normal
52bdfe92-63e3-4485-8e96-1d976e31cbe1.png,normal
covid-19-pneumonia-41-day-2.jpg,COVID-19
823649c5-fe9e-4774-88d6-320f24184ff3.png,normal
SARS-10.1148rg.242035193-g04mr34g04b-Fig4b-day12.jpeg,pneumonia
dae0dd94-d374-40d0-a12b-a8feee49f3a2.png,normal
747a4e20-847e-4e45-b4cf-2ef247b51f1e.png,normal
5b2e6149-2308-4f75-bf96-a0f062de13cc.png,normal
4d4f2027-a6cf-4718-b180-7045c478908d.png,normal
5d886aac-426e-454c-9092-56edd7fe1808.png,normal
edf1fe7e-46a9-47be-8f65-132b2f8dd56a.png,pneumonia
6a8b9eb8-d466-4470-9331-a28f17222877.png,normal
34ba0b9f-640e-4e8d-9f60-3e6094cd3e50.png,pneumonia
b020667e-66c9-42f9-af4e-83fa346b60a2.png,normal
a10484ee-bd1a-4eb0-9df3-1947a31991e7.png,normal
da9e9aac-de8c-44c7-ba57-e7cc8e4caaba.annot.original.jpeg,COVID-19
ff241103-be64-4022-b8b1-71a1cec279a3.png,normal
fbea2dbf-3828-4b0b-a8cf-e1a1e513851b.png,pneumonia
b5fda723-b6c7-4b82-a960-83d3f52f385a.png,normal
43471655-e6fa-4a8d-bf0a-45ee62343d07.png,normal
67ee3f8f-2619-4800-bedf-15794758d155.png,normal
90ca0844-924a-4f74-926e-7561a808c0f4.png,pneumonia
03a9498c-549d-4e7d-800b-e74797f7f625.png,pneumonia
covid-19-pneumonia-22-day2-pa.png,COVID-19
ab212af5-998c-44bd-8581-b608b6545855.png,pneumonia
7de05222-e4c2-4b27-86cd-41d7df010dcf.png,normal
covid-19-rapidly-progressive-acute-respiratory-distress-syndrome-ards-day-1.jpg,COVID-19
c3768927-0d7e-4624-bf5a-3eea2011a5c1.png,pneumonia
9dd6e2cd-3afe-4a03-a3d3-de161a0446a7.png,pneumonia
8f615e7a-eedb-4f8b-b6da-4b36dab3ed46.png,normal
65ee68ec-bee2-446e-8aa7-171ee0bef2c0.png,normal
250a223e-0d4f-48f9-8698-321d58c1f0c3.png,normal
759add8c-3802-46f2-9cb6-06b092c4e9bb.png,normal
9a1ad872-6fb4-41d4-9a48-6dd6d7958d5a.png,normal
bbc06ae7-13a9-4911-8254-c142a800cba4.png,normal
bf639c3b-ca63-4ce9-ab5f-80cd0c2d7a5d.png,pneumonia
radiol.2020200490.fig3.jpeg,COVID-19
dd53ca39-9356-470c-b7e5-fa204a2de17f.png,normal
8da6abd4-8940-4696-bc43-6f0891cb7493.png,pneumonia
1-s2.0-S1684118220300608-main.pdf-001.jpg,COVID-19
SARS-10.1148rg.242035193-g04mr34g0-Fig8a-day0.jpeg,pneumonia
8a16c996-0d96-42fb-a51b-c60807a37169.png,normal
c2a5f77c-517d-4987-84e3-0338ad29704e.png,pneumonia
2966893D-5DDF-4B68-9E2B-4979D5956C8E.jpeg,COVID-19
cf6e0985-634a-4ad3-a0b1-703c6d840547.png,normal
covid-19-pneumonia-12.jpg,COVID-19
3aeaaca0-345a-4d22-93da-2bec43180e49.png,normal
1c68a559-e415-4891-9525-426515342d1f.png,normal
radiol.2020200274.fig3d.png,COVID-19
b99dd9a2-7611-4752-a972-11a231a1deaf.png,pneumonia
radiol.2020201160.fig2d.jpeg,COVID-19
451f7a13-2d1e-41c1-9e27-367c4300a513.png,normal
62bf0065-66a7-4217-b559-fb057f62c8f4.png,normal
27dc31f8-148e-42de-a6b4-60bfa79e20ae.png,normal
3473faaf-3f36-433b-aa8f-4e69a9948d18.png,normal
aa78c204-135e-4605-8310-7202c41e08cc.png,pneumonia
8cdacf7d-d81c-40af-8bea-d107073d0412.png,pneumonia
f27f1efa-0d7f-4d71-aa3e-9ae8125bf1b4.png,normal
dcf553ec-7ff7-4d00-b71a-24c88898d2ab.png,normal
c21ec0de-755f-433f-be49-e6ccdc94a735.png,pneumonia
all14238-fig-0001-m-c.jpg,COVID-19
18832ae7-6e31-4667-8eb5-3eddf5ab6d8e.png,pneumonia
5fb64e85-62ef-4852-8ad1-f799015c8cc3.png,normal
b46fcbd0-8851-4561-96de-0a820e49f45d.png,pneumonia
637b1dfe-c876-44d8-b5a9-e5ebe3663773.png,pneumonia
f5fb166f-fbb1-474f-a7ad-1677dc6d60a7.png,pneumonia
a7ad23a1-d70b-410f-8f89-c2add3e3ad41.png,normal
9bb53972-9fe8-40ff-b241-1603ba269df6.png,normal
a2b6217a-2c7b-4cc3-b313-ec48bf272a2f.png,pneumonia
1858bafe-3d3f-4fc6-84bf-e0f85ea1e264.png,pneumonia
e9805e2c-6c78-4804-ace7-440c0a6200d1.png,normal
b97cc203-9a13-4147-b7c4-7300f05eecdb.png,pneumonia
jkms-35-e79-g001-l-b.jpg,COVID-19
60c7d6a1-9aad-452f-9789-918056b955ad.png,normal
081a54bb-0144-4c22-9909-e3e45b15ff4c.png,pneumonia
4ad30bc6-2da0-4f84-bc9b-62acabfd518a.annot.original.png,COVID-19
03BF7561-A9BA-4C3C-B8A0-D3E585F73F3C.jpeg,COVID-19
1ff1ebfc-d6d4-45bb-9d67-198e7ed13c40.png,normal
covid-19-pneumonia-28.png,COVID-19
1.CXRCTThoraximagesofCOVID-19fromSingapore.pdf-000-fig1a.png,COVID-19
9C34AF49-E589-44D5-92D3-168B3B04E4A6.jpeg,COVID-19
88d3eebc-c9d4-4752-b4dc-477e37a1f00c.png,normal
56224d10-e854-4563-abbb-ed952fab26ed.png,normal
all14238-fig-0002-m-d.jpg,COVID-19
9528063f-230e-4a25-b3b1-412caca2f750.png,pneumonia
fe71c437-e46b-406c-8870-3b2298fc7d3a.png,pneumonia
SARS-10.1148rg.242035193-g04mr34g04a-Fig4a-day7.jpeg,pneumonia
b344e7ac-52f9-418c-a5a1-bba1f5b543bf.png,pneumonia
covid-19-pneumonia-24-day6.jpg,COVID-19
SARS-10.1148rg.242035193-g04mr34g07a-Fig7a-day5.jpeg,pneumonia
covid-19-pneumonia-44-day-0.jpeg,COVID-19
0a66f58c-f98d-41d1-89af-4e0136888e13.png,pneumonia
a4446942-ca25-4f9e-8ae9-4f373c3bcb4d.png,pneumonia
7d5502bf-2958-4bc1-a34e-d0b30f36f5fc.png,normal
fa532a37-779b-4d09-af50-553d103ff4d2.png,pneumonia
afe29620-410d-4491-999e-470040899f0e.png,pneumonia
0c3a7bda-26e9-4750-a295-5227365857c1.png,normal
d8959a46-82c0-40c4-8358-8fdb37f03c25.png,normal
57006321-67ba-47a7-81b5-714bd8c3392e.png,pneumonia
635058f5-90a8-46b6-8c4c-0989a3a82afb.png,normal
8f8ec915-b753-4e10-8c17-936e2e548b56.png,normal
ff40a703-b1db-48d5-a176-0b50763f9a0a.png,pneumonia
b1d88801-a6c9-4ab1-9ded-a98a6973f56e.png,normal
7E335538-2F86-424E-A0AB-6397783A38D0.jpeg,COVID-19
d3bc87ed-6343-4196-b277-e94b01f1da40.png,pneumonia
E63574A7-4188-4C8D-8D17-9D67A18A1AFA.jpeg,COVID-19
2cafbcf4-4191-44a1-b81e-b3b6c75ecc7d.png,pneumonia
E1724330-1866-4581-8CD8-CEC9B8AFEDDE.jpeg,COVID-19
ef8c6816-f060-479b-a122-fea344b21221.png,pneumonia
e905c80c-8208-4e4d-8282-a73a573f39fd.png,normal
3036ca10-8d42-4749-81e2-8ed235a6a567.png,pneumonia
kjr-21-e24-g001-l-a.jpg,COVID-19
ryct.2020200028.fig1a.jpeg,COVID-19
fe79ab03-4727-45c9-9c42-813f2b34f111.png,pneumonia
ffb9f122-b2f4-4531-8297-416fc0e47cda.png,normal
c26b2a9a-ffdb-47f6-acf3-771fbe0f88f1.png,normal
B59DD164-51D5-40DF-A926-6A42DD52EBE8.jpeg,COVID-19
pneumocystis-jiroveci-pneumonia-2.png,pneumonia
7a818840-880c-44c0-90b2-f47e8e505b95.png,normal
aab88291-f31f-4820-8ffe-032378af31e7.png,normal
4de82994-1662-4fd2-ae76-e70667dab381.png,pneumonia
1d80b0ab-2dfe-4d28-bb01-e0b60a3ce972.png,normal
6d980149-cb04-4840-9260-f076f5151485.png,normal
b01d24dd-ff2e-4b9b-99bc-29023fc5b3ec.png,pneumonia
8c4c3e98-8341-4897-ab39-6d0c92045c45.png,normal
covid-19-pneumonia-rapidly-progressive-admission.jpg,COVID-19
covid-19-pneumonia-43-day2.jpeg,COVID-19
6fce7a48-4cdc-4bbb-a702-2b0af9ff3498.png,pneumonia
189fec61-2bb1-46e3-a285-1dc3a09e8860.png,normal
CD50BA96-6982-4C80-AE7B-5F67ACDBFA56.jpeg,COVID-19
37a63005-ac07-4f34-a770-3ffa029478c6.png,pneumonia
covid-19-caso-70-1-PA.jpg,COVID-19
covid-19-pneumonia-22-day1-pa.png,COVID-19
A7E260CE-8A00-4C5F-A7F5-27336527A981.jpeg,COVID-19
a8d39eb7-7495-410b-8c23-0723b5245dae.png,pneumonia
bca35324-a10c-435e-8af3-c14753706834.png,pneumonia
c6c32242-6418-48b9-8458-6f7a812bf844.png,normal
kjr-21-e25-g001-l-a.jpg,COVID-19
baf525a5-daf5-465e-ba60-b779cce1e576.png,pneumonia
568694ec-5807-407a-8c10-40d0831e367d.png,pneumonia
a2b8c42b-db97-4b42-aae0-c8ba85053132.png,pneumonia
pneumocystis-pneumonia-2-PA.png,pneumonia
d17ca8da-8023-49d5-9670-141910334809.png,normal
db25155a-2b3f-42f1-a299-d364ee9841dd.png,normal
bfe2ef33-c62d-45ae-9687-ce865f5eca51.png,normal
6a8394ce-788f-45eb-9b3e-d49935f2d673.png,normal
figure1-5e75d0940b71e1b702629659-98-right.jpeg,COVID-19
radiol.2020201160.fig3d.jpeg,COVID-19
7D2CF6CE-F529-4470-8356-D33FFAF98600.jpeg,COVID-19
afbe84b7-428f-45d7-8d51-8b54a7547c98.png,pneumonia
be658bed-445c-4b31-a581-88ba0a008f4d.png,pneumonia
covid-19-pneumonia-41-day-0.jpg,COVID-19
28fd01f3-ea55-450e-934c-df01b11cfbc9.png,pneumonia
2387db99-efe6-4e4b-bbc8-6f725e1b757e.png,normal
572904bd-04f5-4378-aba3-994135ad7c61.png,normal
b24f4b3e-6e1b-4824-af10-270ec5093de3.png,pneumonia
313677e1-a894-4abc-814c-42ce8ab44dde.png,normal
d1c4f06d-da68-4000-9729-efcde23f9cc5.png,normal
880a1959-2f94-4572-8ed9-041d0d85e2dc.png,pneumonia
bd6ddc61-76d6-4d04-b543-8057337912b1.png,normal
407bc983-cb9f-4559-9e82-8b559e466042.png,pneumonia
32bac08d-957e-44e0-9c11-26657e24170b.png,pneumonia
9de7304a-bda3-4aa7-8002-c7b1b662745d.png,pneumonia
4878535b-ef11-4656-b44c-ed21d223e4d3.png,pneumonia
397fe03a-f56e-4903-8132-8494d0e9f82c.png,normal
6ca2313e-ff26-430d-aa93-140fca952ab4.png,normal
ryct.2020003.fig2-c.png,COVID-19
ff8d7572-1183-45e4-a1bf-730f58bdb988.png,normal
92e0dd85-743f-4b58-b079-9b4909f71d43.png,normal
24f95cc5-aa15-4dd5-9013-ea38d47d995e.png,normal
48d31260-a62e-4b8a-9d3c-cdc6da1a962f.png,pneumonia
96f6e753-c609-440a-9c94-fa65d47b38d7.png,pneumonia
fa493720-2b2a-456e-a8a8-6ba60e90fb8b.png,pneumonia
covid-19-pneumonia-8.jpg,COVID-19
gr1_lrg-a.jpg,COVID-19
39EE8E69-5801-48DE-B6E3-BE7D1BCF3092.jpeg,COVID-19
covid-19-pneumonia-7-PA.jpg,COVID-19
4738ed4e-96a7-4c15-9b7c-a68e42721192.png,normal
covid-19-pneumonia-38-pa.jpg,COVID-19
d55d7d6f-f869-45f8-8cf3-a176e97bb71b.png,normal
2f98447b-c43a-4dc2-873d-c326a34c1ba2.png,normal
4672156e-25e5-4bf4-8891-9e0e4a742c49.png,pneumonia
b0172af7-ae97-41a4-a848-cdea0fc1866b.png,pneumonia
all14238-fig-0002-m-f.jpg,COVID-19
62e7f210-65e0-40e1-ba52-8c21b6e767e9.png,pneumonia
2b74be46-2b42-4baf-9c9c-cc253e766a56.png,normal
a1870588-5aa1-4a1e-92cc-62383776659f.png,normal
2C26F453-AF3B-4517-BB9E-802CF2179543.jpeg,COVID-19
1.CXRCTThoraximagesofCOVID-19fromSingapore.pdf-001-fig2a.png,COVID-19
bf728b6f-7253-4872-bb67-2113b423652e.png,normal
covid-19-pneumonia-19.jpg,COVID-19
ece14845-36ed-4e3b-809b-dff4bfd063fe.png,normal
192f8bc4-1d12-4b3e-84a6-d94f77928faf.png,pneumonia
SARS-10.1148rg.242035193-g04mr34g07b-Fig7b-day12.jpeg,pneumonia
353889E0-A1E8-4F9E-A0B8-F24F36BCFBFB.jpeg,COVID-19
covid-19-pneumonia-24-day7.jpg,COVID-19
1.CXRCTThoraximagesofCOVID-19fromSingapore.pdf-002-fig3a.png,COVID-19
34456878-b0c3-4099-bf5e-6d4df08a90f5.png,normal
ryct.2020003.fig2-a.png,COVID-19
cavitating-pneumonia-4-day0-PA.jpg,pneumonia
9bc3b352-0796-42a9-8028-3fa131afbe7b.png,pneumonia
b1a8c34d-b577-45d2-8f8e-9190e2cefb4a.png,pneumonia
afc11a1d-44fb-4387-ae7b-26d83d738996.png,normal
9c1f1174-93c5-48ff-8199-61095885a20a.png,normal
93FE0BB1-022D-4F24-9727-987A07975FFB.jpeg,COVID-19
kjr-21-e24-g003-l-a.jpg,COVID-19
3f702d6d-d83b-4fb6-8078-84c586652373.png,pneumonia
65247f5b-027f-4cff-95aa-f424dfeef259.png,normal
1.CXRCTThoraximagesofCOVID-19fromSingapore.pdf-003-fig4b.png,COVID-19
87bea6bd-4a01-4fad-8621-8e641e09dcad.png,pneumonia
99dc15a1-114b-4988-94b6-43f861e119ab.png,normal
369b5945-e573-4e49-99e8-dc608604be51.png,pneumonia
C6EA0BE5-B01E-4113-B194-18D956675E25.jpeg,COVID-19
96d2413d-d424-43ea-8d6b-f2e861c2773e.png,pneumonia
b58b5574-d66b-4b28-8ca3-137768b44c84.png,pneumonia
9c68beeb-e133-426e-831b-2f8266c978d7.png,normal
d29308aa-1deb-4c2c-b414-fdc0f49ef74f.png,normal
d57b47b7-2324-4bdc-a0ee-27ad6925d9e0.png,pneumonia
5e87c22b-dcda-4e24-aedb-113216cf5dbf.png,normal
5c9364c7-51da-490b-82bd-e7078e9c21f2.png,normal
94b1f5c7-d147-4510-8396-de38eb620ecd.png,normal
99239481-5f84-4fe9-aa79-dfa79d3e7ae0.png,pneumonia
333b7a3b-2d48-4926-9498-3e6b30239ab2.png,pneumonia
aa9ee7e3-71ef-48e3-9eac-46955dca641b.png,pneumonia
42900731-1044-4fca-9641-96c7dd02625c.png,pneumonia
d6c85c36-7611-4403-b5e2-2328d8aecd10.png,normal
covid-19-rapidly-progressive-acute-respiratory-distress-syndrome-ards-admission.jpg,COVID-19
5b19a5a1-d627-495e-80dd-c367f34a448c.png,pneumonia
3ea07f33-3cd8-4a27-b680-8e1bc57aa1b8.png,pneumonia
6c490407-f039-4eaf-94c8-1bff41b09f6c.png,pneumonia
82e7f34e-2d4d-47e8-bd42-0a8dac678265.png,normal
b460b35c-214c-45b6-8306-3bf234116ca9.png,pneumonia
072e7048-52f1-4b2b-be08-42e0ca1ba1ee.png,pneumonia
637d6326-e32f-48c0-82c9-aa1defe176a2.png,normal
c3751c94-ea6f-4a7c-b3bf-87a54012fa80.png,pneumonia
1-s2.0-S0929664620300449-gr2_lrg-b.jpg,COVID-19
d41a3f14-7f64-41e6-9fe8-6b56b13d3ac4.png,normal
73ad70a9-4028-4129-8faa-d98afcfb74a4.png,normal
pneumocystis-pneumonia-12.png,pneumonia
b551156f-a0e0-4895-9bd5-c4e6307f077a.png,pneumonia
9e7593a3-98a3-4f85-b42e-07899895acb7.png,normal
e572f346-564c-418d-91e1-8c8819f5f794.png,normal
5e6dd879fde9502400e58b2f.jpeg,COVID-19
radiol.2020201160.fig2c.jpeg,COVID-19
e5664ad1-46f6-461e-8fe1-08c513a00750.png,normal
abe31064-5e69-40f7-a728-d3edf6cf69aa.png,normal
e2b93bb4-d449-4914-b96b-3b4f0c6c525d.png,normal
82edc80d-0b41-45e4-8460-e46f64c67dbf.png,pneumonia
58bf27e0-a307-4d29-a977-511340f4572f.png,normal
7c0a140f-d56b-448c-8eb5-cc996fa78926.png,normal
7de9b008-f6a8-4101-965d-8590ceaa808a.png,normal
15f173c9-43b4-43b7-9dde-ff87543b959f.png,normal
b937f658-a71d-4c4b-abb8-665bf48067a8.png,normal
radiol.2020201160.fig2a.jpeg,COVID-19
9ee2b533-9bd1-461d-acbc-ac74aa13818b.png,pneumonia
d9a6fe09-9ee9-4d64-bc42-cd903276f513.png,pneumonia
pneumocystis-carinii-pneumonia-1-PA.jpg,pneumonia
8cc53b02-b1cf-46da-a20e-2f0aeda4f848.png,normal
pneumocystis-jirovecii-pneumonia-3-1.jpg,pneumonia
ab155e3a-d8de-4de3-a965-2dd883769073.png,normal
85d9875a-9fac-4422-a92b-08a593461a51.png,normal
39ebb0a8-3fad-42c6-83d1-b92272c32f6f.png,normal
750d6b01-4273-43b2-8de8-500e738cb257.png,pneumonia
c3670fac-87af-4e1b-a1d4-3181427a60fc.png,pneumonia
e969df66-5f15-4a16-9dcb-6889c0ffddf1.png,normal
b9069b7c-4da9-491c-b105-8c5edd6a7d1e.png,normal
beb22c8b-ca31-4a8a-a86a-5592e97966c3.png,pneumonia
9f1ab54d-5fb8-4464-9617-26a7d25f26cd.png,pneumonia
053f400c-145d-4770-841c-3ea961bb3644.png,normal
742640b8-5c3a-4c8c-8296-18f5613758ff.png,normal
ab17c7e8-3447-431f-afcd-efec89229fe2.png,pneumonia
wong-0005.jpg,pneumonia
857de893-ea75-4045-8e38-522da92d523b.png,normal
d82e5841-2f43-4eab-ac17-e98a2d90c51b.png,normal
1B734A89-A1BF-49A8-A1D3-66FAFA4FAC5D.jpeg,COVID-19
radiol.2020201160.fig6b.jpeg,COVID-19
57906d1b-d8dc-473e-8be1-c0e11e217054.png,pneumonia
cec44f58-1e4d-4efa-bc9d-2ee7320a1e16.png,normal
86853bbd-5af2-4551-8273-f2978dffdd76.png,pneumonia
covid-19-pneumonia-15-PA.jpg,COVID-19
B2D20576-00B7-4519-A415-72DE29C90C34.jpeg,COVID-19
7798d157-4dbf-402c-8b93-d3b97cb29d64.png,pneumonia
c2ee643f-0568-4816-9fa5-19d50cde5386.png,pneumonia
5675fd06-eb6c-49a2-b3a3-0df515e9a266.png,pneumonia
1312A392-67A3-4EBF-9319-810CF6DA5EF6.jpeg,COVID-19
1-s2.0-S1684118220300608-main.pdf-002.jpg,COVID-19
1-s2.0-S0929664620300449-gr2_lrg-a.jpg,COVID-19
09f0ac0a-2933-45fc-a937-c0da67f5fd0d.png,pneumonia
f277360c-a13a-4189-ac46-7125796e1628.png,normal
f9a571b8-65a5-463c-8ee7-db2f3728f5d2.png,pneumonia
SARS-10.1148rg.242035193-g04mr34g0-Fig8c-day10.jpeg,pneumonia
d4c4d222-b66e-46d0-8324-51d22ec81a9e.png,normal
3fc68a87-c737-419a-a871-8e78fec7f940.png,normal
