filename,class
covid-19-pneumonia-24-day12.jpg,COVID-19
4e99be88-ebed-4cb1-ab69-09764a51c417.png,pneumonia
1-s2.0-S0929664620300449-gr2_lrg-a.jpg,COVID-19
947dacf8-7695-46bf-af86-ac3f23b0e51e.png,normal
3fc3e7fb-1fff-4ad0-9900-8874ada57d05.png,pneumonia
X-ray_of_cyst_in_pneumocystis_pneumonia_1.jpg,pneumonia
f6c25e61-9623-4421-a9e5-ec775b128523.png,normal
a7f3e1fa-fc47-4b6d-a377-8a4ee4bda0f3.png,pneumonia
38c3c661-624a-4fdf-bd26-c7b33e20169a.png,normal
0488a028-fb77-46e1-85fb-f0b86cf57fee.png,pneumonia
b51c3c24-f9aa-4039-9fc1-527a5567dff6.png,pneumonia
kjr-21-e24-g002-l-a.jpg,COVID-19
b6271674-f13d-4087-ae03-d6ae35381dfc.png,pneumonia
6a35c51e-1d5b-4a08-b863-071916d08d79.png,normal
92dec024-edba-43be-973d-b2d58886e7c3.png,pneumonia
pneumocystis-jirovecii-pneumonia-3-3.jpg,pneumonia
17dc4e24-2228-4cdb-8052-9259a907f9c2.png,pneumonia
fa77a4cf-1db1-483f-af3d-c2be04c3e1f1.png,normal
b1ee3437-1d7a-4a85-a406-f2f7bca754dc.png,pneumonia
5e6dd879fde9502400e58b2f.jpeg,COVID-19
8a6eb7c9-81ff-43c3-81d8-85922e96507e.png,pneumonia
b06a0fe5-dd0c-448e-bbbd-b773b17e5537.png,pneumonia
fafb820f-cd7f-4a19-a24f-f294e69a0f87.png,pneumonia
3fd5687e-bc16-4802-a44e-163f667882e4.png,normal
53EC07C9-5CC6-4BE4-9B6F-D7B0D72AAA7E.jpeg,COVID-19
b27ce840-3616-4cec-8499-fa7dc760c387.png,pneumonia
875e79cc-dbd9-401c-b676-9d7d84951543.png,normal
490e20d5-2401-4884-90c2-707ea9cffc36.png,normal
pneumocystis-pneumonia-1.jpg,pneumonia
8fcc1e9b-4ee2-4251-ac82-d9ec7dd1869a.png,normal
34baaab0-0f22-4556-b860-97e1c18d0583.png,normal
pneumocystis-jiroveci-pneumonia-2.png,pneumonia
86936d5f-73fb-462e-bcbc-5815879cb3d6.png,pneumonia
93FE0BB1-022D-4F24-9727-987A07975FFB.jpeg,COVID-19
9d49e8a3-a382-4765-a6e7-1c865d8b7712.png,pneumonia
882e6633-37ae-4100-a315-5de37a6a1cca.png,normal
3a6a7fc5-350e-4d58-a8e5-397fa81e2586.png,pneumonia
a5558046-8a72-4a21-9526-f27ce43cd675.png,normal
b1b9f018-bc87-4f21-af0e-d56a58eb27fb.png,pneumonia
covid-19-pneumonia-28.png,COVID-19
3bf7dcac-a168-43d7-8043-84d21000771d.png,normal
3c6cc4e8-ab85-4053-9844-4f9eded69eec.png,pneumonia
0444a527-72cf-4bc9-b17f-100cf7acc889.png,pneumonia
37797c44-8479-4adf-b134-5074203fcf0e.png,normal
ba6fdec8-a82b-4409-a4f0-725fd36f02e9.png,normal
SARS-10.1148rg.242035193-g04mr34g0-Fig8c-day10.jpeg,pneumonia
6ccf77da-c917-4fc1-8bf7-f0e7bfd3acf4.png,pneumonia
905cf7dc-9b4f-4c3d-816c-65c3b6be7237.png,pneumonia
0ea2d36a-4ab7-4b82-b446-8be5c4089df6.png,normal
826361cd-08ae-49c4-b535-25a4f14026f8.png,pneumonia
6b44464d-73a7-4cf3-bbb6-ffe7168300e3.annot.original.jpeg,COVID-19
e9978ac6-e87c-40fc-9d28-af8308380e25.png,pneumonia
37c377d9-a4f9-4b58-82b5-42c1624e2d57.png,pneumonia
C6EA0BE5-B01E-4113-B194-18D956675E25.jpeg,COVID-19
94d1813a-2992-4aaf-9059-a295069eb201.png,normal
50138c3d-d19e-4da9-a153-83baf13be90a.png,normal
bf999eaa-6bce-46f8-be87-1dc34ca20e97.png,pneumonia
3be59bb1-6183-4c8d-9ac8-4591b6ab90d0.png,pneumonia
1f45c8c0-4475-45e9-85e5-0cf139d0572b.png,pneumonia
radiol.2020201160.fig2d.jpeg,COVID-19
adde381e-2a52-410c-9e75-3481e0fc8f18.png,pneumonia
41591_2020_819_Fig1_HTML.webp-day5.png,COVID-19
b33610c9-a152-47f8-8ee5-4f81dce62938.png,pneumonia
9fb3a24b-206e-4d21-92e5-7818fac9105a.png,normal
7934f518-dbaa-4201-922b-1bc93a245e84.png,pneumonia
36246c67-f3b0-4a3f-abd7-5001c1e24cb8.png,normal
fa231b7a-839b-43b2-8e52-19ddef1327da.png,normal
ciaa199.pdf-001-c.png,COVID-19
2ed29dd2-4d75-484b-871b-cbb29781164d.png,normal
586ad370-dafd-45c0-9801-a89e7e20380a.png,pneumonia
c2b24ebd-2c40-48c3-ba39-177224dd7db0.png,normal
c9b6be50-6b97-493a-a306-e6426fde2d76.png,normal
497c6936-eabe-436c-9def-6a4d129b12d3.png,pneumonia
d7b27590-3f78-4e51-9ab0-4490b6de0019.png,normal
4e43e48d52c9e2d4c6c1fb9bc1544f_jumbo.jpeg,COVID-19
7a39e982-e5f1-402c-b9a8-b9ee5f43fb8c.png,normal
1.CXRCTThoraximagesofCOVID-19fromSingapore.pdf-002-fig3a.png,COVID-19
15cdd2b4-0fb2-482c-92ac-a640e94eccba.png,pneumonia
pneumocystis-jirovecii-pneumonia-3-1.jpg,pneumonia
aaa75c43-b169-4831-a539-f6fb2b173a05.png,pneumonia
9C34AF49-E589-44D5-92D3-168B3B04E4A6.jpeg,COVID-19
9f08094e-9855-45c7-ac2b-1375e23f6b2f.png,normal
jkms-35-e79-g001-l-b.jpg,COVID-19
6C94A287-C059-46A0-8600-AFB95F4727B7.jpeg,COVID-19
09cdcb9a-3768-4403-a85e-37a65711aec4.png,pneumonia
fbd80ae9-ddf4-414f-a6ab-77da639c33c1.png,pneumonia
2c19d9cd-9662-40ad-9d93-1a6637a88e79.png,normal
77a4a76f-d348-4dd4-b22a-d7b676121d78.png,pneumonia
ryct.2020003.fig2-a.png,COVID-19
covid-19-caso-70-1-PA.jpg,COVID-19
16dbf9f0-5361-48b3-9371-0ba2707ccf27.png,normal
covid-19-pneumonia-34.png,COVID-19
e2f1fe33-c551-41c2-873a-56a23b238e72.png,normal
df7d2eeb-7bca-4501-b435-13ae3bd80a50.png,normal
eb4e6b74-352a-4631-9456-d848c2232440.png,normal
f7baf04d-3174-4711-b697-87792749d612.png,normal
f8119c58-ee61-473b-935f-d7b80004430a.png,normal
6d44602a-e27d-4454-95fc-e1043d30a97d.png,normal
radiol.2020201160.fig3d.jpeg,COVID-19
99122ea2-e76e-4b70-bfd9-350b8af5691a.png,pneumonia
77158193-070f-420c-aa5a-1610601ef4ce.png,normal
89c65de0-3fdb-4eb0-bd98-3456a244bfd9.png,pneumonia
83380c83-a884-438d-aab2-addedcb566d0.png,normal
0cbb1188-a386-4965-a292-29ff93300c97.png,normal
a1b04442-6cdb-42ea-9aba-7b813433dafe.png,normal
3a925cdd-891d-42bf-9ce1-30e7c95318be.png,pneumonia
82511162-d2f1-4299-bb37-96355996db3f.png,normal
a8dfd068-69e9-4486-bb22-2a04f2f2e1a5.png,normal
E1724330-1866-4581-8CD8-CEC9B8AFEDDE.jpeg,COVID-19
9c17d2a3-8d62-455e-90b8-5da650837b01.png,normal
909719b9-a1af-41a2-8ce3-bb99200a5cb0.png,pneumonia
3a1a5ffc-ed1b-4e5f-9358-bb67ed1e6a2d.png,normal
2C26F453-AF3B-4517-BB9E-802CF2179543.jpeg,COVID-19
F4341CE7-73C9-45C6-99C8-8567A5484B63.jpeg,COVID-19
79956cb1-e48b-4b95-92f0-c4f41a6bd1f5.png,pneumonia
68c87e83-8ab6-412a-b0bb-25b4e1d1e678.png,normal
c658d5f4-1e04-496d-b231-80588b0b092f.png,normal
0c46d62b-fd38-4445-9776-3963704c838b.png,normal
b9accc72-3980-4f50-9a16-0a26ca6285ad.png,pneumonia
25d1ddb4-df24-4e52-8a84-b0dff45f9718.png,pneumonia
c485a9bd-6e18-4328-8c5c-cf80f71aa35d.png,normal
f9538c72-0f7b-45e3-98a8-de3e4434fe4d.png,pneumonia
all14238-fig-0001-m-b.jpg,COVID-19
8c9a86b2-45c2-4435-acd0-2eb1c7dcf73f.png,normal
91963583-3849-49db-a281-6ced1cabf744.png,normal
cd8c2fb8-1560-4e2d-bcfa-933088a9d33b.png,normal
7AF6C1AF-D249-4BD2-8C26-449304105D03.jpeg,COVID-19
1004476c-1b00-4ccd-9c72-193b6a048e15.png,pneumonia
e3dfbde2-6e68-4e08-b73f-787a137ff4dd.png,normal
673f1dcd-acfc-40c1-a85a-cc080af094b6.png,normal
covid-19-pneumonia-rapidly-progressive-3-days.jpg,COVID-19
c9551eed-411f-4e1a-bb0e-7bf68d030fdf.png,normal
808d5693-0d8a-4ed3-9407-1f842997e35f.png,pneumonia
23aa6468-59f9-4ace-b656-9fea8d64764a.png,pneumonia
f73e8ce7-ed4c-42b2-9110-700e3c5f9887.png,normal
2f42fe81-bd2a-4b14-966b-589873d13663.png,pneumonia
789e8a7a-2ded-466f-8d50-17e8bc955978.png,pneumonia
aec849c0-4ef4-4d4e-9d09-573f1ce4cbd1.png,normal
da7733ee-9b8b-4d96-9638-9ee9b420be22.png,normal
covid-19-pneumonia-49-day4.jpg,COVID-19
pneumococcal-pneumonia-day0.jpg,pneumonia
ba38bcd7-f0bd-4ebf-9f5e-c63c8cb612c6.png,pneumonia
7b94fc31-0735-4840-beb8-c685f22ec90b.png,pneumonia
8ce7c7e2-cf1c-4849-9a68-8d832c2b7e19.png,normal
all14238-fig-0002-m-d.jpg,COVID-19
ecd30355-da43-4539-af7f-5a54b12abeac.png,normal
covid-19-rapidly-progressive-acute-respiratory-distress-syndrome-ards-day-1.jpg,COVID-19
c5dfc1a7-4669-42ce-af9f-62c3d8322049.png,normal
106d08b7-b1b7-4ca1-be8d-8de94d2ef682.png,normal
bed0dd75-f279-4fb1-b2be-97222380231c.png,pneumonia
2409fc29-8acb-4e1d-8fdd-fc333d5c4852.png,pneumonia
5A78BCA9-5B7A-440D-8A4E-AE7710EA6EAD.jpeg,COVID-19
adecfdaa-795c-4d5e-8318-7f02f00b9894.png,pneumonia
6b55c834-97d8-4d7f-b371-e8f71d4ad0f0.png,normal
radiol.2020201160.fig3b.jpeg,COVID-19
85802458-501c-4c9e-a8a9-ca558f0928ea.png,normal
RX-torace-a-letto-del-paziente-in-unica-proiezione-AP-1-1.jpeg,COVID-19
86746808-b97b-4a47-b073-973fa4babd3f.png,normal
E63574A7-4188-4C8D-8D17-9D67A18A1AFA.jpeg,COVID-19
5dbb418a-7dc7-4ceb-a3f0-956b28b39734.png,pneumonia
0c2b024b-5efa-4cb0-8a3b-7cc647665566.png,normal
bd958495-ad3b-4677-8bee-25125c1dbfc9.png,normal
5623a68b-8f2d-4295-bf4e-2f3a471cb84b.png,pneumonia
37817cfa-04c3-4b49-9c52-ae48743f68f3.png,normal
c43d3826-cd53-4b28-b951-8bd061aaeb4e.png,normal
85E52EB3-56E9-4D67-82DA-DEA247C82886.jpeg,COVID-19
db4bf734-33b8-40a3-847b-10797e757d14.png,normal
c422054e-4ce3-46ff-a45c-1a6c243236c7.png,pneumonia
covid-19-pneumonia-49-day8.jpg,COVID-19
covid-19-rapidly-progressive-acute-respiratory-distress-syndrome-ards-day-2.jpg,COVID-19
391a0d8a-9d87-4420-9e76-2bd87dbce5a3.png,pneumonia
3d7cde16-cbce-4a84-997c-11b9befe3f23.png,pneumonia
43d80aad-ae7f-4f59-97b5-7bcfe1203fdb.png,normal
db4b7eb8-c6f8-4a1b-9698-10e28fc216da.png,normal
9658279f-1689-4700-ba68-202387e569b7.png,normal
46c629c3-b58e-4b25-bedc-c8aabd9b5ad1.png,pneumonia
bc2a8121-cccd-47d8-8289-2dbfacf6b94f.png,pneumonia
b5463e1b-58dd-4541-823a-6b29bb1c3ae2.png,pneumonia
2966893D-5DDF-4B68-9E2B-4979D5956C8E.jpeg,COVID-19
d7308547-72df-4a22-9387-c1a96c8f8e44.png,normal
39EE8E69-5801-48DE-B6E3-BE7D1BCF3092.jpeg,COVID-19
a0c64b6b-5c91-422e-96a6-5389d9c23cec.png,pneumonia
7efe1069-9223-445f-a8d5-64b5a35438d2.png,pneumonia
39f08b1e-46f0-4463-ab20-f72aac165d83.png,pneumonia
covid-19-pneumonia-44-day-0.jpeg,COVID-19
streptococcus-pneumoniae-pneumonia-1.jpg,pneumonia
covid-19-pneumonia-15-PA.jpg,COVID-19
3f37ab54-2eae-4feb-9831-4fbfe65a0229.png,pneumonia
pneumonia-7.jpg,pneumonia
4c15ddb3-d655-428e-b05c-b48e2fc3aa5c.png,normal
bb6ea1d5-3343-4acf-a00c-091803bdb0f3.png,normal
all14238-fig-0002-m-e.jpg,COVID-19
2e19d541-b5d1-41d9-8265-989b6bfb1ecd.png,pneumonia
bf8609b1-a24f-4129-855e-fe3a0862da91.png,pneumonia
3632aa2e-04b5-499d-8a27-1af18699e5fa.png,pneumonia
a4e39113-dcce-495e-acb1-beb26abe1e6d.png,normal
F2DE909F-E19C-4900-92F5-8F435B031AC6.jpeg,COVID-19
1.CXRCTThoraximagesofCOVID-19fromSingapore.pdf-001-fig2b.png,COVID-19
70923e9a-cabe-4d97-bfd5-542f5a78bb01.png,normal
d4683e9b-ee14-40e1-a9f9-1eebd8d125ee.png,pneumonia
76c05ccc-eaf3-467b-abae-7f8f1a4aa6c9.png,pneumonia
b1026ffe-0240-4b32-ae61-e47a0352399f.png,pneumonia
SARS-10.1148rg.242035193-g04mr34g07a-Fig7a-day5.jpeg,pneumonia
1312A392-67A3-4EBF-9319-810CF6DA5EF6.jpeg,COVID-19
e3539d15-18fd-4bee-b593-5c74b0cc9210.png,normal
e6142222-d9bd-406b-a02f-59941a56eaf0.png,normal
5931B64A-7B97-485D-BE60-3F1EA76BC4F0.jpeg,COVID-19
21aea18e-5904-4663-9d36-54a43b90e4d8.png,normal
7E335538-2F86-424E-A0AB-6397783A38D0.jpeg,COVID-19
pneumocystis-jirovecii-pneumonia-3-2.jpg,pneumonia
c3c35d4f-c35b-4067-b86a-2ea01bc11acf.png,pneumonia
1.CXRCTThoraximagesofCOVID-19fromSingapore.pdf-001-fig2a.png,COVID-19
covid-19-pneumonia-22-day1-pa.png,COVID-19
covid-19-rapidly-progressive-acute-respiratory-distress-syndrome-ards-day-3.jpg,COVID-19
ryct.2020003.fig2-c.png,COVID-19
8b007266-3691-4ac5-af94-79d8fe6f1bd5.png,normal
da9e9aac-de8c-44c7-ba57-e7cc8e4caaba.annot.original.jpeg,COVID-19
a3d37445-e462-4e02-b292-9c73d8bd2668.png,normal
beb63eac-b9ba-40b5-89b1-8aed84ab43b6.png,pneumonia
78ce6b9a-db15-4576-8e8b-4c52650a457f.png,pneumonia
e8485b0f-293d-4ca8-8b71-92db61c8ee3e.png,normal
d27e22bc-ba0f-434f-a4f5-cdd9a24e598f.png,pneumonia
d7290a05-7b8c-4896-98b2-86952826ccd9.png,normal
figure1-5e7c1b8d98c29ab001275405-98-later.jpeg,COVID-19
5747aede-9bcd-47c9-9442-7d1875579d5e.png,normal
e12cc2da-8324-45eb-a748-45a3924fdc93.png,normal
8FDE8DBA-CFBD-4B4C-B1A4-6F36A93B7E87.jpeg,COVID-19
ryct.2020003.fig2-b.png,COVID-19
576d42dd-fb6c-45f0-8245-1808f0a8b07f.png,normal
171CB377-62FF-4B76-906C-F3787A01CB2E.jpeg,COVID-19
gr1_lrg-b.jpg,COVID-19
58cb9263f16e94305c730685358e4e_jumbo.jpeg,COVID-19
f638a33c-ee3e-4179-a095-4fec05ab51e5.png,pneumonia
ec81f707-4d7c-4a97-ab27-048c805f5395.png,pneumonia
9cdd71e2-ca33-4fe6-90f3-153f8f76e5dc.png,normal
f0163438-7fad-4c43-b49d-ae23beea475c.png,pneumonia
2090a3aa-9ba3-42a2-baa3-f0bfa4f783f8.png,pneumonia
abf61e81-b6cb-42df-89e5-ef08fb62312b.png,normal
af8ac1a0-5f55-42e1-9cf7-d79e70bf5fb1.png,normal
756db5a7-5547-4c51-90c6-b503a5997be2.png,normal
1a42aa5f-54c6-4ada-b381-cdf65cfc69b1.png,pneumonia
ec69eb2a-8d24-406c-8b20-6b2528af149d.png,normal
bfbea630-4c43-485f-b1b2-0e5715109ae3.png,pneumonia
pneumococcal-pneumonia-day35.jpg,pneumonia
499d40ec-e646-4e4b-a864-a95f47b10413.png,normal
37a371ad-7e94-4a2c-923c-2ddfce97f2ed.png,normal
radiol.2020201160.fig2c.jpeg,COVID-19
29c7e6ff-0de0-499d-9049-c2aae8303cd0.png,normal
SARS-10.1148rg.242035193-g04mr34g09b-Fig9b-day19.jpeg,pneumonia
covid-19-pneumonia-23-day9.jpg,COVID-19
jkms-35-e79-g001-l-a.jpg,COVID-19
77d82c92-f380-4e26-b39d-b43d5c814833.png,pneumonia
SARS-10.1148rg.242035193-g04mr34g0-Fig8b-day5.jpeg,pneumonia
d187294d-3dff-4de1-9bef-90a4f4c76cef.png,pneumonia
fb7c7c19-3c2c-452e-84ad-16a435b1ee6e.png,normal
b3e97d1d-0b1b-42c0-9a5a-52222414ff10.png,pneumonia
fec89f9c-205d-44d7-99f0-9f79669f45dd.png,normal
wong-0005.jpg,pneumonia
54a2c7b2-89dc-4f5a-b148-41be979cf90b.png,normal
covid-19-pneumonia-22-day2-pa.png,COVID-19
2C10A413-AABE-4807-8CCE-6A2025594067.jpeg,COVID-19
6aec6632-3c25-4a22-bcdb-94f589a77653.png,normal
D7AF463C-2369-492D-908D-BE1911CCD74C.jpeg,COVID-19
fa0f397f-7b3c-4244-9692-80e622821131.png,normal
fff49165-b22d-4bb4-b9d1-d5d62c52436c.annot.original.png,COVID-19
A7E260CE-8A00-4C5F-A7F5-27336527A981.jpeg,COVID-19
ae3e1340-6d98-49db-bd58-cebbb4d1a331.png,normal
ff939423-ded7-4887-907b-af5e68aa9aef.png,normal
5bcc3bbb-bdc6-4a10-97e5-7041ae36ca1e.png,normal
bd25f8f0-311f-4373-af5f-25ad7e140344.png,pneumonia
b2e3df58-d617-4bef-8a4d-ee9afba25281.png,normal
pneumocystis-jiroveci-pneumonia-4-PA.png,pneumonia
3331a818-6190-4caa-8e71-1849f68d1557.png,pneumonia
covid-19-infection-exclusive-gastrointestinal-symptoms-pa.png,COVID-19
covid-19-pneumonia-38-pa.jpg,COVID-19
ac6c0c0b-61bc-4bc1-b624-be8232028554.png,normal
188713c0-6005-47fd-a5b4-62d3c9119c0d.png,pneumonia
7e85a356-c710-409a-95ea-a92e3dccb7f8.png,normal
kjr-21-e24-g003-l-a.jpg,COVID-19
64ed913f-1663-4f8b-b9cd-b93ca14dbd0f.png,normal
5699df0c-aa5a-4109-8f23-1bed85d1470e.png,normal
348c2e71-9dd4-40dc-8e09-0fa4dfa8db5e.png,normal
1-s2.0-S1684118220300682-main.pdf-003-b2.png,COVID-19
radiol.2020200490.fig3.jpeg,COVID-19
6CB4EFC6-68FA-4CD5-940C-BEFA8DAFE9A7.jpeg,COVID-19
a2055494-aaae-42ff-87e4-e0059ba3b739.png,normal
6f5eb191-d7ee-472e-b08c-e6975896f5c4.png,pneumonia
1-s2.0-S1684118220300682-main.pdf-003-b1.png,COVID-19
9d670655-925a-4b96-8227-cb180f1cb34d.png,normal
699e4f22-4860-407b-a380-61ed56827fa5.png,normal
baac5ed4-b582-4c80-bd2d-acb97c52806e.png,pneumonia
a5fb7e34-07b2-4534-8f9f-3fb289ed8d26.png,pneumonia
cavitating-pneumonia-4-day0-PA.jpg,pneumonia
f1599b74-dd5c-4a4f-9c6c-1a8d4e4af353.png,normal
418285cc-41b8-4586-bc37-5bcd1ee4bb9f.png,normal
covid-19-infection-exclusive-gastrointestinal-symptoms-l.png,COVID-19
radiol.2020201160.fig2a.jpeg,COVID-19
covid-19-pneumonia-53.jpg,COVID-19
67702847-2e38-4864-acd6-5ca69941ee68.png,normal
166479fb-b1f7-494c-b894-2ddf6d21131a.png,pneumonia
15c181df-7b7c-47d3-ac5a-130b6047c1a0.png,normal
abb5e336-dc6c-448a-aac1-bb24a644d278.png,normal
000924cf-0f8d-42bd-9158-1af53881a557.png,normal
covid-19-pneumonia-rapidly-progressive-12-hours.jpg,COVID-19
5b7def79-7acb-436a-b46d-0337493fa33b.png,normal
db741ba5-5ff0-4c83-af7a-f6be5bd25e20.png,normal
5CBC2E94-D358-401E-8928-965CCD965C5C.jpeg,COVID-19
69b99b7a-439a-4813-97c9-58b48f7ff969.png,pneumonia
1bf08f3b-a273-4f51-bafa-b55ada2c23b5.png,pneumonia
ed69e597-d0bc-46ff-8e7e-c37df59ca86d.png,normal
01E392EE-69F9-4E33-BFCE-E5C968654078.jpeg,COVID-19
covid-19-pneumonia-41-day-0.jpg,COVID-19
f1d4a238-6cfc-4875-843a-3b5044c7cdf7.png,pneumonia
1B734A89-A1BF-49A8-A1D3-66FAFA4FAC5D.jpeg,COVID-19
pneumocystis-jirovecii-pneumonia-2.jpg,pneumonia
c12ea8e0-0579-46d7-96b0-ac0ecbb307b6.png,normal
5f1d47f7-b5e6-45fd-9393-fbfafb495c4f.png,pneumonia
36f51cc5-a28d-48f0-a086-df424f7f2c94.png,pneumonia
covid-19-pneumonia-43-day2.jpeg,COVID-19
covid-19-pneumonia-30-PA.jpg,COVID-19
b7d0cb5e-5594-41f1-9426-c7aa2cfd945c.png,pneumonia
5ed18df5-3701-4657-a87b-7a4481a65800.png,normal
2bdfab0d-4192-4a7f-a366-587c379ecdba.png,pneumonia
4e00fa41-f9dc-4826-ae11-3c2c0d056ff1.png,pneumonia
17f0a95f-5460-4c36-951b-6f9c8834b951.png,pneumonia
a6e6e9be-4ced-4c05-ad59-a07061fe72d6.png,pneumonia
1.CXRCTThoraximagesofCOVID-19fromSingapore.pdf-003-fig4a.png,COVID-19
559415a8-f9bc-40ed-9ac0-0f60104e7e9c.png,pneumonia
figure1-5e75d0940b71e1b702629659-98-right.jpeg,COVID-19
4cb1dcdd-dbd9-49e2-bdee-94c017d76e2b.png,normal
all14238-fig-0002-m-f.jpg,COVID-19
ed9b1f21-91e9-4acd-b798-d679fcd080f0.png,normal
kjr-21-e25-g001-l-a.jpg,COVID-19
ed78aad5-54e8-4853-aae8-dcb8f8dc9e79.png,normal
bfea966c-f72f-42f7-9712-9cf77b66bad6.png,pneumonia
ded57620-eb2d-403c-a908-f5499ba188d3.png,normal
446B2CB6-B572-40AB-B01F-1910CA07086A.jpeg,COVID-19
51b0e89f-608a-4040-9d0d-694ebe072c28.png,pneumonia
90c345aa-be44-4390-9f4f-12d02643560d.png,normal
d79e7709-3d77-4be2-9f22-a81a1999067a.png,normal
CD50BA96-6982-4C80-AE7B-5F67ACDBFA56.jpeg,COVID-19
a3d9e81b-9de4-4d4c-8449-327ba2875585.png,normal
af45702a-fad7-4664-8094-df145d2e7622.png,pneumonia
52510771-8dac-4123-9d82-6a8df9ce0a50.png,pneumonia
ryct.2020200028.fig1a.jpeg,COVID-19
fd8770d4-c595-4cfe-965b-9e51bf004dbd.png,normal
195033e1-ab56-4857-8b68-ef116fa576aa.png,pneumonia
pneumocystis-jiroveci-pneumonia-4-L.png,pneumonia
9bad4ae2-1652-40bf-a1bf-d6613fa70766.png,normal
069554dc-f5b0-4947-be4c-873dd6360b5a.png,normal
8ead702d-e231-4ef8-b53c-41c81e44235e.png,pneumonia
091d9bb8-eb0e-48ef-946a-254a4f8f0a0b.png,normal
0bfe09c2-ce96-4cd4-9374-92117c18da3d.png,normal
covid-19-pneumonia-7-PA.jpg,COVID-19
40519f48-dcee-454d-a460-5feb88b12ef5.png,normal
aad5a7ee-f327-4444-9a29-f279d3832286.png,pneumonia
3f189f11-c1f4-47a9-a1b0-886fb7344bc1.png,normal
c7c9a206-d53d-42e2-ae57-19b9624fe2c5.png,normal
70b6a2e6-77aa-4678-a3df-901dc49394a5.png,normal
180000cc-3d3e-4ab5-bc9b-4e6a8a1d8c15.png,normal
749fbf6d-b0ea-4118-91c7-a47d9d704f62.png,pneumonia
d7b55359-5045-410e-9820-4776cdaa137b.png,normal
1-s2.0-S0929664620300449-gr2_lrg-b.jpg,COVID-19
7918b5a8-0e82-43e9-ac13-70472f297d88.png,normal
490bfbde-9177-4544-bc0b-f5b33d3f6bb5.png,normal
7C69C012-7479-493F-8722-ABC29C60A2DD.jpeg,COVID-19
18cded58-0cce-4b19-93de-48082a7b7d4c.png,pneumonia
a67be9a7-9130-4e1b-a7a1-1f137ffddb7d.png,pneumonia
all14238-fig-0001-m-c.jpg,COVID-19
a44df0ff-7eab-4bfd-b841-5d26e9088933.png,normal
17700745-d6cb-49cb-aa70-d725ba0165ae.png,pneumonia
bdbf26d1-2706-49bf-9554-84a881440880.png,pneumonia
35071f53-b924-440e-bdfe-7e6f3c74989d.png,pneumonia
covid-19-caso-70-2-APS.jpg,COVID-19
c57ad4fd-3aa8-4ae8-a262-7336360d8265.png,normal
89aeafbd-37ed-4ff7-a8cf-3e6e5cf803ef.png,normal
091fa211-36c0-42a4-bd7d-c8bced664d9d.png,pneumonia
11d0e217-7779-4446-bf81-7529de124d89.png,normal
60dabf7b-68bb-46df-892a-7ceb8c14515f.png,normal
dde5428f-9703-4dba-aea1-479628ed83a2.png,normal
f0da2ef6-5d46-4fae-a924-a1cde8a871a7.png,normal
e20c5b46-c709-49e9-972a-86d845c1defc.png,normal
bb8367d7-725f-46e9-afd8-90e89043b032.png,pneumonia
0bcfe7ee-ada5-48de-990b-2a2fd6c6ed15.png,pneumonia
2dfde10a-53c1-4c69-b49a-43aa4543b7f4.png,normal
f27e1121-c394-4577-80c6-762f47e916b2.png,pneumonia
gr1_lrg-a.jpg,COVID-19
c7c66f99-3440-42a6-9d7e-3f66b1f6481a.png,pneumonia
80446565-E090-4187-A031-9D3CEAA586C8.jpeg,COVID-19
59fe31b6-e98e-432f-aaf0-8d0a84f1a179.png,normal
5e2f7515-0995-4dd4-8bbe-753fbcf304b4.png,normal
fd7cdea2-9ad7-4443-b14d-2b2da999f474.png,normal
41591_2020_819_Fig1_HTML.webp-day10.png,COVID-19
81a51c71-28ab-4a62-bb1b-458117d8234c.png,pneumonia
4ad30bc6-2da0-4f84-bc9b-62acabfd518a.annot.original.png,COVID-19
925e2507-76c5-4004-8326-52d030810fbd.png,normal
radiol.2020201160.fig6b.jpeg,COVID-19
figure1-5e7c1b8d98c29ab001275405-98.jpeg,COVID-19
859a8249-1e52-4a1a-9d35-e1cd84389c28.png,pneumonia
9c316b61-8635-4740-9fbf-5dc23c78490a.png,normal
7d351015-e0a1-4ba9-a310-1b1f8dc72256.png,normal
3f5b6322-d585-446b-bd58-302af95f771e.png,normal
dfc324e4-f843-49aa-b067-b51c82de4428.png,normal
SARS-10.1148rg.242035193-g04mr34g07b-Fig7b-day12.jpeg,pneumonia
covid-19-pneumonia-12.jpg,COVID-19
B59DD164-51D5-40DF-A926-6A42DD52EBE8.jpeg,COVID-19
4139d848-af6d-4264-84ee-599cece63d48.png,normal
F63AB6CE-1968-4154-A70F-913AF154F53D.jpeg,COVID-19
05073cbd-ad54-456d-9de6-b468db719b57.png,normal
4f449d8d-8826-4e01-8ef8-06cfab11cad6.png,normal
2af7c7b5-4b57-470a-9b31-1f167e3e500a.png,pneumonia
SARS-10.1148rg.242035193-g04mr34g04b-Fig4b-day12.jpeg,pneumonia
9e4f11c9-edcf-48bb-adce-0b06d7ddda3d.png,normal
radiol.2020200274.fig3d.png,COVID-19
d738846f-e366-4539-97bf-f84d2f5e7086.png,normal
ad7bfead-6c0b-436f-9d0b-92827be703c3.png,pneumonia
d9fad3be-6120-4eb3-8c28-e9226f4b0e7d.png,normal
f0ba0019-718f-4677-a723-05c27dba2f3e.png,pneumonia
1-s2.0-S1684118220300608-main.pdf-001.jpg,COVID-19
3b75d0e1-a430-4d1e-a89e-672d25ca6953.png,pneumonia
7f6f91c5-70aa-4838-bb5e-0461f07ef1d7.png,pneumonia
bb7dca62-6180-4e52-81b6-8a9e09a4bfae.png,pneumonia
8cff6974-c206-4db4-849c-f6a20dd09383.png,normal
1-s2.0-S1684118220300682-main.pdf-002-a2.png,COVID-19
5dff9c58-6243-4f60-8ac2-09caae7a9921.png,pneumonia
37e5967f-8b15-4cd0-965d-2550421734f1.png,normal
7ae2ae8d-3370-4e6a-b1db-8ab3ac862ce3.png,pneumonia
52fee036-272a-455a-9714-b6ff73e28403.png,normal
85e72666-5791-4882-b0ee-c0635c97ecd7.png,normal
0dbb83c1-2214-4152-ac69-d1e7e25453cb.png,normal
de2f67ae-c45a-4756-91d5-3ce30ba52258.png,pneumonia
5ef06067-7884-4079-80ef-24cfe392e939.png,normal
bc0f83be-459b-41e5-a720-c2d3241ab395.png,pneumonia
7a861a10-950e-451e-8704-36881b90a51b.png,normal
880f0e16-a8d8-4ff9-ba21-5cde5c2860f8.png,normal
7d5f828f-5c6a-4898-a64f-8364339f35cd.png,pneumonia
1-s2.0-S1684118220300682-main.pdf-002-a1.png,COVID-19
covid-19-pneumonia-14-PA.png,COVID-19
a36e7035-fe1e-4145-85cc-e893094beb3a.png,pneumonia
08732533-75c0-45e3-9565-f69307152c23.png,normal
ciaa199.pdf-001-a.png,COVID-19
8c40fc60-e753-420e-8a47-1e9c1990a924.png,normal
3cb2bebe-0b95-42af-9bfe-72aeff44f745.png,pneumonia
1.CXRCTThoraximagesofCOVID-19fromSingapore.pdf-000-fig1b.png,COVID-19
afa1bff5-3158-4bd5-bfe4-e85bcd3577d7.png,pneumonia
figure1-5e71be566aa8714a04de3386-98-left.jpeg,COVID-19
pneumocystis-pneumonia-2-PA.png,pneumonia
83f4781d-6f1b-476b-9916-d23ec415d928.png,pneumonia
covid-19-pneumonia-24-day7.jpg,COVID-19
5f1863c0-7804-419a-878d-b9719f354b22.png,pneumonia
pneumococcal-pneumonia-day7.jpg,pneumonia
e5f7c927-8d00-4284-b73b-8b1904f0977c.png,normal
e12d1aa4-4df0-46c4-9629-6a79b9c0a02e.png,normal
eac550ba-b757-479f-85fb-5534e0aecc2c.png,normal
bcd2d62d-b9a4-4b2c-b8a8-ef27a1f65226.png,pneumonia
FE9F9A5D-2830-46F9-851B-1FF4534959BE.jpeg,COVID-19
48eb6bcf-ddda-49f3-9f80-5a7a11b5bccc.png,pneumonia
cf20ff0f-d183-4768-a899-c995889ccf99.png,normal
8891b471-5c48-435a-bb12-ed6198211f55.png,normal
df0d1f3d-d200-4fc8-87b0-94f053a80a7b.png,normal
1-s2.0-S0929664620300449-gr2_lrg-c.jpg,COVID-19
457e1b0b-89f5-4f7f-b752-fd8420414b97.png,pneumonia
b541091c-8437-407d-be64-2440a01b33e8.png,pneumonia
eeb9b9e9-1502-49c0-b622-94f43a0b07c8.png,pneumonia
f0fa0d55-07a5-47ef-beda-b55a7489dca5.png,normal
72692f34-7a4b-4252-80fb-9d77b6288a47.png,normal
1.CXRCTThoraximagesofCOVID-19fromSingapore.pdf-002-fig3b.png,COVID-19
9f377ef1-a9b4-409c-8e6f-94199ac19a75.png,pneumonia
fa2932b5-02fa-4d1a-b2c6-3db35049e65a.png,normal
covid-19-pneumonia-41-day-2.jpg,COVID-19
001031d9-f904-4a23-b3e5-2c088acd19c6.png,pneumonia
jkms-35-e79-g001-l-c.jpg,COVID-19
590b390c-6d90-4ece-8875-247669e085a2.png,normal
7bd663e2-0ced-434c-9db9-d333071ef06c.png,normal
191ebe0e-a14d-416c-88e4-4c4fb2647690.png,normal
cavitating-pneumonia-4-day28-PA.png,pneumonia
pneumocystis-pneumonia-8.jpg,pneumonia
7d35dce4-759e-4b6a-9e59-833664bd77e1.png,normal
SARS-10.1148rg.242035193-g04mr34g09c-Fig9c-day27.jpeg,pneumonia
f5dda7ca-c53f-47f8-8a10-08a1e31794c9.png,pneumonia
cad0b2fe-499b-4c39-aa98-6fa9c558643c.png,normal
1c184066-163f-4941-9794-43e8ca7fe77b.png,pneumonia
7e278b62-38c0-4c4b-90a4-12a75778f0eb.png,normal
b7d63692-4cef-440d-a07d-49ceca4724ae.png,pneumonia
cdea8561-a7e5-4c37-8814-2e2251d31ee0.png,pneumonia
7c89b40b-7748-4209-bd78-27b4f374ec33.png,normal
378cab1a-12c4-4b24-a4f0-35f1d8eb8edc.png,normal
254bf9c2-9e64-44ec-a9f4-b776edeec834.png,normal
e0c2789a-7073-46c3-858a-05753b99d31b.png,normal
c893049a-237f-4dd5-931e-af4aedd49da5.png,normal
9785f111-2f91-4137-998e-6b2e516bc97d.png,pneumonia
89d63d9c-91be-49b1-a072-a4076a35a29b.png,normal
455c76de-482c-47d4-b15c-61da2640f4e0.png,normal
71ea9683-d7a2-4613-9838-e0ec52a3e76a.png,normal
c78a13da-c193-4c4d-b301-18b837d27840.png,normal
96bbd7f9-90cb-48fb-8338-0051807aeb1f.png,normal
covid-19-pneumonia-23-day1.jpg,COVID-19
56f44a88-2d8e-4910-9c41-46684fd1fdd4.png,pneumonia
43474085-8dcd-4d13-9aa7-949f08e5e73f.png,normal
48b71876-62c7-44c0-91b1-0952bbca6291.png,pneumonia
d6a9482c-0781-4595-9233-ed6da1ac5025.png,normal
6f5859fe-9eaa-4a4e-bb4c-217596812fef.png,pneumonia
b9c99ffa-21b9-4f54-8312-f3952ec4afdc.png,normal
5e3da45b-f7b6-4948-aad4-7a37cf9cae5b.png,pneumonia
1-s2.0-S1684118220300608-main.pdf-002.jpg,COVID-19
1ba253cb-105f-4250-80bf-be5565bd359c.png,pneumonia
d81d7dd3-d0d9-4bc2-8276-c0b6b32b5aa5.png,normal
ecb5a45c-314e-478f-946f-ac620738c00b.png,pneumonia
radiol.2020201160.fig3a.jpeg,COVID-19
0fc4edec-08ea-4cd4-bf21-a6319ef0b44d.png,pneumonia
524f5b87-d37d-4287-b7fe-0e7d05fa9d25.png,pneumonia
5ead2889-223f-4fa3-a540-04495121c121.png,pneumonia
60533df3-637f-4da8-955b-be149df0a192.png,normal
wong-0000.jpg,pneumonia
ad2795da-9b5d-4496-8f2c-ee94098aea1c.png,normal
8a2cff37-2aca-4914-93a1-72a89d8df2bf.png,normal
covid-19-pneumonia-2.jpg,COVID-19
03BF7561-A9BA-4C3C-B8A0-D3E585F73F3C.jpeg,COVID-19
22ff9ca2-6b24-422a-b8da-6f986a870077.png,pneumonia
covid-19-pneumonia-44-day-8.jpeg,COVID-19
0a628951-4482-4d01-a09a-9e590b886cf2.png,normal
58e3c190-8ab1-465c-bf3e-22a2deb0b9f2.png,pneumonia
6f0d2ff9-c0dc-48c3-a944-1f18dc185e1f.png,pneumonia
1668be84-8c1e-4f22-9a54-b88d285043dc.png,normal
bf5e225f-e3f1-470e-bc34-a325f17a4736.png,normal
bcbcf3f5-244b-4979-9405-9cfe410b37a7.png,pneumonia
4eb0d72a-4676-49da-a0e1-321822fb9139.png,normal
36622689-e3a8-4c99-a5ae-1aeee1b32157.png,normal
7119d8ae-329e-4cf4-bfac-389ae146ec96.png,normal
parapneumonic-effusion-1-PA.png,pneumonia
955f70b4-4090-4b39-a297-872158a13907.png,normal
a0af1a60-0f1c-4d53-9a71-dd438aa06b70.png,pneumonia
figure1-5e73d7ae897e27ff066a30cb-98.jpeg,COVID-19
covid-19-pneumonia-rapidly-progressive-admission.jpg,COVID-19
B2D20576-00B7-4519-A415-72DE29C90C34.jpeg,COVID-19
radiol.2020201160.fig3c.jpeg,COVID-19
b8d6b40d-2a3d-475f-88d3-03560f645223.png,pneumonia
kjr-21-e24-g001-l-a.jpg,COVID-19
a1055459-ab82-42b8-94f9-349a4ed5ec62.png,normal
a4146511-3e5e-4663-a79a-d0b578aca940.png,pneumonia
ab335009-3c56-4dc0-8280-77dee7889d5d.png,pneumonia
b7b3da7f-7b03-4113-b832-e1aa2c46580a.png,pneumonia
4e0296ae-1440-4c05-957e-3177134ee108.png,pneumonia
5da96579-cc2c-4437-8830-4069e7da2a16.png,normal
2B8649B2-00C4-4233-85D5-1CE240CF233B.jpeg,COVID-19
c39f0844-5e0c-4585-b05b-140caec4e078.png,normal
b16bcbb6-570b-450b-a9e5-b1e3663205bb.png,pneumonia
1-s2.0-S0929664620300449-gr2_lrg-d.jpg,COVID-19
ae7a7ed0-ea01-44de-9287-b2dec267bcfd.png,pneumonia
75f0f18a-0756-4f7c-8e37-e91f9e5a24be.png,normal
31BA3780-2323-493F-8AED-62081B9C383B.jpeg,COVID-19
41247428-2833-40c1-9fb2-4e1c59d165af.png,normal
d20a1a10-d569-42f7-90e9-882f7331e3ff.png,pneumonia
db9d9677-d418-4ffb-8198-43e36c50c7a2.png,normal
5f791b1a-d6c4-422c-bac1-c8f3c9049e08.png,normal
38b5b90d-6f8c-4470-8d45-b83e5dff6a4b.png,pneumonia
63ef9b68-0489-48bf-8a97-77d2c92a9c5f.png,normal
b6862fc0-31f9-4091-b8b1-256192168a0f.png,pneumonia
97217753-20da-4bc8-a64c-a35d183fae9c.png,normal
6222228a-e831-40b9-8d5e-eed896717642.png,pneumonia
covid-19-pneumonia-8.jpg,COVID-19
a2fd1e6b-4233-4230-aa6d-1449ccd134f7.png,normal
adf5f84f-432e-4b58-bbc2-6121f9119dd9.png,pneumonia
covid-19-pneumonia-43-day0.jpeg,COVID-19
covid-19-rapidly-progressive-acute-respiratory-distress-syndrome-ards-admission.jpg,COVID-19
f974aee2-90c8-4e12-bc06-6aa4a594e872.png,normal
652cf0c2-fed4-407c-8bd7-94d7e8787b35.png,normal
dc0287d9-75d2-491b-80a7-87d857967344.png,normal
9fdd3c3032296fd04d2cad5d9070d4_jumbo.jpeg,COVID-19
ce9cfea5-2872-461f-838f-eccc70df0160.png,normal
9bd3581e-716d-49de-b4d7-cfec9a66e09d.png,normal
1.CXRCTThoraximagesofCOVID-19fromSingapore.pdf-000-fig1a.png,COVID-19
66a4d456-d66e-4341-aa83-b011427fd9de.png,pneumonia
1d1c3fb7-71d6-4104-8a93-320e4959bbdb.png,pneumonia
08cbc4cf-9efb-47e4-a77f-d734e6a273c5.png,normal
6db32359-5e81-4f10-b509-5c55e1f27654.png,pneumonia
pneumocystis-pneumonia-12.png,pneumonia
ciaa199.pdf-001-b.png,COVID-19
b482e039-2679-4fd9-886a-b0fea2cba242.png,pneumonia
7fa60e93-a01d-4523-b164-b76cf61fb209.png,normal
abda22a1-7761-4590-a1a8-132e093c54f2.png,pneumonia
353889E0-A1E8-4F9E-A0B8-F24F36BCFBFB.jpeg,COVID-19
98d6226e-1c5b-4716-9519-514a4a3debe4.png,normal
b503e477-c5dd-48da-8723-fd1ca2a0b405.png,normal
e5cf3d27-7462-434f-b6b5-8234bd2198ed.png,normal
d60cdcd8-66ee-4e89-bbcc-cdaed2895d84.png,pneumonia
b7865631-3c59-43b1-bdbc-117844b95456.png,pneumonia
bf2b3b65-b21f-4e76-b3b3-98effc784a2e.png,pneumonia
0b2057bc-4c6d-4c90-8975-94c02392e460.png,pneumonia
41c24e94-d448-4ec6-8b41-1c2c7497664a.png,normal
58159114-ac1b-43f6-a6b1-94451fbb6c48.png,normal
SARS-10.1148rg.242035193-g04mr34g09a-Fig9a-day17.jpeg,pneumonia
831d8a07-1024-42a3-af2c-181144351cab.png,normal
covid-19-pneumonia-42.jpeg,COVID-19
SARS-10.1148rg.242035193-g04mr34g0-Fig8a-day0.jpeg,pneumonia
99f7ad08-2189-452c-afab-6d7b1c62c049.png,pneumonia
a9ed6265-89ba-4c5d-89f4-7df3ca2bf2fc.png,normal
23E99E2E-447C-46E5-8EB2-D35D12473C39.png,COVID-19
be4073e5-f1ef-4259-b7a4-8c379844cbaa.png,pneumonia
b827ba3b-f514-48c8-a317-b84adc9e0b31.png,normal
7EF28E12-F628-4BEC-A8C5-E6277C2E4F60.png,COVID-19
cd48389f-d5e7-4f7e-b0e0-dda7a74b9445.png,normal
ccd24f2e-dfe9-4a26-9c84-0caa0b67cbdc.png,pneumonia
covid-19-pneumonia-40.jpg,COVID-19
e7aed9f9-264a-40a3-84ab-1ed8b81547df.png,pneumonia
1d832dea-40e3-44f2-a282-6347a6733941.png,normal
d716617f-d655-4127-ace8-18189299a28c.png,normal
6f5d9135-ffc5-4076-872d-ba8a5bf7e8e4.png,pneumonia
45877324-19f1-49c8-90f2-037d0a6ebfae.png,pneumonia
0befe74c-5802-4fd4-aa1a-e5487d685558.png,pneumonia
ba185597-bb80-4b69-938e-4bff4b87d366.png,pneumonia
336c9afc-e140-4d5e-ab50-7b11809dbc1f.png,pneumonia
4217397c-f5d1-4890-8d71-5c6eebf8340e.png,pneumonia
right-upper-lobe-pneumonia-9-PA.jpg,pneumonia
SARS-10.1148rg.242035193-g04mr34g04a-Fig4a-day7.jpeg,pneumonia
1F6343EE-AFEC-4B7D-97F5-62797EE18767.jpeg,COVID-19
c89dddd6-a7c1-48a4-80e1-891670389b97.png,normal
8e37552e-0410-4afa-a22d-c9084e9f09e2.png,normal
ff7a9337-c12a-45a9-ab7f-3d7ea08e1162.png,normal
7D2CF6CE-F529-4470-8356-D33FFAF98600.jpeg,COVID-19
63fac8bb-6d04-4e04-b57c-2311eb376acb.png,normal
pneumocystis-carinii-pneumonia-1-PA.jpg,pneumonia
14996682-7fb0-42e1-a925-ab2a639bae18.png,pneumonia
d5dec418-0f74-489f-b696-ce73e6016e40.png,normal
covid-19-pneumonia-23-day3.jpg,COVID-19
06fc2885-127a-4274-b20c-554d352ea21b.png,pneumonia
36f0c0e8-9216-42a4-9a52-4322c74fc35d.png,normal
7ef47be2-106c-41d5-aa52-7c14a0fb82a1.png,pneumonia
a0426825-2cd7-47ae-b20c-f536a1ec2249.png,normal
e5b0faed-c2b1-4bf0-ab02-8243f1aaa228.png,normal
1.CXRCTThoraximagesofCOVID-19fromSingapore.pdf-003-fig4b.png,COVID-19
covid-19-pneumonia-24-day6.jpg,COVID-19
covid-19-pneumonia-19.jpg,COVID-19
