filename,class
1-s2.0-S1684118220300682-main.pdf-002-a1.png,COVID-19
radiol.2020201160.fig3b.jpeg,COVID-19
kjr-21-e25-g001-l-a.jpg,COVID-19
ce1ff7c6-b08a-4d22-8b42-cfa6084e1285.png,pneumonia
radiol.2020201160.fig2a.jpeg,COVID-19
da12c340-e233-404f-af44-ec897b6052a1.png,normal
7aca2dfc-2ab6-4bc2-aaa4-3e4cba6d95e5.png,normal
covid-19-pneumonia-28.png,COVID-19
fc27980c-fe2d-45ba-811a-c4fdf40ea059.png,normal
covid-19-pneumonia-rapidly-progressive-admission.jpg,COVID-19
0e08846c-ab58-48d1-9919-f5ea1f47d032.png,pneumonia
1F6343EE-AFEC-4B7D-97F5-62797EE18767.jpeg,COVID-19
pneumococcal-pneumonia-day0.jpg,pneumonia
ciaa199.pdf-001-b.png,COVID-19
e04808e4-4c7c-4176-ab83-31d41b8a9766.png,normal
fa65005b-f6ed-4c46-ae15-285ea0595747.png,normal
f5dadf63-c828-441a-b595-ea7698087291.png,pneumonia
6129c27a-0271-4480-ba7c-4b302c022861.png,normal
9b90c3f5-5126-4ef4-b109-244c88676697.png,pneumonia
figure1-5e73d7ae897e27ff066a30cb-98.jpeg,COVID-19
8893aab9-24ab-4e67-8610-826f483a7145.png,pneumonia
01f0f4bf-e678-430e-b43d-2968e2c4976c.png,normal
pneumonia-7.jpg,pneumonia
31b33ec5-c46a-462c-a933-36a361673a2b.png,pneumonia
476fd67f-33e0-47e7-b7d2-5f6e2afe4662.png,normal
covid-19-pneumonia-rapidly-progressive-3-days.jpg,COVID-19
7D2CF6CE-F529-4470-8356-D33FFAF98600.jpeg,COVID-19
bc92c935-81cf-4e5b-8edc-381c0327072b.png,pneumonia
729820a4-6f1a-4071-8793-1db3d782dd27.png,normal
6b44464d-73a7-4cf3-bbb6-ffe7168300e3.annot.original.jpeg,COVID-19
d60b8fd0-044e-4bbb-b88d-05289327dce9.png,normal
jkms-35-e79-g001-l-a.jpg,COVID-19
54f4e2eb-e4f8-4c61-9be7-73cdb4492fbc.png,normal
41591_2020_819_Fig1_HTML.webp-day10.png,COVID-19
covid-19-pneumonia-15-PA.jpg,COVID-19
b68878d4-8f89-4c44-9027-9f1802085abb.png,normal
4edd32a5-7960-41f5-a68a-df4744f3fe21.png,pneumonia
covid-19-pneumonia-rapidly-progressive-12-hours.jpg,COVID-19
radiol.2020201160.fig6b.jpeg,COVID-19
b6251813-a489-4cf8-b9ae-ca95fcfccb4f.png,pneumonia
c4567429-7189-4603-ae34-7cbf3a8b6c07.png,normal
a60ea99b-fcba-4bf6-9ffe-c5f700e50792.png,pneumonia
1.CXRCTThoraximagesofCOVID-19fromSingapore.pdf-003-fig4b.png,COVID-19
55396e70-ab8b-4a10-9f24-a2cda06cb2fe.png,normal
73c48214-24be-4f07-9d5b-f3774de98ddb.png,normal
698e0d36-b52f-41d2-a65a-b42bbcf67b2a.png,normal
SARS-10.1148rg.242035193-g04mr34g0-Fig8b-day5.jpeg,pneumonia
ryct.2020003.fig2-c.png,COVID-19
e7fbf482-7849-4311-8fe7-60652f38d387.png,normal
f0fcd55d-33fd-4215-ace8-2f421db576bc.png,normal
917b5947-334e-4642-98d5-8b801b523874.png,normal
right-upper-lobe-pneumonia-9-PA.jpg,pneumonia
76f00430-861f-4370-9e06-dd5b9692b669.png,pneumonia
187d657f-6de2-41de-bc6e-0bed9757aade.png,normal
a14ac79f-dbcc-41aa-98fc-3f1440891839.png,pneumonia
844ac956-e1e2-4f27-b58c-390d6405c3a0.png,pneumonia
71a96026-101c-4da6-a576-60cd288b9733.png,pneumonia
95b2b0de-de32-43bf-b419-e38be5e238cb.png,normal
446B2CB6-B572-40AB-B01F-1910CA07086A.jpeg,COVID-19
f975624b-62f4-4739-86fe-3e7c32a055a9.png,normal
covid-19-pneumonia-34.png,COVID-19
2ea47f2a-f72d-4de6-8620-d54d44bd5ea9.png,normal
52afc9f7-97f4-4fa4-9553-674213fcb1b8.png,normal
e06b4382-9140-4fff-817b-47026d28a98d.png,pneumonia
33c66fa9-6a08-4d0d-b309-88ce91a217c9.png,pneumonia
radiol.2020201160.fig2c.jpeg,COVID-19
995876a0-f2ae-475b-b410-62fd0aff7f3c.png,normal
98b21955-5f84-4188-8ff2-5b6bb140deb0.png,normal
d88da3d2-4032-4736-b278-bed083ce1b19.png,normal
cb9149e2-a09d-4b4a-a644-81d8f394d679.png,normal
78e64e55-99c4-4b43-8695-355ddd50bfef.png,normal
1c049d3b-394b-47d6-9b54-405d46db1ad7.png,pneumonia
b2dab5c5-79bb-44c1-9051-7189d2a9aab9.png,pneumonia
cef618fe-0158-47e9-ad65-546f6ffcb4b5.png,normal
bf02deef-f65f-41ac-a126-48a4740e161e.png,pneumonia
1.CXRCTThoraximagesofCOVID-19fromSingapore.pdf-000-fig1a.png,COVID-19
acc73b01-9373-405f-8684-64e29541d69e.png,pneumonia
03BF7561-A9BA-4C3C-B8A0-D3E585F73F3C.jpeg,COVID-19
192f3509-9413-44f1-a585-57829f15ad38.png,pneumonia
f91c1b44-d084-441a-83ef-97dc5a71cac8.png,normal
15697b54-5aa8-413f-8bc0-12d790340fff.png,pneumonia
b0e2b584-8e6f-4849-88ad-778a07abc055.png,pneumonia
9a73cc83-8871-425b-aa5b-44a5ef35bc32.png,normal
2993d607-03e5-45ba-9d1e-7e5b418b5a24.png,pneumonia
72a2d10b-cc88-433c-b988-8013f7530d99.png,pneumonia
93FE0BB1-022D-4F24-9727-987A07975FFB.jpeg,COVID-19
9ee07fd5-612d-4a33-89a6-12fa8ce9bb48.png,pneumonia
3c319790-02cd-44d7-bb91-8e758463ac82.png,pneumonia
39bc1a90-bdfa-4282-af4d-6a3a92b1d577.png,normal
jkms-35-e79-g001-l-b.jpg,COVID-19
1-s2.0-S0929664620300449-gr2_lrg-b.jpg,COVID-19
18dea804-4283-4c5c-94ea-47c42bbb619e.png,pneumonia
9f9e35d3-2032-489f-8729-474a160fa176.png,pneumonia
3b1e6d35-ec24-41f0-b5cd-ae2c7f814e5e.png,normal
94508cdd-9336-4c52-a10e-a82a3085b9e4.png,normal
8b6be652-97a4-4149-bd5a-92464ba031ef.png,pneumonia
radiol.2020201160.fig3d.jpeg,COVID-19
b5a341f2-7bb7-4e29-acad-55c7de8e5fee.png,pneumonia
f1a05d14-0364-4b81-ae36-384312dabb45.png,normal
2B8649B2-00C4-4233-85D5-1CE240CF233B.jpeg,COVID-19
ff28b84f-2f94-4614-893d-08300c32ac88.png,normal
bda1d8b6-2a74-41c3-8cef-3ff7864e4613.png,pneumonia
d5dba454-b144-4bfa-9c3a-9a1fd25c7c82.png,normal
5bab9e56-d8ea-47a2-8848-fd768e4a52af.png,pneumonia
covid-19-rapidly-progressive-acute-respiratory-distress-syndrome-ards-admission.jpg,COVID-19
2C26F453-AF3B-4517-BB9E-802CF2179543.jpeg,COVID-19
f854d6cf-8297-4894-80fe-90f9a11d0cb0.png,pneumonia
covid-19-infection-exclusive-gastrointestinal-symptoms-l.png,COVID-19
b6ebfc38-240b-4fac-ad09-ab378414fb55.png,pneumonia
f966c01e-ee55-4544-a700-032f9d538a2b.png,pneumonia
add35dae-274e-4e32-acd7-babdcb3e390f.png,pneumonia
7a5c7e58-8094-4ce4-94fa-e5e3e2fce6ab.png,pneumonia
ab27263e-592a-43ef-a1dd-6bea8a934e6a.png,pneumonia
fff49165-b22d-4bb4-b9d1-d5d62c52436c.annot.original.png,COVID-19
B59DD164-51D5-40DF-A926-6A42DD52EBE8.jpeg,COVID-19
f655a822-225d-4fe0-a69f-0886f91c5f2b.png,pneumonia
69988cdb-ff26-4cac-8c7a-6a814d8b58dd.png,normal
f4b0d823-4c8d-42ce-8e1f-9695227bae83.png,normal
3ccd18df-0b1a-4a0b-ad46-00b602382ba6.png,pneumonia
86a492f8-353f-4a6a-8d8c-53bd3333c595.png,normal
964dc796-8083-4c35-b97a-e59e9b938964.png,normal
3d963020-db86-43c6-8133-21c69cb65df0.png,pneumonia
791e72c5-ecb4-43bc-aeda-7756af052534.png,pneumonia
3a62a3c3-ad7c-4164-a473-939b599fb5be.png,pneumonia
7181705d-bd1b-4896-94e6-0cc4d7562d56.png,pneumonia
166088ea-38d0-4881-8a1a-7e6d5fc442dd.png,pneumonia
79398af7-b117-4371-b174-9a7644c12e06.png,pneumonia
175d97a4-f76d-4c1b-a5f3-882575b0a304.png,normal
4ad30bc6-2da0-4f84-bc9b-62acabfd518a.annot.original.png,COVID-19
90dccc5b-5e52-4cb8-8bd7-36a931dee30d.png,normal
eb5be562-36b3-44b9-a7ef-68a49d4b03ac.png,pneumonia
c87c655c-7aa0-475d-b764-8cf5831e1244.png,pneumonia
F4341CE7-73C9-45C6-99C8-8567A5484B63.jpeg,COVID-19
bc2873dc-5ea1-4c4a-954b-d94987bca42f.png,normal
covid-19-pneumonia-49-day4.jpg,COVID-19
356b74cb-83dc-4785-b2cb-c55e6cd417bb.png,normal
69faa480-4581-4dce-bb9d-29eb9a29b96d.png,normal
56419e8d-5982-460c-9e71-546609e6ebd7.png,normal
0efbd9ef-d4c3-4420-924d-db1ff63200f9.png,normal
covid-19-pneumonia-24-day12.jpg,COVID-19
d94692e5-6d1e-4e0d-bda0-526e7521127c.png,normal
33889753-8a7d-4d7b-a8bd-2b1088cf3a0f.png,normal
33d2956a-0501-471e-847f-ef9a0f4a18d2.png,pneumonia
5cfe2f81-5739-40a3-9ccd-417bd6378c60.png,normal
covid-19-pneumonia-23-day1.jpg,COVID-19
68f63380-e0f5-4797-bc2c-0aed51888125.png,normal
01d4fa0f-97a0-4522-b0d8-134400db2a3e.png,pneumonia
80446565-E090-4187-A031-9D3CEAA586C8.jpeg,COVID-19
5e61818e-7ea7-4580-85e4-b1d0e3b88ed3.png,pneumonia
be026429-a687-4339-9260-64690cd3ed1d.png,normal
e8659775-8a7f-40c1-a3a9-abdc85ba4fd4.png,pneumonia
db24add4-558e-4ad6-9f79-a3d78ff786bf.png,normal
5388cc79-bfa8-4035-b676-f5407859f261.png,normal
851e42c6-2d78-4dbf-9297-0ebda7f6bfe8.png,normal
SARS-10.1148rg.242035193-g04mr34g0-Fig8c-day10.jpeg,pneumonia
400f9de2-ee62-4c18-8d8b-7c122b688ecf.png,pneumonia
7AF6C1AF-D249-4BD2-8C26-449304105D03.jpeg,COVID-19
f145236e-77ef-4cc3-8289-85a020b56c5e.png,pneumonia
c665e628-0832-4584-9de9-4d07da83f25c.png,normal
d87954c5-4889-4c82-a110-99fe2aabd598.png,pneumonia
bd35798d-704b-4e3e-83c5-7957dfdf6715.png,pneumonia
912449f8-feda-4eef-89dd-55a2786e77f8.png,normal
82d01371-245d-40a6-9a69-28a374144bf9.png,pneumonia
16f580c9-9242-4535-8fb6-a1724f4bbf34.png,pneumonia
08bc9387-94f1-4ce8-8958-15864bca9052.png,normal
d0a4b2e7-814a-4628-bc09-6b5b710e0c4e.png,normal
7b67b1d4-9518-42a6-9d8a-05babb919b46.png,normal
SARS-10.1148rg.242035193-g04mr34g04a-Fig4a-day7.jpeg,pneumonia
6a87f637-edc6-4ba4-99a3-65ad4de67f71.png,normal
B2D20576-00B7-4519-A415-72DE29C90C34.jpeg,COVID-19
ed6e3fd5-ac11-4733-befd-aac7c6db0a7b.png,pneumonia
all14238-fig-0002-m-d.jpg,COVID-19
7EF28E12-F628-4BEC-A8C5-E6277C2E4F60.png,COVID-19
b3db4730-7c2d-4b91-b09b-2346fef7dc58.png,pneumonia
f1c0e838-08dd-4ec4-84a7-cedf9b87f592.png,pneumonia
wong-0005.jpg,pneumonia
99dcf680-1f54-4d88-aa29-d909be9e82ff.png,pneumonia
da9e9aac-de8c-44c7-ba57-e7cc8e4caaba.annot.original.jpeg,COVID-19
3c203807-9c47-42fb-b82b-680090451273.png,pneumonia
figure1-5e7c1b8d98c29ab001275405-98.jpeg,COVID-19
bb1017d9-2ae2-4eab-b696-09ad0e109bb6.png,normal
37ae5e7e-007e-4f68-be2a-40a4f5d67cbe.png,pneumonia
covid-19-pneumonia-40.jpg,COVID-19
8cb08a13-17cf-4101-89c7-3ceebd0cad0d.png,normal
0c24e2a2-9fca-463a-a1fa-fbcda2712260.png,pneumonia
2b76f7eb-f9ed-4b9a-aab6-10091c363221.png,normal
c76aa53f-ef52-41b4-827c-4fa7ccbd26e1.png,normal
e85b9e5a-ea0c-4fcd-8e7f-2f8699923099.png,pneumonia
a6c2fa0d-7cd9-4a0f-a40d-770943f06072.png,pneumonia
6d0b86ac-4d99-4a45-8558-20de59ad39b0.png,pneumonia
ab41e71a-fe4b-4d99-9e46-da80aeba0ee8.png,normal
2bd2f688-6bed-4f0c-a385-9eed1b1027de.png,pneumonia
pneumocystis-pneumonia-2-PA.png,pneumonia
8852c2ae-113a-4e71-9c7a-b8f67f60b012.png,normal
ryct.2020003.fig2-a.png,COVID-19
d6931240-6770-4832-a4b8-4a47dd51c0ac.png,pneumonia
e3838dcf-aafd-4df1-b12b-d4ee808467ea.png,normal
b6fe8b37-db6d-4ab9-b8bc-401a5e2b35a2.png,normal
9e0e05ef-1c6a-4883-957e-f36f5c59b9ad.png,pneumonia
190f704c-8ae7-47aa-9d40-e1435ec90fe2.png,normal
41591_2020_819_Fig1_HTML.webp-day5.png,COVID-19
gr1_lrg-b.jpg,COVID-19
e89fc6c2-4a0b-4d88-b1b9-f60a7f17fba9.png,normal
38ead95b-c698-4cef-bec8-3f95005484c3.png,pneumonia
611aac41-d471-4689-9732-610d88abb3e7.png,normal
5c9343f2-083e-47e8-8ae9-4333c5e5c9f2.png,normal
1-s2.0-S1684118220300682-main.pdf-003-b2.png,COVID-19
477986bf-e6c0-4cb6-8287-8ab2a0ee98e8.png,normal
177423d8-e811-4fd7-bfba-6b77b479e466.png,pneumonia
pneumococcal-pneumonia-day7.jpg,pneumonia
1.CXRCTThoraximagesofCOVID-19fromSingapore.pdf-001-fig2a.png,COVID-19
3594b48f-fcc1-4947-93f5-64be66467147.png,pneumonia
b8fa31a7-52ba-4bd1-8b63-0568b6935306.png,pneumonia
44f0cc59-9125-430f-9331-03b19383cfb9.png,normal
b684712e-93c0-4515-bd86-4c07825d8c89.png,normal
37b772bc-d179-448f-a2ba-ab3ebabdc188.png,normal
bf7b0977-4f77-45a7-8c03-77602f82b905.png,pneumonia
578e3b58-53cf-44e8-9d2e-81bd47ec7edc.png,pneumonia
b3f132cb-438b-40d4-a951-0089e8b1a840.png,pneumonia
50d3ac2c-2a61-4f81-a4b2-80049dce0770.png,normal
448c2b8c-9ed9-490c-bd4d-6a50c3ba943f.png,normal
83a9ae1b-36be-4a4c-a0cf-00e76a4f0463.png,pneumonia
9402fbff-b5cd-4372-a203-074a2f7d8bd1.png,pneumonia
0f639fad-780e-44f8-ba8d-0c934bdca870.png,pneumonia
0afeabf5-d5a3-454f-a50d-887f0d21106c.png,pneumonia
0b8c48a7-3158-4df1-b484-b6f677ff9612.png,normal
a863ad50-b68a-4e28-8934-b3fe0b89cefc.png,normal
c5a4a6b6-0f40-47b3-88b1-ca38011134fa.png,normal
bdace88f-39ec-48e2-93db-0476cdf7e582.png,normal
2616cf22-5180-4ac5-ab85-6285543093aa.png,normal
396a6819-5c6c-4809-8b76-4f41243a1d4f.png,normal
bac6c0e9-9e87-4d76-92a6-e9b0b11983e9.png,pneumonia
1-s2.0-S0929664620300449-gr2_lrg-a.jpg,COVID-19
4709d121-df3a-439b-8349-93439292a936.png,normal
covid-19-pneumonia-42.jpeg,COVID-19
16d8d1b9-1430-4043-acb3-d3938a354028.png,pneumonia
aead3682-bdf4-4f43-8468-8e6ac3cd41fa.png,pneumonia
d018db1f-9e6b-4fdb-88c7-529a10ff12cb.png,normal
58934db8-c9d9-4c9f-90e2-49c031f7bbd3.png,normal
ciaa199.pdf-001-c.png,COVID-19
915cea19-c952-4b76-b821-17e2ae425b4c.png,normal
covid-19-pneumonia-24-day7.jpg,COVID-19
387a5aa5-1494-4955-8c5a-a44ecb695a54.png,pneumonia
aa035292-3f9b-4800-89f4-b1e9722c7c67.png,pneumonia
kjr-21-e24-g002-l-a.jpg,COVID-19
f9bf4d68-b885-4fea-9702-77924abf06eb.png,normal
8cddc2e8-0283-4be1-8fc4-b683cef00bbe.png,pneumonia
cf3b5e4b-043c-4fcf-81b5-c11898dcefe8.png,normal
89b91e46-f1f4-416c-abbf-8b0e2131f549.png,normal
13e4a88e-245a-491b-9cd7-a8672c98175e.png,normal
6aba46dc-7658-4f06-9711-b8e17f582c1c.png,normal
covid-19-pneumonia-38-pa.jpg,COVID-19
c2657014-120e-456e-97e5-1adcdb908b73.png,pneumonia
18792f05-1f16-4343-884c-c33420e6b104.png,pneumonia
1312A392-67A3-4EBF-9319-810CF6DA5EF6.jpeg,COVID-19
6e108fd0-3d57-4c27-a7ab-16d9de2b4c70.png,normal
wong-0000.jpg,pneumonia
b329ead1-3d20-43af-b0d9-bc4e98ec2239.png,pneumonia
e32be4a8-2f2c-436a-8a3c-e4e424fad060.png,pneumonia
ecb8b46a-0cef-48df-95ff-134abb012792.png,normal
figure1-5e71be566aa8714a04de3386-98-left.jpeg,COVID-19
1B734A89-A1BF-49A8-A1D3-66FAFA4FAC5D.jpeg,COVID-19
3af08ed2-1f93-4a0f-bfaa-f62ef0548177.png,normal
f1993ea2-413f-4a41-bf31-ec23edc32805.png,normal
9dc1d341-d3a7-4745-bd02-6c877d696bf2.png,normal
a25b612b-59c5-4401-a60e-bf3720be8d25.png,normal
f9a26f29-b3dc-489a-8465-1335e88122a2.png,normal
3d5e4188-b4c2-41b1-81fe-a48f6271fe47.png,pneumonia
9af9eda2-62ce-474a-90db-1a3d30b3ee87.png,normal
2bbcad9d-9dce-41f6-8642-d0fdce90abd5.png,normal
pneumocystis-jirovecii-pneumonia-2.jpg,pneumonia
ryct.2020200028.fig1a.jpeg,COVID-19
497eff38-4ade-4b6d-a140-a5187a07f9fa.png,normal
streptococcus-pneumoniae-pneumonia-1.jpg,pneumonia
382db3e8-f756-48c5-8def-e0630634a680.png,pneumonia
38763425-7310-4bae-92d1-579bc5024a86.png,normal
cc118833-83a6-4f8f-ba7a-0e69faaaee72.png,pneumonia
38aec2ec-83b4-4389-8644-aa2d72407495.png,normal
35114241-ead7-425a-a694-4f5131f0dc50.png,pneumonia
covid-19-pneumonia-12.jpg,COVID-19
b3ec67fe-d86d-4d7c-bcfc-51c81d7153d5.png,normal
f970005f-e300-4102-a486-f9bbf30849bb.png,normal
6a7dffc3-feed-4369-ac37-e52856040f31.png,normal
42d93c57-38ba-47f1-a113-6bb961a71c00.png,normal
b02fea6c-41b4-47e7-8c70-d20b005063bd.png,pneumonia
64c6e8dd-97cb-4641-9352-e36c0f9b8d02.png,normal
b4122129-c965-43e9-afa7-f603787a9297.png,normal
5c433812-c8db-47af-94ce-9c6ee552cf7e.png,normal
a561b26f-fb7c-452c-b651-9588d51770ad.png,normal
600846f8-21c3-4643-bb0c-d56ba57d6282.png,normal
5c0149ad-fbb6-49a3-bd2d-de30ee0db938.png,pneumonia
306ff5d4-1ea2-4ce1-9fc7-25a98fac5148.png,pneumonia
1013ded6-9505-4e1b-a923-f263ad013d0e.png,normal
15688c5b-57a9-419c-b93c-115d7cec828d.png,normal
4e97ddae-f34b-40e7-8c90-608aa3457008.png,normal
6ea74233-1db3-42a2-ae50-e939c35fb1f6.png,normal
78221b16-5fd9-4a99-a966-56b693c2e5d7.png,pneumonia
0572881e-d1dd-4757-a54e-b240b30da946.png,pneumonia
eb3815c3-783c-47a9-a9f9-2e168f6c0e4a.png,normal
793ab674-6264-4f0f-ad35-0931967e86d3.png,normal
3a0dc1e6-cfac-412d-a6c2-70c69236ee6a.png,normal
4add9b3e-0e87-4875-902d-2f685166ce01.png,pneumonia
ab5225a7-a79d-4fcd-a04c-d478c262e0b7.png,pneumonia
62127739-ede8-468f-902d-51260da4dce3.png,pneumonia
9ebc1edb-315f-4f0f-bc9b-dfa933bc67d3.png,pneumonia
408b3f65-d607-4875-aa59-ed9d4de04953.png,normal
f477573b-b80c-46a3-a803-b545d879475e.png,normal
63c27990-e4e2-4c0b-a53e-040929938de9.png,pneumonia
353889E0-A1E8-4F9E-A0B8-F24F36BCFBFB.jpeg,COVID-19
a961ef19-ab98-4495-868c-cd268ef256f7.png,normal
4ae5c39d-a13d-44f0-b274-185dc31036c1.png,normal
e174c31d-dde0-452d-8a39-5f13accfa4b2.png,normal
figure1-5e75d0940b71e1b702629659-98-right.jpeg,COVID-19
E63574A7-4188-4C8D-8D17-9D67A18A1AFA.jpeg,COVID-19
7213e146-4efd-40e6-ab88-a9e7a9c8c25c.png,normal
acf2dc69-0b5e-4600-a2c4-887c5d37438b.png,normal
90c11eb9-d657-4d9c-8fa0-5e092059a62a.png,normal
SARS-10.1148rg.242035193-g04mr34g0-Fig8a-day0.jpeg,pneumonia
cf63d55f-512b-43c8-8c84-0aedfc89f3a0.png,pneumonia
a926f112-b852-4ed9-9da8-9b3ae9282d39.png,normal
199ad34d-2478-4948-9f8b-91889c0a4c01.png,normal
covid-19-pneumonia-24-day6.jpg,COVID-19
covid-19-pneumonia-44-day-8.jpeg,COVID-19
b81ba5b1-ad7c-4217-9467-0f1fbc0a9fd4.png,pneumonia
9fdd3c3032296fd04d2cad5d9070d4_jumbo.jpeg,COVID-19
F2DE909F-E19C-4900-92F5-8F435B031AC6.jpeg,COVID-19
7d9e027d-8e9b-47b9-9771-1f75e0410c74.png,normal
642f783e-4581-40a3-8a25-34b7a5353f7d.png,normal
9ce13a8d-983c-4ca6-8ba0-d621c65ed7b9.png,normal
121eb744-2f28-443d-a361-ba0cb2401462.png,normal
7be81f81-e1d1-441f-b352-168f1827e298.png,normal
8df5b713-f0dc-44fe-86b1-e99c2e4d927f.png,normal
99259c38-32f9-42fd-bb3e-8a3b59521784.png,normal
d5431b84-9bf2-4758-badc-569e71ee1f9a.png,normal
c537edd0-15e7-4a53-bca5-80db800d6e68.png,normal
88810f05-2f45-4edf-a5b9-9b6745259ae2.png,normal
a9c988f5-86ad-4ee7-80f8-b7a1776b42c9.png,normal
all14238-fig-0002-m-e.jpg,COVID-19
9aa7851f-8f7b-4087-9506-0b003006f153.png,normal
5f21b7ba-bc55-4b8b-8cc9-bb7332e3930b.png,normal
eb211810-c51d-42c7-913b-d327c8ca4dd7.png,pneumonia
f5926c42-623f-4a7d-9214-bf9f0964e9fd.png,pneumonia
RX-torace-a-letto-del-paziente-in-unica-proiezione-AP-1-1.jpeg,COVID-19
32e6fd38-0e31-450c-93ec-f29ea5a6ad2c.png,pneumonia
1-s2.0-S0929664620300449-gr2_lrg-c.jpg,COVID-19
covid-19-pneumonia-44-day-0.jpeg,COVID-19
31BA3780-2323-493F-8AED-62081B9C383B.jpeg,COVID-19
1.CXRCTThoraximagesofCOVID-19fromSingapore.pdf-002-fig3b.png,COVID-19
3f20c5bb-e534-42fe-b3f7-b6c3c4ec01ed.png,pneumonia
2966893D-5DDF-4B68-9E2B-4979D5956C8E.jpeg,COVID-19
00dd08bb-b7ea-4617-801e-02b3051c3475.png,normal
9455d314-1d14-45a1-aeb6-ec17f05c93b2.png,pneumonia
34858b4b-37ff-4130-be8f-7075f3f3b056.png,pneumonia
c3a56044-440d-4163-a813-3c3f6fd5b68b.png,pneumonia
f5848669-b012-4685-9bc2-3c76680f7289.png,pneumonia
b75c6c0c-b9da-4d7d-a968-c1fb92ee5327.png,pneumonia
7E335538-2F86-424E-A0AB-6397783A38D0.jpeg,COVID-19
c5b56560-0d82-4161-b5c1-5e5051a70c37.png,normal
356dbb8d-6a9e-416d-aa38-d2cb7aab0e14.png,pneumonia
jkms-35-e79-g001-l-c.jpg,COVID-19
63590dff-7b12-4aeb-b747-6f7f7ad23f23.png,normal
ca70ad74-6cf5-4935-b0c6-05edbea4c65c.png,normal
b3ba8251-ad9e-45a7-b5c3-b976b290508d.png,normal
2f876297-aa92-457a-bc28-efa539885b93.png,normal
965e93d0-93f6-4a71-9abf-847027df3196.png,pneumonia
40ef3f33-d990-4a08-b652-ed4e02e84159.png,pneumonia
c21fd129-8438-42d2-9a6c-1284fecb4338.png,pneumonia
159ed892-8494-47c9-a375-3e5a65f0a013.png,normal
cdff09a5-ca16-4391-863b-ae2cc6946018.png,normal
kjr-21-e24-g001-l-a.jpg,COVID-19
d60b0cba-c1bd-4741-86ef-c24760605b03.png,pneumonia
6CB4EFC6-68FA-4CD5-940C-BEFA8DAFE9A7.jpeg,COVID-19
4b1cab8a-c9bd-40e6-bc86-23c6be98a099.png,normal
bcce369d-8397-46d1-8c53-5142c4fd2866.png,normal
ee7ca106-6c0e-44d8-a623-4ce748c335a1.png,normal
c23ecec2-d791-42fa-8abf-cb4c447f9c21.png,pneumonia
ba395818-6a27-4185-98ca-a51c4c70b2d5.png,pneumonia
661f42bd-2094-45f6-b106-9461968fdfc4.png,normal
025d196b-cfa4-44a5-9e31-0f73dc3b318f.png,pneumonia
pneumocystis-jirovecii-pneumonia-3-3.jpg,pneumonia
0b46a9e3-2b90-4d9f-8053-bcaa9066f31c.png,normal
6C94A287-C059-46A0-8600-AFB95F4727B7.jpeg,COVID-19
74691258-da0c-4d42-9ef1-ded47c92a683.png,normal
86375503-9b51-4796-8806-d4573cd9a532.png,normal
9e030d59-a98d-4ab2-8870-bdf1499b2bd8.png,normal
SARS-10.1148rg.242035193-g04mr34g04b-Fig4b-day12.jpeg,pneumonia
fddfb799-68be-418d-8caf-c99045137eb8.png,normal
96544dea-698b-4298-a8a2-b25825b38e5f.png,normal
covid-19-rapidly-progressive-acute-respiratory-distress-syndrome-ards-day-1.jpg,COVID-19
covid-19-pneumonia-23-day3.jpg,COVID-19
c20d2fc9-39c8-4907-bab8-9acd583be0f3.png,normal
dceeb019-ae9d-4426-8b42-38aedd4f385d.png,normal
561d7e11-d3ac-4503-97fc-45b48e99afee.png,normal
A7E260CE-8A00-4C5F-A7F5-27336527A981.jpeg,COVID-19
fe230f92-780f-4918-a553-19c210bad853.png,pneumonia
86469e34-c9ba-4ec9-bbe0-6d04535122a0.png,pneumonia
826a4142-b079-4825-85f7-5fd69292e4cf.png,pneumonia
SARS-10.1148rg.242035193-g04mr34g09a-Fig9a-day17.jpeg,pneumonia
covid-19-pneumonia-7-PA.jpg,COVID-19
483d087d-712d-46eb-8f5f-eaa1a53ec2ed.png,pneumonia
b44b6ae1-2a84-4f3d-8d8c-ec10258169c4.png,normal
7804f265-34c5-4efb-a378-3524b4e119a4.png,normal
a2a905db-ec17-4fca-877f-e290f8b3c094.png,normal
pneumocystis-carinii-pneumonia-1-PA.jpg,pneumonia
42d9dc0c-d630-4c32-b6f8-2c229d0c7061.png,normal
6be9c747-a96b-4c54-a8a8-62483c92dd97.png,normal
D7AF463C-2369-492D-908D-BE1911CCD74C.jpeg,COVID-19
2e3363a0-19d9-47d7-b7e5-d2142da1b9fa.png,pneumonia
a1fb3bf8-b4bc-4dd2-9cbe-e4b2ce75789e.png,pneumonia
4eaf409f-dfb5-46f9-8141-602246ebbd0d.png,normal
pneumocystis-pneumonia-8.jpg,pneumonia
bc13bee6-5b18-46e5-b0cd-ba5ac0f1790a.png,pneumonia
777696af-08cf-4f9b-a8be-b9dc685bfa44.png,pneumonia
5A78BCA9-5B7A-440D-8A4E-AE7710EA6EAD.jpeg,COVID-19
cavitating-pneumonia-4-day0-PA.jpg,pneumonia
c4e0b595-f7b0-4cf1-82df-0bd36f411eba.png,normal
5931B64A-7B97-485D-BE60-3F1EA76BC4F0.jpeg,COVID-19
329c254a-e6bc-44cf-bc09-365d5d43f4df.png,pneumonia
3f79f27a-6d84-4ff1-88a2-eb05ff9a5f57.png,pneumonia
171CB377-62FF-4B76-906C-F3787A01CB2E.jpeg,COVID-19
558be737-d2a6-46f3-ad06-cd8af95b5d36.png,pneumonia
covid-19-rapidly-progressive-acute-respiratory-distress-syndrome-ards-day-2.jpg,COVID-19
c0608b6d-a375-4cda-8133-b5ec73217435.png,pneumonia
bbafc410-d00c-405c-b702-5718455ecac5.png,normal
67d72432-8ea3-448c-943c-54d63a10701f.png,normal
39EE8E69-5801-48DE-B6E3-BE7D1BCF3092.jpeg,COVID-19
ea6270ea-10ae-4e5a-b88e-54e6471eab05.png,normal
9a73787f-5ad5-4a01-9ad5-f916e8804170.png,normal
parapneumonic-effusion-1-PA.png,pneumonia
789f5671-63be-4b3d-b816-2a2fd8943557.png,normal
pneumocystis-pneumonia-1.jpg,pneumonia
1-s2.0-S1684118220300608-main.pdf-001.jpg,COVID-19
b6ab1a11-6558-4f76-bed2-3b169f820be9.png,pneumonia
98447918-1170-4213-abaf-437efe240700.png,pneumonia
pneumocystis-jirovecii-pneumonia-3-2.jpg,pneumonia
ae1faebd-b5e2-4f43-93bb-9f3011e237a8.png,pneumonia
a445fa0d-51c8-4e5f-aac8-7f2e551c67c3.png,pneumonia
657b1ec2-8f10-4070-bfde-db020bbdb2fe.png,normal
6712b830-bb81-4536-8145-3ec571b860bf.png,normal
covid-19-pneumonia-30-PA.jpg,COVID-19
1497c967-d7c7-4c43-abd0-66a71e68e66f.png,pneumonia
78b4b710-15b7-4ea3-b761-c2371594cbf1.png,pneumonia
3a0c1a58-6d13-43f3-a5a0-07d8ecdf7fd5.png,pneumonia
8b6f9000-3a4f-4d1d-a47c-df528f9b6be1.png,normal
ea97a1ff-8582-4f89-be4f-b8cfd2eb73b1.png,pneumonia
pneumocystis-jirovecii-pneumonia-3-1.jpg,pneumonia
covid-19-pneumonia-2.jpg,COVID-19
888dc50a-04f6-4b51-a621-9fa9b374fc0b.png,normal
741500a4-d128-4b85-852b-428779f5c5ec.png,pneumonia
4010f5c0-3487-4f83-b2a1-c19ff42098cc.png,normal
93a95c68-c487-4e09-89e2-6e3849e44886.png,pneumonia
efc9c6a8-8568-426f-9fc6-2a6106bbb98c.png,pneumonia
covid-19-caso-70-1-PA.jpg,COVID-19
627fbbd0-5d32-4c2a-9aee-9859b309407b.png,normal
19f688c5-33bc-4fa3-ae34-7cf1fbd06eb5.png,pneumonia
E1724330-1866-4581-8CD8-CEC9B8AFEDDE.jpeg,COVID-19
9e9a8575-e291-4c28-9ba0-3a63989b0803.png,normal
85bb48fe-e6d6-47de-bb71-d1636aced7dc.png,normal
5e996c8c-cf75-4a5c-87bf-e2362c7d2c52.png,normal
pneumococcal-pneumonia-day35.jpg,pneumonia
53EC07C9-5CC6-4BE4-9B6F-D7B0D72AAA7E.jpeg,COVID-19
c033f66d-900e-4ba3-8da4-a6823ea89d09.png,pneumonia
07752357-2f21-4e42-9015-27886b3d5857.png,normal
SARS-10.1148rg.242035193-g04mr34g09c-Fig9c-day27.jpeg,pneumonia
pneumocystis-jiroveci-pneumonia-4-PA.png,pneumonia
b864ec3f-158d-42f2-a8e3-2f093c9b2345.png,pneumonia
1.CXRCTThoraximagesofCOVID-19fromSingapore.pdf-003-fig4a.png,COVID-19
7C69C012-7479-493F-8722-ABC29C60A2DD.jpeg,COVID-19
e146d776-a1b8-4e16-a32e-ef0e6b1d7aad.png,normal
radiol.2020201160.fig3c.jpeg,COVID-19
ae2f5836-43b7-4cf6-a83d-f3783e92ce46.png,normal
1854a99c-bfc7-4f4e-8396-c97eebb20106.png,normal
bebc91e5-e9df-44c0-ad4f-305cddf7d98c.png,normal
1.CXRCTThoraximagesofCOVID-19fromSingapore.pdf-001-fig2b.png,COVID-19
bf494059-4fe2-4f8f-a503-c340105e56ce.png,normal
covid-19-caso-70-2-APS.jpg,COVID-19
3c802c6f-8d58-4087-aa01-eaea934368b8.png,normal
covid-19-pneumonia-41-day-2.jpg,COVID-19
23E99E2E-447C-46E5-8EB2-D35D12473C39.png,COVID-19
SARS-10.1148rg.242035193-g04mr34g09b-Fig9b-day19.jpeg,pneumonia
7a32a64b-a415-4585-a110-981b913ac959.png,pneumonia
ciaa199.pdf-001-a.png,COVID-19
af2cd4c9-097a-464f-8956-3e1a977696af.png,pneumonia
ae3976d5-7ba9-482c-bc12-ebae8c4375dc.png,normal
01E392EE-69F9-4E33-BFCE-E5C968654078.jpeg,COVID-19
64965325-3bb3-41f9-9377-b19ec6110048.png,pneumonia
168563e7-4335-4c3f-9593-235df8fcd765.png,normal
9dbd05f8-87b8-4902-8e3c-86da0690fd63.png,pneumonia
8ce38d07-8569-41dd-beb9-40d9afc3f2cc.png,normal
11750ff6-94ea-43d0-bad8-f3c3e5278d7d.png,pneumonia
covid-19-pneumonia-22-day1-pa.png,COVID-19
1-s2.0-S1684118220300682-main.pdf-003-b1.png,COVID-19
2278d9f3-e7bf-4e36-a194-aaf5bdb20762.png,pneumonia
4cec7c74-e39a-48d0-8ec5-2b04ad0bfa3e.png,pneumonia
covid-19-pneumonia-22-day2-pa.png,COVID-19
1.CXRCTThoraximagesofCOVID-19fromSingapore.pdf-002-fig3a.png,COVID-19
covid-19-rapidly-progressive-acute-respiratory-distress-syndrome-ards-day-3.jpg,COVID-19
097aa88c-3228-4b27-8d30-2071fdb6a37d.png,normal
bf270070-5172-49ab-b9b5-a7052212669a.png,normal
8FDE8DBA-CFBD-4B4C-B1A4-6F36A93B7E87.jpeg,COVID-19
bda266ca-cecd-4d88-a308-0c8a05dd8315.png,pneumonia
58cb9263f16e94305c730685358e4e_jumbo.jpeg,COVID-19
ea934f35-5c3c-4d50-8bb7-d0ad15d48a37.png,normal
eb66853e-146b-467b-8d22-0ad88ec54d3e.png,normal
33f0fb8e-35b4-4680-8f22-990a36899bfa.png,pneumonia
5CBC2E94-D358-401E-8928-965CCD965C5C.jpeg,COVID-19
all14238-fig-0002-m-f.jpg,COVID-19
SARS-10.1148rg.242035193-g04mr34g07a-Fig7a-day5.jpeg,pneumonia
a4444af9-6137-4f0e-9b51-ca7236cf43b2.png,pneumonia
covid-19-pneumonia-19.jpg,COVID-19
9C34AF49-E589-44D5-92D3-168B3B04E4A6.jpeg,COVID-19
af0894a8-0a8b-4327-add9-a3bdcb425b76.png,pneumonia
9dcfa483-4ed7-4cc8-954e-eb7c188e914d.png,pneumonia
C6EA0BE5-B01E-4113-B194-18D956675E25.jpeg,COVID-19
radiol.2020200490.fig3.jpeg,COVID-19
3041969c-8db3-448c-98fd-10ff11dd59d4.png,pneumonia
1-s2.0-S1684118220300682-main.pdf-002-a2.png,COVID-19
5e0d73fb-b207-4bab-a1e5-9d6b3163520e.png,pneumonia
2C10A413-AABE-4807-8CCE-6A2025594067.jpeg,COVID-19
95d4dbca-2f4f-4baa-93c7-0b0bc6f40302.png,normal
1dfd8737-ff04-49c6-bd1a-808d682ddc19.png,pneumonia
85ceb327-03c5-4055-b8c5-7545bd0708d7.png,normal
figure1-5e7c1b8d98c29ab001275405-98-later.jpeg,COVID-19
3d2dc6e4-e1d4-4872-a417-5f640ddbb064.png,normal
b539db75-809d-4c0c-8b9f-b0e934ed740e.png,pneumonia
37c1ff63-3e09-4419-8b98-3a981ea916d9.png,pneumonia
covid-19-pneumonia-53.jpg,COVID-19
8aa9d5ca-5419-4abc-8819-66a2d37c8c68.png,pneumonia
6ce2244e-e4ad-495f-9779-8c5cfd824199.png,normal
eee3497c-fb69-4a48-96e6-c204b0ee9b84.png,pneumonia
3c806302-fbec-46b7-aa1c-62e06ac85cd3.png,pneumonia
8f42b765-bbd8-444c-9915-f4e967a3f90b.png,normal
05d3817a-5535-4e77-8dda-d4412e496c81.png,pneumonia
4e43e48d52c9e2d4c6c1fb9bc1544f_jumbo.jpeg,COVID-19
b4f13c36-5bda-4dfc-832d-3dad114298bc.png,normal
3574c226-b39c-48d4-ab38-362c4e52ee82.png,pneumonia
cf1fc4a2-aa47-4662-9118-9da725a17e84.png,pneumonia
5b72c6d2-e7eb-44a6-b625-78d2ec0008f2.png,pneumonia
3c37c82e-fbd2-41f1-8292-1ff77df2b3fd.png,pneumonia
e3d0271b-b53f-4d6b-9e99-57fab7644798.png,normal
3c2ffd0c-b04c-4a9c-84df-09ec201f55ff.png,normal
af8fc053-b69b-4915-9ea8-f538028f9b2c.png,pneumonia
pneumocystis-jiroveci-pneumonia-2.png,pneumonia
covid-19-pneumonia-49-day8.jpg,COVID-19
e07e0635-2b05-435a-b6db-15dfd081f207.png,normal
1.CXRCTThoraximagesofCOVID-19fromSingapore.pdf-000-fig1b.png,COVID-19
ffa3e9f1-6af8-481f-8523-b476e67edf69.png,normal
e314d288-ec1f-4fd4-81cf-b8fe0abf44bc.png,normal
72cdac79-3367-4312-8b8f-2da4938b2153.png,pneumonia
covid-19-pneumonia-43-day2.jpeg,COVID-19
F63AB6CE-1968-4154-A70F-913AF154F53D.jpeg,COVID-19
FE9F9A5D-2830-46F9-851B-1FF4534959BE.jpeg,COVID-19
781c920e-e6fa-409a-9e97-ac57fcaad24f.png,normal
94211273-5b21-47fa-bbe0-7496e66672ac.png,pneumonia
11827075-47dd-4f3c-a7b5-aae992cce35b.png,pneumonia
b6744d49-d49b-47c1-b006-0a1256e83452.png,normal
all14238-fig-0001-m-b.jpg,COVID-19
85E52EB3-56E9-4D67-82DA-DEA247C82886.jpeg,COVID-19
covid-19-pneumonia-41-day-0.jpg,COVID-19
CD50BA96-6982-4C80-AE7B-5F67ACDBFA56.jpeg,COVID-19
covid-19-pneumonia-14-PA.png,COVID-19
4f36fdcd-1887-45b7-805f-2afffc3d10b3.png,normal
8f8e6d37-39ce-483c-9611-2657275fd212.png,normal
3e9ff8ec-edfa-4435-a3ef-898b09b234bc.png,pneumonia
cavitating-pneumonia-4-day28-PA.png,pneumonia
radiol.2020201160.fig3a.jpeg,COVID-19
9d315378-b59f-4999-a993-cc4443925be6.png,pneumonia
5d8dbcf9-0d68-4aec-8638-b0a9f45d71d6.png,pneumonia
910ea9c6-196b-47fb-97b1-763ab080fc3b.png,pneumonia
69f67e49-d9f3-4763-b2cb-db657f1d0a58.png,normal
35061124-9245-4434-b165-b89aef28bb75.png,pneumonia
f7aaf2ce-cceb-49f8-b62d-fe2a31665718.png,normal
80ef86fd-e36a-4c00-b25a-1101e5d9b2de.png,pneumonia
kjr-21-e24-g003-l-a.jpg,COVID-19
pneumocystis-jiroveci-pneumonia-4-L.png,pneumonia
91a6919c-60a1-48b6-b9f4-65f780b3a50f.png,normal
3bbcfb90-b950-4502-9866-82a131651a73.png,normal
9f65dff1-52fc-4d14-b918-a931ce1f91aa.png,normal
radiol.2020201160.fig2d.jpeg,COVID-19
9969df7d-5641-4bc0-bf3e-10fa97e6d63f.png,normal
4d3c3af5-d797-41b1-b05a-23468edd050a.png,normal
baf2ce5d-4e43-47b7-88d0-4dd0948cea84.png,normal
covid-19-pneumonia-23-day9.jpg,COVID-19
5327cb57-3eb9-4d76-8a1d-3dc5f5334043.png,normal
b9072c66-a99a-4b11-bb25-2a93fcbe378b.png,normal
a61f13b2-3055-4c31-bcd8-174baec11c46.png,normal
3e02b7d7-22a3-4aa7-87da-5947c45f83fa.png,pneumonia
06ba1322-0274-47e0-b7eb-07c11d96360f.png,normal
8ace1a2f-7c08-4bc3-88dc-50e2ea032056.png,pneumonia
ad4d16e5-a851-4327-b9fe-5977da445669.png,pneumonia
covid-19-pneumonia-8.jpg,COVID-19
154dba64-5188-418e-82ec-d8f1485b433b.png,normal
5a8415b5-f658-4d37-8144-1aa22420f84f.png,pneumonia
56ba6f53-45a0-44d1-9f65-0ac78f74969a.png,normal
8ddd4aaf-983e-4a98-9cc3-b275887b95e5.png,normal
covid-19-infection-exclusive-gastrointestinal-symptoms-pa.png,COVID-19
radiol.2020200274.fig3d.png,COVID-19
ryct.2020003.fig2-b.png,COVID-19
e2567da2-1ad5-4ad4-b3cd-d583b9be249e.png,normal
7f86fd30-6720-452f-9b42-a82db3cb1d57.png,normal
06327569-4e4f-4fdc-a116-db367c079669.png,pneumonia
aeb2a32c-595a-44c2-b827-c6ce0f6ff4f3.png,pneumonia
142c7419-9cd2-4436-8860-cd2c4355abff.png,pneumonia
3b12ae6f-0386-45b2-8fab-5ae6b93fbfda.png,pneumonia
all14238-fig-0001-m-c.jpg,COVID-19
83094251-fcda-4f05-a02c-00b6fd9d764b.png,pneumonia
pneumocystis-pneumonia-12.png,pneumonia
0ac2c2ef-efb4-485c-b63a-69f19f32b704.png,normal
7c5add91-0e35-4f1e-920a-9ea4d1335be0.png,normal
c3d8144a-2426-4e80-80c0-651dfe0116e8.png,pneumonia
1-s2.0-S0929664620300449-gr2_lrg-d.jpg,COVID-19
abcc9e5e-29c2-4961-a783-873aa706006d.png,normal
5ea29371-3680-4942-bd1c-67b5d8835f79.png,normal
a3fe4e01-9d56-4963-8dbf-5b69c1d87284.png,normal
7e1d04b9-ea65-4ecf-a18a-5e624fcb788e.png,normal
bade0f31-c385-4f3f-b16f-bdcc83b2c687.png,normal
a87afd05-756e-4f4b-8b68-dd06a5a4c9fb.png,normal
1f15de5b-db66-4f98-95e2-ec108a5d5a27.png,normal
a20a5357-fcdc-4d8f-b5ad-7a49c2df7db5.png,pneumonia
1-s2.0-S1684118220300608-main.pdf-002.jpg,COVID-19
82a15b7d-7443-4a73-9ddf-8cf6dd6d00ce.png,normal
901950a9-cadd-4b2a-b24e-093f5e1070eb.png,normal
df56b32e-332d-4edb-aeb0-518f41ee8586.png,normal
X-ray_of_cyst_in_pneumocystis_pneumonia_1.jpg,pneumonia
5b80895c-63a9-4cdc-a869-5ca00043e862.png,normal
6170d315-8713-4182-80de-ab6d4a6072d1.png,normal
b26151b2-5f68-4af1-9730-4d608dfde81a.png,pneumonia
SARS-10.1148rg.242035193-g04mr34g07b-Fig7b-day12.jpeg,pneumonia
5e6dd879fde9502400e58b2f.jpeg,COVID-19
covid-19-pneumonia-43-day0.jpeg,COVID-19
24cb4fd3-7f4b-4bc7-a9c1-24be6c6e09de.png,pneumonia
32696785-8a96-4e01-977e-03559d1afd71.png,normal
gr1_lrg-a.jpg,COVID-19
