filename,class
29128fda-79ce-4a14-bbf9-9884422075d0.png,pneumonia
streptococcus-pneumoniae-pneumonia-1.jpg,pneumonia
3730cf87-f147-4872-8885-44700d3eacaf.png,pneumonia
f65222d9-14c9-429f-b4a4-97faa79ad44c.png,normal
nCoV-radiol.2020200269.fig1-day7.jpeg,COVID-19
f7a169e2-a1a7-439a-ab83-0d34cf5ae4b9.png,normal
ac87627c-76ef-4704-b965-6e2badb21d5e.png,pneumonia
def6f177-1e0b-4527-8037-268bce2e892a.png,normal
SARS-10.1148rg.242035193-g04mr34g09b-Fig9b-day19.jpeg,pneumonia
pneumocystis-jirovecii-pneumonia-3-3.jpg,pneumonia
9468afcf-0a9b-49c3-a885-57f480452282.png,normal
7c48b75c-c5af-4b6f-8bf4-f176e1a40f7f.png,normal
ed5ddfad-977d-4b5c-9584-ba676b156f2e.png,pneumonia
E1724330-1866-4581-8CD8-CEC9B8AFEDDE.jpeg,COVID-19
58cb9263f16e94305c730685358e4e_jumbo.jpeg,COVID-19
covid-19-pneumonia-34.png,COVID-19
7bd0fbaa-3042-4771-8dd8-d7a2f5450c65.png,pneumonia
SARS-10.1148rg.242035193-g04mr34g07a-Fig7a-day5.jpeg,pneumonia
SARS-10.1148rg.242035193-g04mr34g0-Fig8a-day0.jpeg,pneumonia
figure1-5e73d7ae897e27ff066a30cb-98.jpeg,COVID-19
3d384d50-e9c5-41d2-ba41-a5437c5dd15a.png,pneumonia
d82f792f-6240-4dbe-9a1a-6e3f60129828.png,pneumonia
627573e3-954c-41fb-959c-703f2ed7e92f.png,normal
a3c04f4d-3621-4679-872b-fad6dd79a4f8.png,pneumonia
f6669e27-825f-4fb9-b86a-ba61b9538342.png,pneumonia
b3406349-2336-4782-8f9a-dd2e2f731d7b.png,pneumonia
pneumonia-7.jpg,pneumonia
all14238-fig-0001-m-b.jpg,COVID-19
3be59bb1-6183-4c8d-9ac8-4591b6ab90d0.png,pneumonia
b503e477-c5dd-48da-8723-fd1ca2a0b405.png,normal
nejmoa2001191_f5-PA.jpeg,COVID-19
SARS-10.1148rg.242035193-g04mr34g04b-Fig4b-day12.jpeg,pneumonia
755233cd-2ad2-4cbc-b927-97243e46135f.png,pneumonia
all14238-fig-0002-m-e.jpg,COVID-19
1b26e086-834d-49ec-b0fc-d2fafccb4aa6.png,pneumonia
0f2bce55-7193-45d0-8223-d978b550477a.png,pneumonia
covid-19-pneumonia-evolution-over-a-week-1-day6.jpg,COVID-19
dd50a2c2-471a-4faf-8f78-99eaedd5147b.png,pneumonia
1d193b54-7f79-4a6a-bcaf-352a03025019.png,pneumonia
f9a3c734-1483-4385-ab4f-e45853f3f00e.png,pneumonia
jkms-35-e79-g001-l-a.jpg,COVID-19
5bde97e6-4788-4cd0-866b-bd2afe59e2d0.png,normal
626eb2ae-ca78-43fc-bbbc-5cf95bb328bb.png,normal
d57802e4-da7a-4a7b-b5ca-c662ab5b1411.png,pneumonia
4f3ceb29-12f8-40f4-9511-816fa21ca683.png,normal
e8fe76e2-fef3-4d7b-8678-26fb32573f82.png,normal
f74e692e-1ccd-4f5e-bc19-482325025a41.png,normal
6deb7de9-959c-4aa9-be8f-4c7c60bd3748.png,normal
c506805c-9dd3-42c0-8851-e35e0c8627b5.png,normal
3e75ff4a-a15d-4451-850f-605c3244cb17.png,pneumonia
9d3fa3ed-6671-4a9a-8312-f0f44adeff30.png,normal
267daad6-b373-4a1a-94b5-c2dc02f506f6.png,pneumonia
post-intubuation-pneumomediastium-and-pneumothorax-background-covid-19-pneumonia-day7.jpg,COVID-19
d44dd021-1a9b-4250-a560-ae745a511fb1.png,normal
d9fc48eb-9f51-4a78-b132-3532f4aa05f7.png,pneumonia
09875c3b-c520-4b08-89b0-a7a7299c37b2.png,pneumonia
c322bad3-84f7-4cd0-ad65-7ea7874196bb.png,normal
7C69C012-7479-493F-8722-ABC29C60A2DD.jpeg,COVID-19
e80e5db4-c456-4223-8947-426efff27057.png,pneumonia
bf1da0dc-850f-47e9-aad9-a5a94d6e67bd.png,pneumonia
2e3363a0-19d9-47d7-b7e5-d2142da1b9fa.png,pneumonia
9a739d03-2cb0-4cef-83af-62f23231042a.png,normal
163b3240-2726-45f0-9054-9119bab7fd88.png,normal
191ebe0e-a14d-416c-88e4-4c4fb2647690.png,normal
c0ab74ee-9995-405a-be38-4e74223b050b.png,normal
covid-19-pneumonia-35-2.jpg,COVID-19
1.CXRCTThoraximagesofCOVID-19fromSingapore.pdf-002-fig3a.png,COVID-19
bc07e6ce-c698-4e25-8392-81959eb36d50.png,normal
39EE8E69-5801-48DE-B6E3-BE7D1BCF3092.jpeg,COVID-19
SARS-10.1148rg.242035193-g04mr34g09a-Fig9a-day17.jpeg,pneumonia
ea3f8b01-bbf4-4abe-ba79-72b6989f005b.png,pneumonia
f5848669-b012-4685-9bc2-3c76680f7289.png,pneumonia
355bdf6a-2a9d-4e62-82ad-9cdb3c561ccb.png,normal
eddb7172-d147-448c-a8e2-fee8f9cfb449.png,pneumonia
c29abad4-5e91-4d6f-9b08-97eb2b73081c.png,normal
d58012a2-a845-472d-8f49-336a3cc977c1.png,pneumonia
49c8003f-80cc-4d41-b553-32aea9a95802.png,normal
figure1-5e71be566aa8714a04de3386-98-left.jpeg,COVID-19
all14238-fig-0002-m-f.jpg,COVID-19
4281b0c0-eab8-428f-893f-06a2291ace68.png,pneumonia
8ee69af3-04f7-4fb3-96a9-775c37234c4f.png,pneumonia
06f35e64-4b8b-404e-933a-c98f0b5614cc.png,pneumonia
05d16b06-ffb2-40ab-b64a-299448999f72.png,normal
06bc1519-c307-4a98-b00b-8329f2ddf615.png,pneumonia
a0c56709-1dfa-4001-9bfe-00abd5fa3060.png,normal
nejmc2001573_f1a.jpeg,COVID-19
SARS-10.1148rg.242035193-g04mr34g04a-Fig4a-day7.jpeg,pneumonia
b8131ece-c783-4814-9ce7-c0edfc2c9c64.png,pneumonia
57a3fc91-15bd-4967-b617-d4716affd388.png,normal
2b4a8d36-11a1-454f-8dcb-0fc2ada7dfa9.png,normal
9f0cf002-f237-4706-bbf5-a4f337e5f3f5.png,normal
059f1e59-573c-49d1-ac78-3323a2ff047f.png,pneumonia
ryct.2020200034.fig5-day0.jpeg,COVID-19
8ae822ae-a656-47ba-ac5b-848ce2256575.png,pneumonia
gr1_lrg-a.jpg,COVID-19
93FE0BB1-022D-4F24-9727-987A07975FFB.jpeg,COVID-19
4e43e48d52c9e2d4c6c1fb9bc1544f_jumbo.jpeg,COVID-19
covid-19-pneumonia-30-PA.jpg,COVID-19
1e616583-e09d-476d-ac25-8fa620f4298a.png,normal
d6af45fd-a23d-455c-bc3c-75dfe5f1c455.png,normal
covid-19-pneumonia-44-day-0.jpeg,COVID-19
6af3135b-3425-4781-bc7c-4afb28495d69.png,normal
075f24e4-0d8e-4606-8e68-ee5ea0b953b5.png,normal
covid-19-pneumonia-49-day8.jpg,COVID-19
1caa138f-f729-4693-9693-74b14cbb0d50.png,normal
7E335538-2F86-424E-A0AB-6397783A38D0.jpeg,COVID-19
6C94A287-C059-46A0-8600-AFB95F4727B7.jpeg,COVID-19
4c30e2c4-f7f6-451d-8ce9-d065ff7c4b36.png,pneumonia
5fa8ad12-9655-4f8f-8d80-d2e598ce959e.png,normal
19370915-6723-41fe-be09-29defbd9b7c1.png,pneumonia
ac39f865-a23c-4f83-b174-da88497fb3f8.png,normal
a52f8c02-a360-40a0-a2dc-1fd91b8f51e9.png,pneumonia
nejmoa2001191_f3-PA.jpeg,COVID-19
74219aa7-b9e9-41dc-9ee7-0ce254a7818c.png,normal
4f7604aa-98ef-43c5-a0f4-6b4b043bd7dd.png,pneumonia
3e38095f-34af-4320-9e2f-a1979b96787f.png,normal
cef1eade-a017-45f5-8a8b-947c5830631f.png,normal
57fe22d0-170e-4f00-ba97-1b899ba8bea6.png,normal
dfa37727-e289-4b2b-bd21-c6a4da9652e5.png,normal
b858e525-59a0-4e31-a893-6698f934c5cd.png,pneumonia
fde168d7-af3d-4213-9fb5-e0ae8b09c786.png,normal
d0a2ca41-1f5b-475b-9cc0-b7efc4f19624.png,pneumonia
100ffc09-4644-4936-95eb-54c41bdeb816.png,normal
4ac05784-cc3a-4dc5-95fa-9367d7d898a6.png,pneumonia
c2d5032a-d589-4c4f-a071-74f3899b3968.png,normal
cd3f4b22-8bd5-4ef1-bc4c-cdefea2fe510.png,normal
wong-0005.jpg,pneumonia
1-s2.0-S1684118220300682-main.pdf-003-b2.png,COVID-19
covid-19-pneumonia-41-day-0.jpg,COVID-19
197afa6e-d36d-41eb-9028-d4a055f4c838.png,normal
e34cceab-c358-4257-8fcc-4ec1e7d7de36.png,pneumonia
b1079255-fb2b-4639-a140-70bca2fa2253.png,normal
f9471bff-686b-4d20-932b-bb0c76c8b77f.png,pneumonia
aaa98324-17f0-4e05-bce8-f78de7fb00d7.png,normal
pneumocystis-jiroveci-pneumonia-4-PA.png,pneumonia
71a40b76-1525-460e-88e4-8ecdff621e5f.png,pneumonia
02b7b018-0fed-44c2-a9c2-93b2b3952efc.png,pneumonia
f0fa0d55-07a5-47ef-beda-b55a7489dca5.png,normal
c9a6d04a-89ee-42dd-8837-9ae4e58dde35.png,normal
86853bbd-5af2-4551-8273-f2978dffdd76.png,pneumonia
063fed6c-4ecd-4a74-8f0d-c7a906a3afa4.png,pneumonia
6f558e12-6030-4774-a18f-e7e7f5618bdb.png,pneumonia
3666d8e9-60ac-4d61-a527-a87a4fbe4459.png,pneumonia
481ff753-4106-405c-962e-a3f1c1e3bc37.png,normal
covid-19-pneumonia-44-day-8.jpeg,COVID-19
c801ebd5-8032-473d-8a47-de337f59c904.png,pneumonia
6d7eeaa9-f060-4fc2-ae1d-f4dd1476fee9.png,normal
pneumocystis-pneumonia-12.png,pneumonia
40f57a2e-1b3c-46fb-9350-558e34b8f4e9.png,pneumonia
e1c9d1ec-05eb-4bf8-9d64-2aea82f43d98.png,pneumonia
af1d168c-4850-41e1-85b8-ff8fc645e671.png,normal
316bacdf-2388-4daa-bfce-cc632dcb4f79.png,normal
11beb646-df06-43e4-9a42-457a9a8a87e6.png,normal
1-s2.0-S1684118220300608-main.pdf-002.jpg,COVID-19
ryct.2020003.fig2-a.png,COVID-19
b07c2ded-6e52-40de-8559-ad7ba6e246a1.png,normal
ad4d16e5-a851-4327-b9fe-5977da445669.png,pneumonia
f4d8860f-fe7a-46fe-b3a6-e553fe67b3cf.png,normal
b441b807-25e0-4c5d-a1c3-bbf000a38b19.png,normal
e53c403e-47f2-411f-8869-89d039847d19.png,normal
covid-19-pneumonia-49-day4.jpg,COVID-19
radiol.2020201160.fig6b.jpeg,COVID-19
9067a3b6-b8bf-49a9-bc76-675853dd37b5.png,pneumonia
08732533-75c0-45e3-9565-f69307152c23.png,normal
02242633-faa0-4927-81de-b2b44940068a.png,normal
31ba8a38-bc46-4208-9225-f4a6290d7966.png,pneumonia
6ef86ecb-cc66-4b49-92bd-503b08de6e86.png,normal
5426d29c-8b15-401f-9453-bff645260899.png,normal
b56e253f-df19-4485-928b-d3b3f66d6c47.png,pneumonia
b180a83e-0a9f-4ce6-9b9b-adf28f7420b8.png,pneumonia
a85de598-dc47-445e-982b-e0db1c3d18db.png,pneumonia
8FDE8DBA-CFBD-4B4C-B1A4-6F36A93B7E87.jpeg,COVID-19
covid-19-pneumonia-24-day6.jpg,COVID-19
lancet-case2b.jpg,COVID-19
86401948-d976-41b5-965a-120a8cc3899a.png,pneumonia
6b44464d-73a7-4cf3-bbb6-ffe7168300e3.annot.original.jpeg,COVID-19
covid-19-pneumonia-rapidly-progressive-12-hours.jpg,COVID-19
b402960f-5989-4469-941e-b8dee9ff6275.png,pneumonia
radiol.2020200274.fig3d.png,COVID-19
1-s2.0-S0929664620300449-gr2_lrg-c.jpg,COVID-19
80314888-a5ec-4ba1-8cf4-ad9c67fac5ba.png,pneumonia
83271277-99fc-4a10-a0e7-35d45838df89.png,normal
figure1-5e75d0940b71e1b702629659-98-right.jpeg,COVID-19
c8b4cab0-ad2f-43dd-96e4-cd6b81f93a6a.png,normal
0e63cd8d-3f26-4f6f-b202-683e747d3458.png,normal
66bcb6f8-946f-4f66-8d18-06f17b01d3cd.png,pneumonia
8cf63742-b23b-43e9-8834-ec72713cb33f.png,normal
62069e65-26f7-4478-a825-131ed0075756.png,normal
966094de-7960-4b46-9dfc-f5fd10697098.png,normal
e356eae4-de6e-45e6-a1df-ec51c8ccc1cd.png,normal
980c366b-becd-4652-8934-682a2961081f.png,pneumonia
96f4aeed-716c-4db1-9f81-a186c991855e.png,pneumonia
bdb69d36-f0f3-467e-8d3a-8db2ac1d1308.png,normal
3aec9f35-58ba-4c7b-8b02-06f1218d3b3f.png,normal
pneumocystis-pneumonia-1.jpg,pneumonia
ryct.2020003.fig2-b.png,COVID-19
covid-19-pneumonia-rapidly-progressive-admission.jpg,COVID-19
covid-19-pneumonia-43-day0.jpeg,COVID-19
a3d9e81b-9de4-4d4c-8449-327ba2875585.png,normal
668c7bea-ca06-4131-9567-33078f889aa0.png,normal
3ea0e730-1b82-4184-a4b7-b2101e40fc93.png,normal
0124882b-de2f-4023-985f-debb74aa6ebb.png,normal
23253085-831d-41cc-b6e2-bd330d6ea44f.png,normal
covid-19-pneumonia-41-day-2.jpg,COVID-19
ca315c36-fd74-46dd-9307-0524e6b937bb.png,normal
radiol.2020201160.fig3d.jpeg,COVID-19
e6237a2c-514c-477b-8e79-727ebb9436a3.png,pneumonia
e3b1e7ed-b9ae-4061-a210-5444b7a9c9b1.png,pneumonia
e6957865-bb93-4b28-83c4-80e8a7eea793.png,normal
8c2e89d4-86c2-4019-a5cc-80570b8c4dfd.png,normal
1.CXRCTThoraximagesofCOVID-19fromSingapore.pdf-000-fig1a.png,COVID-19
31bac031-0b6b-408f-8acc-1651bd777dc0.png,pneumonia
ba6ce5ed-7b5d-4104-9050-967df0dbd928.png,pneumonia
b59a6d82-6686-4691-917e-8c98b6752b01.png,pneumonia
3e37afc9-f726-407c-84d0-df382e141721.png,pneumonia
31BA3780-2323-493F-8AED-62081B9C383B.jpeg,COVID-19
covid-19-pneumonia-43-day2.jpeg,COVID-19
2cfbc16c-f1e4-4ed2-b9eb-4d0c40b90800.png,pneumonia
a3ae810e-3fb2-4764-9ad8-790cdfd7abe0.png,normal
ciaa199.pdf-001-c.png,COVID-19
dbd636a9-a182-4bec-9998-07959ebb8484.png,normal
89e2d8bc-2e4f-4f5f-8e92-06119fa63cfc.png,normal
nejmoa2001191_f4.jpeg,COVID-19
92097b0f-44d8-4358-937d-cbf8c34c0732.png,pneumonia
covid-19-pneumonia-evolution-over-a-week-1-day0-PA.jpg,COVID-19
ciaa199.pdf-001-b.png,COVID-19
7781ae62-9313-42e2-9d82-9fa82b054195.png,normal
ba185597-bb80-4b69-938e-4bff4b87d366.png,pneumonia
b248af4f-3c62-418f-a55c-80ca6f73a9e1.png,pneumonia
kjr-21-e25-g001-l-a.jpg,COVID-19
2966893D-5DDF-4B68-9E2B-4979D5956C8E.jpeg,COVID-19
5e49cf20-ba6a-4d8a-a55d-87ac0109fe49.png,normal
ryct.2020200034.fig5-day4.jpeg,COVID-19
2B8649B2-00C4-4233-85D5-1CE240CF233B.jpeg,COVID-19
1.CXRCTThoraximagesofCOVID-19fromSingapore.pdf-001-fig2b.png,COVID-19
kjr-21-e24-g003-l-a.jpg,COVID-19
pneumocystis-jirovecii-pneumonia-2.jpg,pneumonia
covid-19-pneumonia-24-day12.jpg,COVID-19
ryct.2020200034.fig2.jpeg,COVID-19
35a60fb3-459a-43a6-9c1f-066578ca5d63.png,pneumonia
57cc1c1c-38ef-4f28-9615-87efb6e24be0.png,normal
F2DE909F-E19C-4900-92F5-8F435B031AC6.jpeg,COVID-19
covid-19-pneumonia-22-day1-pa.png,COVID-19
d080e8cd-17fa-44d5-8401-736bf2e7f213.png,pneumonia
7759e7ae-641f-4504-b373-95a8763dc59a.png,pneumonia
59f84187-780f-424e-a5fa-0cd4f4098e5e.png,pneumonia
624a95b9-354b-415e-8bcc-382c6510469d.png,pneumonia
3434889e-68e9-416d-bf95-ca21275eda5e.png,pneumonia
934d2f15-76ae-4a2c-817f-a3b022b0cc10.png,normal
ed38283d-165f-481b-bbb3-5532450b82c1.png,pneumonia
covid-19-pneumonia-22-day2-pa.png,COVID-19
6a80b4e3-1cc8-434d-9d5c-52b8a455b941.png,normal
7625412b-fbb0-46d7-9f7d-00b436cc467a.png,pneumonia
covid-19-caso-70-1-PA.jpg,COVID-19
a31fd48e-8dd7-4a31-a197-ed1d67ec98cf.png,pneumonia
d564b24d-50c8-418c-bd27-6368d2f3e733.png,normal
jkms-35-e79-g001-l-b.jpg,COVID-19
750d6b01-4273-43b2-8de8-500e738cb257.png,pneumonia
9fae656b-cf66-4c4b-a5ed-1962ebcafb7d.png,pneumonia
15c968aa-c279-4e68-aa0e-a0ea85b06053.png,normal
3ac49fd1-c580-48f1-8e3c-6a50d3447ba7.png,normal
covid-19-pneumonia-15-PA.jpg,COVID-19
covid-19-infection-exclusive-gastrointestinal-symptoms-pa.png,COVID-19
covid-19-pneumonia-2.jpg,COVID-19
ab1f2146-1c03-4d96-bc80-d5aaefb9b95d.png,normal
08bc9387-94f1-4ce8-8958-15864bca9052.png,normal
20ed5a77-bb84-4c95-b126-714bd59cdfbf.png,pneumonia
6166a1c5-b6d2-48f5-b620-eb91ad325b15.png,normal
b9bcc788-2f34-4af5-9fd5-ffeeee91eb04.png,pneumonia
1B734A89-A1BF-49A8-A1D3-66FAFA4FAC5D.jpeg,COVID-19
91cc9818-4778-4659-978c-a5a472e3c416.png,normal
80446565-E090-4187-A031-9D3CEAA586C8.jpeg,COVID-19
53872ba6-efa0-456f-80bd-bdb4ed66fc59.png,pneumonia
56b5e2ac-86d7-439e-b061-2ce718710d76.png,pneumonia
c4dfa645-ce61-48df-a435-ec3d89186eb4.png,normal
56e7c708-fe02-4da2-a0d1-63c2d422836f.png,normal
f0bc4c9b-48f7-40a7-b5f2-5de61422dd41.png,normal
auntminnie-a-2020_01_28_23_51_6665_2020_01_28_Vietnam_coronavirus.jpeg,COVID-19
d61c2dad-6c7e-4247-b984-66efbc79d23d.png,pneumonia
156a563f-4580-41d9-b930-2c6859478b50.png,pneumonia
cavitating-pneumonia-4-day0-PA.jpg,pneumonia
df1ace69-26c5-4b38-bdb6-2ce6f3a60b74.png,normal
c2882932-904e-4691-b3fd-0fcdaed98dc8.png,pneumonia
97fe9a9a-3b11-4cbe-b053-2d5de0739dff.png,pneumonia
c76aa53f-ef52-41b4-827c-4fa7ccbd26e1.png,normal
11750ff6-94ea-43d0-bad8-f3c3e5278d7d.png,pneumonia
98325e35-8c87-418b-a7c3-81b1180e85ea.png,pneumonia
bddeeec2-768c-4c49-9d62-def00e1ef0e7.png,normal
ba174e17-bdad-4a4e-98dc-21e270b93248.png,pneumonia
017c7b5b-618e-4bc9-943c-04c6a988d992.png,normal
1329b841-9c14-4f7c-9bce-4ba65067a20f.png,normal
4b76319b-47c3-466b-80f2-6dc1e046b0ba.png,normal
31a00524-b6eb-4d94-99ed-e70827499507.png,pneumonia
ada5d3a7-098d-4691-ba53-e633cfd3b86f.png,pneumonia
8b59638e-0f63-4999-831e-2f73b51a0407.png,pneumonia
ad446933-fb8e-4739-bb40-2063e796ffd8.png,normal
3db17fd0-1423-41a0-9ae6-41f8c864caca.png,normal
3edf8f40-1606-41ac-874d-779068f55b49.png,normal
1b6ac013-a672-4eda-9e69-75b0628ff944.png,pneumonia
figure1-5e7c1b8d98c29ab001275405-98-later.jpeg,COVID-19
pneumocystis-jirovecii-pneumonia-3-2.jpg,pneumonia
8a2cff37-2aca-4914-93a1-72a89d8df2bf.png,normal
e572f346-564c-418d-91e1-8c8819f5f794.png,normal
03BF7561-A9BA-4C3C-B8A0-D3E585F73F3C.jpeg,COVID-19
96eda850-c3c3-4a2e-8d11-66f8d86d7314.png,normal
covid-19-pneumonia-evolution-over-a-week-1-day3.jpg,COVID-19
8cf6c451-dd08-4054-a52c-743a4236a058.png,pneumonia
1.CXRCTThoraximagesofCOVID-19fromSingapore.pdf-003-fig4b.png,COVID-19
1-s2.0-S0929664620300449-gr2_lrg-b.jpg,COVID-19
9fdd3c3032296fd04d2cad5d9070d4_jumbo.jpeg,COVID-19
1a2b6a01-88f6-4907-adef-f396a00a15b4.png,pneumonia
485c7e13-e958-458a-9af1-1b4f0f0e11f8.png,normal
RX-torace-a-letto-del-paziente-in-unica-proiezione-AP-1-1.jpeg,COVID-19
687fbf95-5c46-4699-8b54-ee8e947226ca.png,pneumonia
pneumocystis-jiroveci-pneumonia-4-L.png,pneumonia
covid-19-rapidly-progressive-acute-respiratory-distress-syndrome-ards-day-2.jpg,COVID-19
pneumocystis-carinii-pneumonia-1-PA.jpg,pneumonia
ryct.2020003.fig2-c.png,COVID-19
1-s2.0-S1684118220300682-main.pdf-002-a1.png,COVID-19
35d9107b-47a5-4f5a-a16e-02ead11481bb.png,normal
86d81c2a-dbcb-4fc5-aba5-023108f1ef1e.png,normal
1-s2.0-S0929664620300449-gr2_lrg-a.jpg,COVID-19
7b2ceed7-c717-4cc4-b311-d58da6fd8fc3.png,normal
9af14d00-2e50-477a-8d0e-2e2c59f89188.png,normal
jkms-35-e79-g001-l-c.jpg,COVID-19
3170c2b4-aa5a-4e6f-bf27-39ee0a2a416c.png,pneumonia
7b67b1d4-9518-42a6-9d8a-05babb919b46.png,normal
59491c73-0991-4643-9ddc-3475e02b14d0.png,pneumonia
f652df75-c199-44a9-870b-54f68aae814d.png,pneumonia
7d04343a-f255-4f32-a14c-2b05929a667f.png,normal
covid-19-pneumonia-23-day1.jpg,COVID-19
cfe656f2-a8e8-4bcb-a29a-511c9f2f7211.png,normal
SARS-10.1148rg.242035193-g04mr34g07b-Fig7b-day12.jpeg,pneumonia
934e5ecd-c6e7-4c9d-8855-836227bde5f8.png,normal
a51f27a0-9628-4294-b537-ae4350f9e1b7.png,normal
477b167a-6a23-4fa4-bdd7-ed33c6ea7daa.png,pneumonia
83209510-bdcc-403e-aed9-baf492a93ff7.png,normal
3a7bffef-ed40-4764-a8ab-2b0ec8820e8b.png,normal
cavitating-pneumonia-4-day28-PA.png,pneumonia
77dd5230-6316-4a60-9246-514f556ec185.png,normal
92ef9a59-d770-40b6-9ef5-2f909d6cc1c8.png,normal
45370643-ec58-4da1-a1f7-4bd179483766.png,normal
gr1_lrg-b.jpg,COVID-19
af7cdf5f-6fcc-44a1-9d51-0a9f26e78a7f.png,normal
c26d7023-7b0d-4b3a-9621-1eb5007eac7c.png,pneumonia
e2fbe7af-e71f-40e5-9cf1-2c41caea4527.png,pneumonia
53EC07C9-5CC6-4BE4-9B6F-D7B0D72AAA7E.jpeg,COVID-19
A7E260CE-8A00-4C5F-A7F5-27336527A981.jpeg,COVID-19
1F6343EE-AFEC-4B7D-97F5-62797EE18767.jpeg,COVID-19
e33f2a56-329a-4f88-9b38-ed09ecfb9fd6.png,normal
9e6bd994-d868-4805-8511-08ddcbe33c14.png,pneumonia
742365a8-d9a5-41e4-b8a3-24a03a894f9f.png,pneumonia
pneumococcal-pneumonia-day0.jpg,pneumonia
kjr-21-e24-g002-l-a.jpg,COVID-19
df10aee9-878c-4782-8aea-de4369355fd6.png,pneumonia
e79c364c-a4a4-4201-b5fc-4b46701b5cf4.png,pneumonia
6a36436b-362d-4416-891f-7181b769626d.png,normal
95c013fe-3abc-4fbb-a9ea-c9b3dec35eea.png,normal
90f40995-6a8b-4dda-ba5c-b960b9dadf90.png,normal
1239cc4b-bacb-449e-b7e3-5545df8a6677.png,normal
d667579e-aa2d-461e-a869-4799ad466add.png,pneumonia
ae716bca-9b2f-4cca-8ee1-3cf6063593ef.png,pneumonia
covid-19-pneumonia-35-1.jpg,COVID-19
87c70c16-fe47-4aea-b6ec-21f975930c8d.png,normal
8d9fb29f-9dc8-4e56-8498-1f4d50ed4ec6.png,normal
99dcf680-1f54-4d88-aa29-d909be9e82ff.png,pneumonia
2a740d72-0dc4-4439-93ed-60cad708d7c4.png,normal
1.CXRCTThoraximagesofCOVID-19fromSingapore.pdf-000-fig1b.png,COVID-19
ad310f52-5ed7-46a5-a083-3ffd1bc4bb71.png,pneumonia
41d8f17e-030a-4565-9c40-2b5e9e9e993d.png,normal
38158e52-8b85-4a90-b09b-92cb9ebaf70b.png,normal
aeac2576-33b3-41a1-bf61-355103e4d3ea.png,pneumonia
faae5f7d-08ad-4242-b054-1c988002e35c.png,normal
b74be914-6855-4166-af07-a3adb0204f35.png,normal
3b253e33-a932-4d96-a8fe-f3a5be6b66a6.png,pneumonia
81a51c71-28ab-4a62-bb1b-458117d8234c.png,pneumonia
e7a56a08-b28a-488a-9f27-1ec9d5984cdf.png,normal
covid-19-pneumonia-12.jpg,COVID-19
1.CXRCTThoraximagesofCOVID-19fromSingapore.pdf-001-fig2a.png,COVID-19
a1733f0f-0822-4ca1-8e60-cb3981a7f7e8.png,pneumonia
96d2413d-d424-43ea-8d6b-f2e861c2773e.png,pneumonia
5b23de86-c4a5-4c55-b38f-18155a87930a.png,normal
f99423e2-de7c-45d7-9e88-9ec4b7b0936e.png,normal
b7d0cb5e-5594-41f1-9426-c7aa2cfd945c.png,pneumonia
577fbe16-0b7a-42e0-ae7f-f3e98c8c1ac1.png,normal
radiol.2020200490.fig3.jpeg,COVID-19
right-upper-lobe-pneumonia-9-PA.jpg,pneumonia
c316e283-3aaa-43ab-bc8b-d2e2076da35f.png,normal
18229219-aeb9-4687-ad23-29bed791d76e.png,pneumonia
fe4aadc0-da30-49ea-832c-ca0e709cafbc.png,normal
f8529eb0-34f1-4ea5-8c72-30fcb80eb33e.png,normal
d0eddd98-9377-475a-94d8-6c9663fa8396.png,pneumonia
aa61804a-c589-4027-b85f-4eaf8282e3a8.png,pneumonia
6bf72a31-d934-44e5-814c-36215526f1e9.png,normal
5d26f70c-8d1f-4a15-a618-c28ae3323c1a.png,normal
D7AF463C-2369-492D-908D-BE1911CCD74C.jpeg,COVID-19
d72c29d3-1322-4e17-9472-9ab38af34234.png,normal
ae01a62f-cbca-4f9d-bf40-2962929e5e0e.png,pneumonia
pneumococcal-pneumonia-day35.jpg,pneumonia
post-intubuation-pneumomediastium-and-pneumothorax-background-covid-19-pneumonia-day1.jpg,COVID-19
fea6191a-f4d4-4cc6-8bf7-5e81bd097209.png,pneumonia
f9651c64-a88f-46fd-9ca1-63a55f50873c.png,pneumonia
546820e9-9ff5-4047-84cd-5bb990f20ebf.png,normal
be0d1645-263c-4dce-99e9-77f31d6ded61.png,pneumonia
99590dd4-4871-4498-99e2-c99e8ea6c3e1.png,normal
930d83dd-cd4c-4968-a94e-581903c2cd76.png,normal
SARS-10.1148rg.242035193-g04mr34g0-Fig8b-day5.jpeg,pneumonia
345e85a4-6f43-422c-b472-61e36c37faa2.png,pneumonia
4b389cd9-ba17-453a-89b1-b6e500345b9c.png,normal
86375503-9b51-4796-8806-d4573cd9a532.png,normal
9C34AF49-E589-44D5-92D3-168B3B04E4A6.jpeg,COVID-19
all14238-fig-0001-m-c.jpg,COVID-19
nejmc2001573_f1b.jpeg,COVID-19
covid-19-caso-70-2-APS.jpg,COVID-19
1-s2.0-S1684118220300682-main.pdf-003-b1.png,COVID-19
5c9364c7-51da-490b-82bd-e7078e9c21f2.png,normal
7e25dcde-dc45-41ca-85f6-a73480915d93.png,normal
5a8415b5-f658-4d37-8144-1aa22420f84f.png,pneumonia
radiol.2020201160.fig2b.jpeg,COVID-19
580749d7-c75c-4f92-b71e-35eb6353dcdc.png,normal
covid-19-pneumonia-7-PA.jpg,COVID-19
6e0a4d03-07dd-4e0e-b8d4-9b4998500a70.png,normal
3fad6559-5289-4da1-a682-df0c97a08e38.png,pneumonia
f1a05d14-0364-4b81-ae36-384312dabb45.png,normal
95e2281a-1cbe-4f53-911a-0c76c84028b4.png,normal
afb87feb-0409-42d0-b5cf-7e6a820f67c0.png,pneumonia
covid-19-pneumonia-19.jpg,COVID-19
1bdb5d23-e594-4556-a8dc-0017e6bc5bf9.png,normal
8f88e942-6de5-4c75-96eb-edff7ded7a8d.png,pneumonia
d1d814f0-b094-47c2-aae7-6d24aae6ccd7.png,normal
pneumocystis-pneumonia-8.jpg,pneumonia
ad8fbdf0-b0df-4e0d-8fae-0ba105c81cc1.png,pneumonia
8eb8171d-f2fe-484b-9512-8244692fd572.png,normal
e45705e8-3f37-4498-9efe-108a597947d6.png,normal
97824fba-02eb-4767-ae26-6433b954340c.png,normal
3ff3fc6e-bef0-4d90-a4a5-0eb40c1f7710.png,pneumonia
covid-19-rapidly-progressive-acute-respiratory-distress-syndrome-ards-day-3.jpg,COVID-19
covid-19-pneumonia-14-PA.png,COVID-19
7828ad2d-6180-4903-aee4-e63fe42e63dc.png,pneumonia
covid-19-pneumonia-38-pa.jpg,COVID-19
162b17de-b15d-4122-9352-ec3445f61f35.png,pneumonia
73176c86-28cb-425b-9744-27b76446aabf.png,normal
8949f382-c28f-462b-a902-058818235e3b.png,normal
cb02fb32-08e3-4d2c-b81e-75fb77019f78.png,normal
9edc3935-3942-48c0-8666-bc5857f24aec.png,pneumonia
SARS-10.1148rg.242035193-g04mr34g0-Fig8c-day10.jpeg,pneumonia
a517b037-ba26-429e-b87c-91f728db8ecc.png,normal
01027bc3-dc40-4165-a6c3-d6be2cb7ca34.png,normal
4c19f97b-5967-4ba3-92f7-980aed7e5a1a.png,normal
covid-19-pneumonia-8.jpg,COVID-19
pneumocystis-pneumonia-2-PA.png,pneumonia
a5a1d7a8-e44a-4514-b849-835c602eabc7.png,normal
all14238-fig-0002-m-d.jpg,COVID-19
666dc889-847f-491f-ad5e-300f859dd70a.png,pneumonia
415f5493-d330-4239-b25c-cda4ef422683.png,normal
c554651b-4650-4a25-a21b-61419acf33c6.png,normal
e16597e4-4bad-4d6b-819a-3f94dac2454d.png,pneumonia
3c1fdc6b-2e9a-46f7-8dbd-28d4155f9b93.png,pneumonia
dd654777-8f6b-44ce-8c87-72cdf4cefac9.png,normal
pneumocystis-jirovecii-pneumonia-3-1.jpg,pneumonia
a06ad921-2c37-4df5-9747-5dca62f3245b.png,normal
0e7d10d2-e99f-4e30-826c-2d0a18edbc74.png,pneumonia
auntminnie-b-2020_01_28_23_51_6665_2020_01_28_Vietnam_coronavirus.jpeg,COVID-19
81785a74-18ad-49ba-92c6-e570b0d4ce57.png,pneumonia
pneumococcal-pneumonia-day7.jpg,pneumonia
dd0b42cc-e6af-4b9f-bd8a-cd7c6edc29d7.png,normal
lancet-case2a.jpg,COVID-19
892ad6c7-8a62-43c6-bc29-8f8dd910f68e.png,pneumonia
covid-19-pneumonia-53.jpg,COVID-19
353889E0-A1E8-4F9E-A0B8-F24F36BCFBFB.jpeg,COVID-19
94d581b2-b83c-4ff7-9d7c-9d4c7871f2a9.png,normal
35c9b827-764f-4911-9630-7fd4a9de1ada.png,normal
cb9149e2-a09d-4b4a-a644-81d8f394d679.png,normal
32f1f953-db5b-459c-bb4f-4b785ee2c3a2.png,pneumonia
952d444d-b0b3-434f-bb33-59e411657688.png,pneumonia
a1c1a92c-fe13-4c64-81f8-1482e18c5a49.png,normal
38929efc-a8ad-42b5-9fff-8ba881a7873e.png,pneumonia
79cb4053-b062-4be9-8922-9585b170d8fc.png,normal
B2D20576-00B7-4519-A415-72DE29C90C34.jpeg,COVID-19
401e1284-05b5-439b-9a7a-873dbb2d472a.png,normal
60a41f1d-7123-48f9-8d88-69141e31ae23.png,normal
28c22b85-a506-469f-a85e-1618a765901c.png,normal
FE9F9A5D-2830-46F9-851B-1FF4534959BE.jpeg,COVID-19
20705b50-3adb-4e95-bee6-e0fbd8f87776.png,normal
91c93f2d-91a1-4723-809a-1a224bc7440b.png,normal
883b3236-d2c9-456e-9653-f0a5a27de37b.png,normal
1.CXRCTThoraximagesofCOVID-19fromSingapore.pdf-003-fig4a.png,COVID-19
d4532e6a-a432-4fc1-86d3-28025329dfe3.png,normal
d9a6fe09-9ee9-4d64-bc42-cd903276f513.png,pneumonia
beb63eac-b9ba-40b5-89b1-8aed84ab43b6.png,pneumonia
9ddfb79a-c732-42c9-98c4-85539f9cc0b8.png,normal
465297a5-dc57-41dd-b3e9-b4da72ca236f.png,normal
82099a84-dd20-48dd-a87a-7ffd3d948c8b.png,pneumonia
c658d5f4-1e04-496d-b231-80588b0b092f.png,normal
ryct.2020200028.fig1a.jpeg,COVID-19
48ec3f92-0ffb-4501-b389-86c9084134c0.png,normal
1-s2.0-S1684118220300608-main.pdf-001.jpg,COVID-19
cb9b47e3-6f2d-45cf-b699-47aa36a3de38.png,normal
76fafcc0-915f-413d-bfa6-cf1194e1d28c.png,normal
ciaa199.pdf-001-a.png,COVID-19
fb2dc9da-0ddd-4d3e-b94c-64a64c0eaf00.png,normal
covid-19-pneumonia-24-day7.jpg,COVID-19
9fad94f8-dbcd-4858-9546-c6f19257bdfb.png,normal
0c8199bc-2634-4196-b81b-4732adac9926.png,pneumonia
fa0f397f-7b3c-4244-9692-80e622821131.png,normal
1-s2.0-S0929664620300449-gr2_lrg-d.jpg,COVID-19
35477f5b-9747-4f99-b1ce-7c97150cccfd.png,pneumonia
kjr-21-e24-g001-l-a.jpg,COVID-19
7b0cc950-21ba-4256-899c-27e26e7a0c63.png,normal
84d73e68-ceb9-4bff-94d9-9b97523109ee.png,pneumonia
dbc97e1b-b8e3-4d4a-87f6-7632650a0aae.png,normal
X-ray_of_cyst_in_pneumocystis_pneumonia_1.jpg,pneumonia
c09b4889-d8d1-4690-806e-dfada1f79e0b.png,pneumonia
7D2CF6CE-F529-4470-8356-D33FFAF98600.jpeg,COVID-19
covid-19-rapidly-progressive-acute-respiratory-distress-syndrome-ards-admission.jpg,COVID-19
pneumocystis-jiroveci-pneumonia-2.png,pneumonia
auntminnie-d-2020_01_28_23_51_6665_2020_01_28_Vietnam_coronavirus.jpeg,COVID-19
594ae57b-2553-4a94-ae3d-197219726f2b.png,normal
4f9042e1-9a6c-4c81-8006-c19faff7a248.png,normal
9d15461d-adca-4d4b-89a8-41f1b73308a7.png,normal
85d71d6b-cbe9-4bc8-a83c-a3d4c3d94dad.png,normal
e6a3f420-39d4-4042-8485-87024e7fb4f3.png,pneumonia
00436515-870c-4b36-a041-de91049b9ab4.png,pneumonia
4b1e8ad7-2487-4689-a952-0818fa8713d1.png,normal
9ec6e281-84bf-4b6b-be0d-0ccd279257cc.png,pneumonia
bad209bb-8814-4a94-9e27-4370052e3b85.png,pneumonia
5f2a4520-aaf5-478d-91dd-03615b06e0a3.png,normal
8f9bfc6d-dc1f-495f-b00a-91055613d458.png,normal
073102b7-565c-460a-9b69-13e2f34c4ee9.png,pneumonia
covid-19-pneumonia-28.png,COVID-19
a962cbf0-73ce-4066-afaf-69f961bbb389.png,normal
ec2de089-6de3-49d8-b5e4-d95bb4559221.png,pneumonia
9429988f-5216-425b-95f9-a646ba335fc2.png,pneumonia
f581273f-c436-4c7f-8a6b-5c973b749e58.png,normal
a8935cae-155c-4200-afc5-6fd74dd1b31b.png,pneumonia
7f9859ae-f79c-495a-b5ab-f717e2bde686.png,pneumonia
91c1c329-f7b7-440d-b65c-e15c3b31e0f4.png,normal
bfb7c989-f1c7-4b55-8b05-598338363b1f.png,pneumonia
6f3ee2c1-3491-4e1e-890f-ffab242b68a7.png,normal
cbbb9dff-783f-4776-a06b-e1ff22cd6ad2.png,normal
446B2CB6-B572-40AB-B01F-1910CA07086A.jpeg,COVID-19
covid-19-pneumonia-23-day9.jpg,COVID-19
f91c1b44-d084-441a-83ef-97dc5a71cac8.png,normal
b4760abe-2176-4f4a-a16a-35728c9feba1.png,normal
c31be560-cec0-4ada-b2e1-be51c2e8bb22.png,pneumonia
1d7876e7-2229-41a4-b6f5-0ead284ed611.png,pneumonia
5c12d325-ff79-4773-b583-747d3e6f5cdb.png,normal
ad587880-a108-4b52-bf4a-28d248bb1539.png,pneumonia
d0911794-caa7-4307-9ec7-ce2d1b619056.png,normal
db024b46-4a82-4713-8e8c-712f32427c9e.png,normal
0ae82435-399e-4cf1-9d78-92d1c184178d.png,pneumonia
post-intubuation-pneumomediastium-and-pneumothorax-background-covid-19-pneumonia-day6-1.jpg,COVID-19
09db0213-0ad3-4062-bc7b-9a82e5a74097.png,pneumonia
acb5c720-f741-415c-993c-65855be08ffa.png,pneumonia
parapneumonic-effusion-1-PA.png,pneumonia
post-intubuation-pneumomediastium-and-pneumothorax-background-covid-19-pneumonia-day6-2.jpg,COVID-19
aea65669-abc5-47dd-bf4e-c0e133dcac3c.png,normal
nejmoa2001191_f1-PA.jpeg,COVID-19
6a41e296-8bda-4f84-8766-c253246b77d0.png,pneumonia
dc08b204-e149-4998-a7c1-1f72c12fac16.png,normal
93986f45-f0ed-44c0-bbc4-15bfe78ec6da.png,pneumonia
covid-19-pneumonia-rapidly-progressive-3-days.jpg,COVID-19
d6faf8f7-90d1-4cd7-9611-c3405c464012.png,normal
SARS-10.1148rg.242035193-g04mr34g09c-Fig9c-day27.jpeg,pneumonia
34c9ca0b-413a-447a-ab1a-66b08a53af7d.png,pneumonia
e1150678-9a4f-41ff-b46e-a0bc5eb07f39.png,normal
99147d86-515a-47f7-a537-1692f2276564.png,pneumonia
covid-19-pneumonia-23-day3.jpg,COVID-19
cdb6e5a6-9532-4417-986b-5bec341e9096.png,normal
6f964e55-2f17-4361-b6f2-3af8e5d6e55a.png,pneumonia
061ccabd-b0cf-4238-a053-28a1960c1923.png,normal
5fc016ad-3edb-41db-94c6-0ea98490d793.png,normal
b64f53f6-a558-4d6c-99d7-50287d3b3773.png,pneumonia
d101a3ca-db2f-4914-83f0-a4d7f81af99e.png,normal
2f50a1ca-ebd8-4688-863b-fe85ce09c526.png,normal
78214c64-ebb6-4a9c-b4ca-ea65da449fd2.png,normal
dec3b97e-a2e3-45e4-a72d-1d6d9ce016e0.png,normal
figure1-5e7c1b8d98c29ab001275405-98.jpeg,COVID-19
ryct.2020200034.fig5-day7.jpeg,COVID-19
5620c301-4fee-478e-bdb0-124a00010443.png,pneumonia
7b7d7bf3-0684-465d-9a74-f51887685387.png,pneumonia
627fbbd0-5d32-4c2a-9aee-9859b309407b.png,normal
4b1d3e29-2e48-45b6-974d-a8c7dc5f37e1.png,normal
1.CXRCTThoraximagesofCOVID-19fromSingapore.pdf-002-fig3b.png,COVID-19
cde39aef-eb18-4061-bfb9-2c0fa879285b.png,normal
covid-19-pneumonia-20.jpg,COVID-19
covid-19-pneumonia-evolution-over-a-week-1-day4.jpg,COVID-19
41159056-4cb8-4937-aa38-ad56a362c673.png,pneumonia
c5074fa5-ad56-4b4f-9b52-c298db7b62af.png,pneumonia
2e84276a-cac7-4573-b71b-512decbc4f88.png,normal
793c8547-aa10-4a67-88eb-0318ff9a6541.png,pneumonia
6ec8cf52-32f7-4995-91d2-07b4d6bd9d1f.png,pneumonia
d50b31c0-05b1-404d-a03f-330d2b13a1b5.png,pneumonia
908d0efc-973e-4880-84e9-fc1b0a892461.png,pneumonia
cf63d55f-512b-43c8-8c84-0aedfc89f3a0.png,pneumonia
db754689-fb19-40ce-87dd-e790b3dd2c44.png,normal
af7dd745-4d4e-4253-bf32-f16e26747977.png,normal
b9689b98-97cd-4ffb-8c25-4d3b686f62f1.png,pneumonia
e65e2157-c879-4aad-9398-628b4f869eb1.png,normal
426a8a7e-a02a-43fe-aee1-b052cbf0ed57.png,pneumonia
wong-0000.jpg,pneumonia
1-s2.0-S0140673620303706-fx1_lrg.jpg,COVID-19
f1138254-ddb3-4c4f-935b-92c4eebe14fb.png,normal
6067a125-b3e5-4723-bc09-0d502ade3894.png,normal
741e924e-b826-47e9-a349-879561029b24.png,pneumonia
850a00db-8884-45d3-b3cf-1ba8635b9294.png,pneumonia
0949d712-9d3c-424a-99b5-423a598d8b97.png,pneumonia
5A78BCA9-5B7A-440D-8A4E-AE7710EA6EAD.jpeg,COVID-19
b5007662-ff9c-49ad-9093-85ed7dc44bf4.png,normal
f73629d1-43c0-4ce9-91c4-28081f532e1f.png,pneumonia
1-s2.0-S1684118220300682-main.pdf-002-a2.png,COVID-19
8807c9e0-9c85-44fd-9804-9cee8d50aceb.png,normal
77e9a287-61ee-4686-b029-c7e1b09b7dbb.png,normal
580c9692-7fe6-40c2-9f1c-2ac31c65f76e.png,normal
c6da5d4d-b527-4207-81a4-1a3ca149411a.png,normal
covid-19-rapidly-progressive-acute-respiratory-distress-syndrome-ards-day-1.jpg,COVID-19
75fe9adb-b0b0-4b00-ba5f-010773408a8c.png,normal
28775c77-80e8-4f8c-be85-7a44162b5c28.png,pneumonia
75f4cf02-abf5-49ce-935a-63b27e43d09c.png,normal
9114e85c-ef19-450e-ba4a-0290d2f727b6.png,normal
ac4dbb76-f72f-48ef-ab91-bd3fc6dbe5b4.png,normal
2C10A413-AABE-4807-8CCE-6A2025594067.jpeg,COVID-19
covid-19-pneumonia-20-pa-on-admission.jpg,COVID-19
0b1c0cf3-21b9-49f0-b33b-3e71b24295eb.png,normal
9177da7d-bf6c-4d5c-953a-89270f2d8f97.png,normal
f0b1553e-4080-4712-921f-b72f3c9ee733.png,normal
0697baae-e475-4fa3-ad82-51b319a026cc.png,pneumonia
b7fe2048-abe7-4f69-b82a-ed93c354a8aa.png,pneumonia
909b5165-08ad-4bf1-b3af-2aba2aa5be0e.png,normal
covid-19-infection-exclusive-gastrointestinal-symptoms-l.png,COVID-19
70c6d6ca-f753-4860-9479-6f7f235e861f.png,pneumonia
auntminnie-c-2020_01_28_23_51_6665_2020_01_28_Vietnam_coronavirus.jpeg,COVID-19
0983ae59-b906-4fd5-a810-edfe0580fe3b.png,pneumonia
