filename,class
9C34AF49-E589-44D5-92D3-168B3B04E4A6.jpeg,COVID-19
covid-19-pneumonia-evolution-over-a-week-1-day4.jpg,COVID-19
figure1-5e73d7ae897e27ff066a30cb-98.jpeg,COVID-19
d60b8fd0-044e-4bbb-b88d-05289327dce9.png,normal
721ca9d9-ef3e-4fda-84c3-bd9f7a7645aa.png,normal
152f5cd9-cc37-4312-befb-1b036cb68c82.png,pneumonia
jkms-35-e79-g001-l-a.jpg,COVID-19
ecd30355-da43-4539-af7f-5a54b12abeac.png,normal
a0a71a00-791f-4b4b-b97a-b533304d4bb7.png,normal
b73ed36a-96ce-4124-b9cd-a74d883e9bfd.png,pneumonia
811b44c8-1564-4d18-b19a-37caa720c102.png,pneumonia
accd45c5-2127-490f-94d1-beb7e54e5938.png,normal
f7feb95a-6cb9-46fd-84ea-3d421ae122ef.png,normal
df13cd6b-0b39-40ee-811c-9df848963965.png,pneumonia
bb0e687b-e508-4420-8b69-86be037e79bb.png,normal
jkms-35-e79-g001-l-c.jpg,COVID-19
378ef52a-cbc7-4e92-bd6b-ecb4045508f3.png,pneumonia
1.CXRCTThoraximagesofCOVID-19fromSingapore.pdf-003-fig4b.png,COVID-19
aa5418aa-065b-4dfe-b61d-3cddd302b4f2.png,pneumonia
1-s2.0-S0929664620300449-gr2_lrg-a.jpg,COVID-19
figure1-5e7c1b8d98c29ab001275405-98-later.jpeg,COVID-19
80831088-3282-48ff-b886-4b227eaf6ec6.png,normal
acc17db4-7fc3-4657-a8c1-0555bcbeba48.png,pneumonia
39EE8E69-5801-48DE-B6E3-BE7D1BCF3092.jpeg,COVID-19
1a2dc891-713d-4253-ad19-a1e7910ee2eb.png,pneumonia
6e2174d4-d2e8-421a-9577-109160d053eb.png,normal
51f540ba-aad8-4e1f-bc8b-7373d3d23ee2.png,pneumonia
912449f8-feda-4eef-89dd-55a2786e77f8.png,normal
e77dfc75-8bdd-4aee-967c-c7d97f9771f8.png,normal
8992fd71-2070-4b0d-8098-07940eddfbb5.png,pneumonia
87e4af8b-1110-481d-86de-f315ca03936d.png,pneumonia
4139d848-af6d-4264-84ee-599cece63d48.png,normal
55aecdc5-76dd-46c0-85e9-58e47199894f.png,normal
f966c01e-ee55-4544-a700-032f9d538a2b.png,pneumonia
53a939bb-ceff-43fe-a013-5b3179dfc804.png,pneumonia
e70795e5-58b2-4b08-a9eb-6929c8905ea0.png,pneumonia
kjr-21-e24-g003-l-a.jpg,COVID-19
74691258-da0c-4d42-9ef1-ded47c92a683.png,normal
65247f5b-027f-4cff-95aa-f424dfeef259.png,normal
radiol.2020200274.fig3d.png,COVID-19
c8f3473c-8c28-4d6a-8565-a12479d2623c.png,normal
1.CXRCTThoraximagesofCOVID-19fromSingapore.pdf-002-fig3a.png,COVID-19
8cc0b6f0-ca96-47a8-bf47-7fe2d3641d0c.png,pneumonia
ea55a4ab-2ad9-4106-86af-eb646a95cd35.png,normal
b2c534fd-e663-4363-8c62-bcae8cd3dabe.png,normal
3c0a97d7-6d90-46a6-a10a-1df9e4064d52.png,pneumonia
nejmc2001573_f1a.jpeg,COVID-19
nejmoa2001191_f5-PA.jpeg,COVID-19
999e9144-e7f0-4898-903f-dd0d20296c73.png,normal
8ce28cb3-1184-4792-b774-229fa7dd633e.png,pneumonia
6712b830-bb81-4536-8145-3ec571b860bf.png,normal
a4c510ea-e84b-489e-820e-2777b240f33c.png,pneumonia
bb7973b1-58b1-4e2e-b687-144e179f0996.png,pneumonia
a011c70e-6fda-4056-b364-8bfa67a878d0.png,pneumonia
82c630ab-a9f1-4655-88ca-9d48d3a80bfd.png,normal
7f6f91c5-70aa-4838-bb5e-0461f07ef1d7.png,pneumonia
gr1_lrg-b.jpg,COVID-19
73a53464-7183-4a5e-ba1d-f2c014d1511a.png,normal
eaaca2f5-8aec-4553-a2e3-fa44014375ef.png,normal
7C69C012-7479-493F-8722-ABC29C60A2DD.jpeg,COVID-19
65f61ec4-b763-4d94-93ef-135e22717e12.png,pneumonia
8a90ffce-3f6e-4d49-8307-0351381be2ee.png,pneumonia
pneumocystis-carinii-pneumonia-1-PA.jpg,pneumonia
f454d325-7967-4c13-ab5f-139dc0f1ecbf.png,pneumonia
pneumocystis-jirovecii-pneumonia-2.jpg,pneumonia
covid-19-infection-exclusive-gastrointestinal-symptoms-pa.png,COVID-19
2966893D-5DDF-4B68-9E2B-4979D5956C8E.jpeg,COVID-19
b086dfcf-4704-41a5-bdf7-22139c5d0711.png,pneumonia
3530e106-65da-474c-b3d8-b024a0b3a81a.png,normal
b78db1b3-7cae-4225-9f6c-fe8abef98f0d.png,normal
5ea29371-3680-4942-bd1c-67b5d8835f79.png,normal
d21e3291-a64b-405c-8a71-8fae7041b138.png,pneumonia
529bd50d-2ee9-41b2-a4d8-35c403bef10b.png,normal
b2e3df58-d617-4bef-8a4d-ee9afba25281.png,normal
pneumocystis-pneumonia-2-PA.png,pneumonia
cbbd6761-0ba7-4d3d-81f7-f335cea85dd2.png,normal
8f96a328-72fe-4c24-a57f-be79315acddf.png,pneumonia
1F6343EE-AFEC-4B7D-97F5-62797EE18767.jpeg,COVID-19
bb1a546d-12e6-41e8-b602-768a0e499569.png,pneumonia
dfb3503f-c122-40de-a21a-ed4e0397afdd.png,normal
8a14a02a-0867-491c-aa6f-fc0f643ffeb4.png,normal
covid-19-pneumonia-20.jpg,COVID-19
4fd82276-a900-49e3-8282-ffda6edd6068.png,pneumonia
pneumocystis-jiroveci-pneumonia-4-L.png,pneumonia
d78b9f6d-c3c3-4aa2-af54-a7b2d928042a.png,normal
46589ee8-5fe8-4b85-91bb-b5e99bdc8cc3.png,normal
SARS-10.1148rg.242035193-g04mr34g0-Fig8a-day0.jpeg,pneumonia
90b1ce86-6956-4957-a33f-280c1354db0d.png,pneumonia
62a1b378-446c-4584-b676-031eb3dec138.png,normal
7834a7b0-6064-4f9c-bf5c-a526393af472.png,pneumonia
695fead2-dfc7-4431-a9b7-b82ea46c812c.png,normal
131cd368-4db7-4883-9408-47da2b59650a.png,pneumonia
2B8649B2-00C4-4233-85D5-1CE240CF233B.jpeg,COVID-19
c52ffbc9-c895-4229-a372-8d5cacc3f452.png,normal
242a6f0b-fc6e-42e6-84c9-f74e3d33372b.png,pneumonia
bd9537e5-1460-438d-a6f5-7515205231f5.png,pneumonia
57a82f17-448b-411d-81e2-2f40e84510be.png,pneumonia
9a1fe07c-88c3-4ec2-9713-09d3beaf9830.png,pneumonia
426bfed0-77df-4ccb-a210-a5e01fdfbc35.png,normal
SARS-10.1148rg.242035193-g04mr34g04b-Fig4b-day12.jpeg,pneumonia
radiol.2020201160.fig6b.jpeg,COVID-19
covid-19-pneumonia-41-day-0.jpg,COVID-19
e6dfc127-5e23-4a60-b784-efa008f59587.png,pneumonia
909e1bb8-f89e-472f-9b59-f2878ea7f928.png,normal
covid-19-pneumonia-35-2.jpg,COVID-19
3cdc0d7b-b323-4809-92db-49ed6a2903f1.png,normal
6a907003-0d6f-441d-b7f0-144eef2b4691.png,normal
e88711cb-e03b-4570-a531-8ac8a7f9c6f5.png,normal
dd400306-5e55-42d5-8177-673d1e207600.png,pneumonia
93FE0BB1-022D-4F24-9727-987A07975FFB.jpeg,COVID-19
3ba03324-b1b1-4390-bfea-5989348ce1e8.png,normal
7e2246e4-8412-4216-af50-7ae8c232f9b9.png,pneumonia
fdd20e4d-879e-4ff9-bc4e-8ec4184cfff9.png,pneumonia
FE9F9A5D-2830-46F9-851B-1FF4534959BE.jpeg,COVID-19
5882be25-40fc-49db-b4d5-3198385ade64.png,normal
fbbd1c86-6545-4cf7-8273-0c77161c847c.png,normal
71576c22-51ce-4510-98d8-6933e0b9b810.png,pneumonia
covid-19-pneumonia-22-day2-pa.png,COVID-19
6e01cefa-becc-4ad7-b8fb-c8172fc9e7da.png,pneumonia
7012bc84-d176-4982-99f7-865c67343e21.png,normal
1b3f7972-4e7b-4065-8af5-2edcd32a0f76.png,normal
4b04ae4f-7d4d-44ea-aec7-5d8e673e8ce5.png,normal
covid-19-pneumonia-44-day-8.jpeg,COVID-19
all14238-fig-0002-m-d.jpg,COVID-19
6135977c-f19e-4a7f-9e11-6fe03805e750.png,pneumonia
8bcbc23d-15c8-4e14-a2c7-7fca7b755d8b.png,normal
84309ddd-319f-4e6d-b312-2bc70537b074.png,pneumonia
b63f4c12-5731-41e2-8d89-2ae0c4daba41.png,pneumonia
SARS-10.1148rg.242035193-g04mr34g0-Fig8b-day5.jpeg,pneumonia
2721b917-061a-489b-8580-db98f0e80d60.png,normal
bcdbc728-859b-4989-8621-bc8cdfece25c.png,normal
0daa445f-6b0b-499f-8162-91296e89f61c.png,pneumonia
dae0dd94-d374-40d0-a12b-a8feee49f3a2.png,normal
98c2ad7f-e019-49c7-8c1e-7f6936d050da.png,normal
8e85dd37-78b8-4538-8228-480f24b3995a.png,normal
nejmoa2001191_f3-PA.jpeg,COVID-19
69ffd6ea-f6f2-408e-a314-eecbd3a3756b.png,pneumonia
e4a6023a-15d8-49a6-a2c5-a968297c0c6e.png,normal
covid-19-pneumonia-rapidly-progressive-admission.jpg,COVID-19
718cee3f-4cff-4edc-92d3-80f0169e3b5c.png,pneumonia
31BA3780-2323-493F-8AED-62081B9C383B.jpeg,COVID-19
0b68b596-41bd-425f-a9f6-43b84071b567.png,normal
covid-19-pneumonia-2.jpg,COVID-19
ee1afccd-73db-442f-8465-f85dee2db2fe.png,normal
0892a3a9-1345-42b3-8412-b930fd9066e5.png,normal
c2b6c97a-c501-4a9c-b5a1-1dbb07d944cf.png,normal
904289e4-96a1-43c8-9eed-6cec2e9c8ddd.png,normal
30b439a2-0a05-4684-b890-85c63b81778c.png,normal
e5d58e52-f77d-4fb6-9aff-9fc5715521a1.png,normal
36698ec6-be46-4899-9465-2bfe70780ba2.png,pneumonia
f61c2271-a0f0-4a88-a803-71bd7dba0be9.png,pneumonia
covid-19-infection-exclusive-gastrointestinal-symptoms-l.png,COVID-19
b776a863-b1da-4a7e-b688-b9a6ce6c3e75.png,pneumonia
4f8808b6-a405-40bb-8d2a-bec9ad4e252e.png,normal
all14238-fig-0002-m-f.jpg,COVID-19
da0d2a4e-46ff-43a7-866d-1608fe52b05f.png,pneumonia
f9b9a4ee-49bd-4054-9a60-03c771aac376.png,pneumonia
85dad6b6-8a4f-4189-b1c0-006a66f5b0bd.png,normal
auntminnie-b-2020_01_28_23_51_6665_2020_01_28_Vietnam_coronavirus.jpeg,COVID-19
9889dd70-f91b-462c-a5ce-8b77b97052a1.png,pneumonia
7dc8c265-2253-4010-9198-b716d1e9c76b.png,normal
e9f38ad5-dea1-4568-9abc-056143ae572b.png,normal
covid-19-pneumonia-15-PA.jpg,COVID-19
figure1-5e71be566aa8714a04de3386-98-left.jpeg,COVID-19
ec81f707-4d7c-4a97-ab27-048c805f5395.png,pneumonia
e00c4a0d-1647-467d-a602-6fe8dd8ac75b.png,normal
auntminnie-d-2020_01_28_23_51_6665_2020_01_28_Vietnam_coronavirus.jpeg,COVID-19
1-s2.0-S1684118220300682-main.pdf-002-a1.png,COVID-19
dcdf34fb-bf38-4a91-af40-3cb16829efbb.png,normal
71b09f7a-7ef5-4723-841f-eef8725e7688.png,normal
b2258e40-0b4d-41f1-8922-d0924c8aa145.png,normal
60f25384-f542-4670-88a3-ce73277da658.png,normal
95c3f6b9-46e7-4450-82ef-4455d9afb789.png,normal
covid-19-pneumonia-20-pa-on-admission.jpg,COVID-19
1.CXRCTThoraximagesofCOVID-19fromSingapore.pdf-000-fig1b.png,COVID-19
e20489cb-8481-4722-8066-5a7506a7e7b1.png,normal
bf5255f6-1130-444c-957b-b2ef01d01167.png,pneumonia
de7a88df-de6a-49bf-a048-9328a4690c80.png,normal
370e588e-adfb-49c3-b5da-6de6e259206d.png,normal
6C94A287-C059-46A0-8600-AFB95F4727B7.jpeg,COVID-19
d11f1b9d-5015-4e99-bb94-c714de18b765.png,normal
f2220b70-8965-4c1c-9710-c039808c837d.png,normal
ryct.2020003.fig2-c.png,COVID-19
42099492-c42d-4b92-8f66-2556f9402cf6.png,normal
4ebf07c6-2380-4dcb-beeb-f6aa2bc007bc.png,normal
1-s2.0-S1684118220300682-main.pdf-003-b2.png,COVID-19
covid-19-pneumonia-41-day-2.jpg,COVID-19
b3fea5aa-119e-45ab-93ca-b42022961cb7.png,normal
576f691f-ec9f-46a3-9f06-0b72c9702d8c.png,normal
40de7d48-6a58-44e5-bfe0-1300057f8d85.png,normal
parapneumonic-effusion-1-PA.png,pneumonia
359355a8-5981-406a-a8c3-3dcfdde9169e.png,pneumonia
41b7ad8f-59d5-4ae3-a171-1ba325e90138.png,normal
56ba6f53-45a0-44d1-9f65-0ac78f74969a.png,normal
7a32a64b-a415-4585-a110-981b913ac959.png,pneumonia
covid-19-pneumonia-evolution-over-a-week-1-day6.jpg,COVID-19
d974dbc0-5e7d-4aac-bda5-f29096aeeb5a.png,pneumonia
covid-19-pneumonia-7-PA.jpg,COVID-19
897f3a77-4254-491c-8d23-7d94d02f30d6.png,normal
3247efbe-0804-4aa6-865b-155e6b9bbb86.png,pneumonia
e8b77cef-4d4e-409c-9674-6c6c3dae8729.png,normal
kjr-21-e25-g001-l-a.jpg,COVID-19
bc4fb949-f968-4360-a856-2b506e6bf2e3.png,pneumonia
3cb2bebe-0b95-42af-9bfe-72aeff44f745.png,pneumonia
55c2c6af-48f0-4287-804b-2dc25c8b9cdd.png,normal
dfecc5ff-2989-4b4f-ba0c-f8a4cf85a3c8.png,normal
4bf3a128-5f17-4906-8604-ca0ccdd00c37.png,normal
pneumocystis-jirovecii-pneumonia-3-2.jpg,pneumonia
36946b92-64ac-4bfd-9984-e3f9b8b95bc5.png,pneumonia
60ea902b-a46a-446b-8692-c6b803775ee1.png,normal
1af50916-9b55-4df5-b1d3-dde1af2bc441.png,normal
7fc478ab-7eca-454d-885c-6aec22dc6903.png,pneumonia
b35dfbda-395c-4c9d-befb-331f6ac3da84.png,pneumonia
6207b736-fe0c-4f73-ad9b-9ef1e81aa885.png,normal
835ea6ca-9564-41da-80de-568f18c82ab2.png,pneumonia
65ed716d-a973-4f53-b84a-6b54ac0cd56a.png,normal
3ddfe89f-2b00-49cc-ad50-30ac45c8aad2.png,pneumonia
5acc56a4-1b6e-4394-9364-9772047d583f.png,pneumonia
85a38f61-752c-4a5a-9a9a-eabc2889bc06.png,normal
3b2d5952-ecd3-4e79-9ecc-908adde0ab99.png,pneumonia
1.CXRCTThoraximagesofCOVID-19fromSingapore.pdf-001-fig2b.png,COVID-19
E1724330-1866-4581-8CD8-CEC9B8AFEDDE.jpeg,COVID-19
X-ray_of_cyst_in_pneumocystis_pneumonia_1.jpg,pneumonia
27f328a2-ec1b-4d6e-8a0b-fe1d655b4a91.png,normal
covid-19-pneumonia-23-day3.jpg,COVID-19
7f296771-0964-4682-85e1-7b7c39268e05.png,normal
315b5137-1117-4090-9329-d6a6fff607ef.png,pneumonia
aef642fe-7242-47b8-8aac-971eb052d9fb.png,normal
ryct.2020200034.fig2.jpeg,COVID-19
bb6697ee-46a6-47ee-8ed5-5ba295327702.png,pneumonia
covid-19-caso-70-2-APS.jpg,COVID-19
covid-19-rapidly-progressive-acute-respiratory-distress-syndrome-ards-admission.jpg,COVID-19
bf7225ea-722d-483c-8fd6-3118966ca7b1.png,pneumonia
a0c9dd5d-a882-4d53-a32e-1ef05d0e5e2a.png,normal
3a483825-5dc2-4318-b0a6-7378f155df2c.png,pneumonia
ryct.2020200034.fig5-day0.jpeg,COVID-19
8176c9ad-ffde-4b9c-9050-b5b725ed4c0d.png,normal
nCoV-radiol.2020200269.fig1-day7.jpeg,COVID-19
d5d7c95e-0682-4b93-bf0b-5dff2fa91a92.png,pneumonia
covid-19-pneumonia-30-PA.jpg,COVID-19
ce4b3358-32c2-4ffc-8bea-3c4bad887322.png,normal
99259c38-32f9-42fd-bb3e-8a3b59521784.png,normal
72a5d9ae-5195-446b-8ca4-42958f92a491.png,normal
95bb8cc2-d5d5-4ef3-ade0-18e5ff5b2e08.png,normal
739bd043-d62e-41ef-bf20-20ed762dca13.png,pneumonia
aba15334-5b65-45bd-9849-e453de3129e2.png,normal
pneumococcal-pneumonia-day7.jpg,pneumonia
b4147465-8b3a-4200-ba9c-a5eae09eafa9.png,pneumonia
88810f05-2f45-4edf-a5b9-9b6745259ae2.png,normal
8b0cda04-b3df-4c31-93bd-d3801a285327.png,normal
b021293c-4dd0-450c-b1a4-2d72cedab0a2.png,pneumonia
3517d4f2-175a-4ec4-a274-eda1d8189299.png,pneumonia
SARS-10.1148rg.242035193-g04mr34g04a-Fig4a-day7.jpeg,pneumonia
d8787200-cf92-4b48-8687-c6a356575939.png,normal
0eb6bffd-a30d-466a-84eb-d8daf93570ce.png,normal
812d9935-b186-4812-a0b8-bc37df854773.png,normal
d0d6b71a-7784-4b4b-b75a-637250c604c6.png,normal
13acd418-a94d-4b36-900d-c13b9bd048c9.png,pneumonia
d4d10646-e095-4cde-9f9a-b0d4b4cf6d5c.png,pneumonia
8609c224-17bc-4886-a08f-d82e098fe891.png,pneumonia
6a32bc6d-aa3d-4579-82ab-11f7a996e37f.png,normal
f9a66a3b-9e7c-43b2-9b52-312778377251.png,pneumonia
B2D20576-00B7-4519-A415-72DE29C90C34.jpeg,COVID-19
880ea9e3-6c84-47c9-a94f-bd8c94903eb3.png,normal
auntminnie-c-2020_01_28_23_51_6665_2020_01_28_Vietnam_coronavirus.jpeg,COVID-19
post-intubuation-pneumomediastium-and-pneumothorax-background-covid-19-pneumonia-day6-2.jpg,COVID-19
d2022d4e-4224-4aac-ac5e-01ab4bd3792b.png,normal
823a9297-1c70-4f5d-8f10-b33205761ca2.png,normal
ryct.2020200028.fig1a.jpeg,COVID-19
ed62c4ba-939c-44d8-964e-4fa516930af9.png,normal
a2cd771c-cc13-4676-806e-73bd45e25373.png,pneumonia
5f21b7ba-bc55-4b8b-8cc9-bb7332e3930b.png,normal
b1b9f018-bc87-4f21-af0e-d56a58eb27fb.png,pneumonia
1-s2.0-S0929664620300449-gr2_lrg-d.jpg,COVID-19
27fdc9c2-5544-4142-92ac-11a1264d4fb8.png,normal
all14238-fig-0001-m-c.jpg,COVID-19
88334a4b-2cbe-44e1-8e19-2d45a576be9f.png,pneumonia
covid-19-caso-70-1-PA.jpg,COVID-19
8769a5f8-1287-48b3-9ba2-c67be8e31a36.png,normal
covid-19-pneumonia-34.png,COVID-19
43ddf843-22b5-4c9f-add5-bc7927130a88.png,normal
ciaa199.pdf-001-c.png,COVID-19
8af01f75-895a-4492-95d1-63c2532be8c0.png,normal
afe0a0c8-878e-48b9-bcd8-48526125fcdb.png,pneumonia
f32bd2b1-9ed2-454b-9c4d-edd8e25b6fc7.png,normal
1fd92186-f1fa-477d-b23e-abfd7ad537ce.png,pneumonia
radiol.2020201160.fig3d.jpeg,COVID-19
covid-19-pneumonia-22-day1-pa.png,COVID-19
f171adf5-5c87-4051-8152-91ba18268669.png,normal
0174c4bb-28f5-41e3-a13f-a396badc18bd.png,pneumonia
1.CXRCTThoraximagesofCOVID-19fromSingapore.pdf-002-fig3b.png,COVID-19
7f745324-a44d-440c-b964-d50208fb1e18.png,normal
a0688bb5-65a3-4b02-b0a5-cd0dc775608d.png,pneumonia
31694f91-f16d-4d5c-9dac-b5c7dd5c767d.png,pneumonia
covid-19-pneumonia-rapidly-progressive-12-hours.jpg,COVID-19
e811705a-0486-406a-aa0b-3c5ea99e2b1b.png,normal
58cb9263f16e94305c730685358e4e_jumbo.jpeg,COVID-19
kjr-21-e24-g001-l-a.jpg,COVID-19
fc63a669-3be5-404c-97f2-0902c10ed218.png,normal
686caa6d-9f3c-4a1c-87fb-84063fe336ed.png,pneumonia
d6a9482c-0781-4595-9233-ed6da1ac5025.png,normal
aac0f44c-3942-460a-8d75-ece0ac88ab0f.png,pneumonia
a4ac5fc1-dbc7-4380-8265-04e05f959c0e.png,pneumonia
4b948dc1-39e8-4753-9ff8-11880f868b86.png,normal
efa863b3-24a7-4688-9015-e656c933d04c.png,pneumonia
db8433df-a208-4416-a35d-d131d8e334e3.png,pneumonia
8b0cf414-03a7-499c-a080-cdc52003c84a.png,pneumonia
9076de25-6b98-422f-9d11-cca443db24b9.png,normal
RX-torace-a-letto-del-paziente-in-unica-proiezione-AP-1-1.jpeg,COVID-19
3488f56d-1c15-45f2-ad45-ee5b11196442.png,pneumonia
5cdd56f1-9ad7-4b45-81e2-6f5c0a890cec.png,normal
pneumococcal-pneumonia-day0.jpg,pneumonia
3fc68a87-c737-419a-a871-8e78fec7f940.png,normal
SARS-10.1148rg.242035193-g04mr34g09b-Fig9b-day19.jpeg,pneumonia
ryct.2020200034.fig5-day7.jpeg,COVID-19
covid-19-pneumonia-44-day-0.jpeg,COVID-19
b8eef91b-bbe7-443c-9e05-b756108d7344.png,pneumonia
fdb7ee89-c1fc-473d-8336-c82f1658dbbd.png,normal
6735932c-c8ca-45d5-be56-1ff682a3182e.png,pneumonia
fe539da9-f41c-404f-bf48-cc20a30a201b.png,pneumonia
2C10A413-AABE-4807-8CCE-6A2025594067.jpeg,COVID-19
732836e0-76c6-4bd9-9798-b7039f6b6e14.png,pneumonia
covid-19-pneumonia-19.jpg,COVID-19
b828a2bd-f615-42d8-a756-ec02ec7b6b6d.png,normal
16f580c9-9242-4535-8fb6-a1724f4bbf34.png,pneumonia
afe0f263-112f-4a63-9069-7143ab15e71c.png,normal
3f30b3ca-a94b-4305-bd38-1895aaa07427.png,pneumonia
c4528f64-a6a4-4a65-bf14-1f234871cf30.png,pneumonia
d6eb6ef4-09b0-408b-a07c-d66d7af6e700.png,normal
99b9190e-c092-4d21-bc5f-d6c82c513c92.png,pneumonia
e4148f01-792f-4d32-ba64-aca36756b91b.png,normal
2a4489f6-6f7b-46f5-a937-281206307943.png,pneumonia
fae7b1fc-10f3-492d-a79a-49061fe0059d.png,normal
4ed3a113-8f50-4871-8489-1e1a17a243ab.png,normal
071206e7-d4c0-418d-9d06-ef6505ee5316.png,pneumonia
df6636e4-de16-4430-8d5a-269998f0ee08.png,normal
56299c0b-a0fb-4f2f-bdae-54e0144fdec5.png,normal
D7AF463C-2369-492D-908D-BE1911CCD74C.jpeg,COVID-19
3bd6f6e0-c07a-4c22-87e7-53d60de9ad0e.png,pneumonia
11a355bd-9544-4211-bfa8-451777c1d3c2.png,pneumonia
770c0508-e362-44f4-9a80-60b7127e6b2e.png,normal
covid-19-pneumonia-43-day0.jpeg,COVID-19
ab150245-a188-4c66-9b84-e7dbf1f1c6cd.png,pneumonia
cb64af87-dadc-45d5-a461-e79a772ff0a8.png,normal
bae7b652-311f-4a84-a031-653424887f35.png,pneumonia
8a0d16d4-5824-4bd6-a6b9-987e2bf71f3c.png,pneumonia
7f957ae7-0d22-47c2-8c41-ecf5aeccb1f0.png,pneumonia
f87e319e-34e7-4d47-893f-8a004ffcb94f.png,pneumonia
937fef8c-ecea-4123-afd8-cfac01f1fc92.png,normal
c4f7c287-fbe1-4bdb-8e93-040c3d897f98.png,normal
ryct.2020003.fig2-b.png,COVID-19
dc2ab31a-e89a-477f-a0ce-13a37033a551.png,normal
8ead702d-e231-4ef8-b53c-41c81e44235e.png,pneumonia
eae2ac78-a276-48a5-8d15-1d2c89f10ea4.png,normal
649ce8d0-49ba-40ee-9287-a9d5e16178a6.png,normal
a1232a0d-19ec-41a6-9f93-c64bb3c44340.png,normal
ryct.2020200034.fig5-day4.jpeg,COVID-19
radiol.2020200490.fig3.jpeg,COVID-19
7c9248d5-b2bc-4359-9667-108109a2de2e.png,pneumonia
378cab1a-12c4-4b24-a4f0-35f1d8eb8edc.png,normal
8c62b364-84be-4c83-9c3a-43df335a1978.png,normal
db741ba5-5ff0-4c83-af7a-f6be5bd25e20.png,normal
8406541c-e9b1-4729-9631-aaf13745994f.png,normal
1-s2.0-S0140673620303706-fx1_lrg.jpg,COVID-19
SARS-10.1148rg.242035193-g04mr34g07b-Fig7b-day12.jpeg,pneumonia
covid-19-pneumonia-35-1.jpg,COVID-19
a46cc8cc-8314-443f-a7b6-c16eb68a4a3f.png,pneumonia
1847b55c-2fed-494c-8d76-7f76630ba39f.png,normal
af75eb61-1bdf-4562-8ac6-c1ea4f344073.png,pneumonia
08ee8fda-45f1-4f46-a5ac-315a8d4dd196.png,pneumonia
de2ab5e7-5cdc-443e-9905-f4469d98f8b1.png,normal
1800cf3a-5e9c-41b8-9a2f-d5b84259b6d8.png,normal
b950ffe8-3423-46ea-b4dc-14064fa60587.png,pneumonia
b5b4468f-e5e2-48a5-aa42-e08547be1172.png,pneumonia
63b85801-c49d-4912-8912-540f737db383.png,normal
covid-19-rapidly-progressive-acute-respiratory-distress-syndrome-ards-day-2.jpg,COVID-19
84f26613-70e0-4161-8804-65835801f185.png,normal
pneumocystis-jirovecii-pneumonia-3-1.jpg,pneumonia
e6fe983c-945b-4e1d-b43c-c4c43c267d59.png,normal
9a23150e-d062-44f0-83a2-709258cc6410.png,normal
864a6712-56a0-4f7c-a98a-93441e1deaa5.png,normal
b3016500-907e-4fbe-b100-6bedc5128ec6.png,pneumonia
bc15aa77-4017-4833-b947-42324d271764.png,pneumonia
36c6e858-3acf-46df-8b0a-9b452885f85c.png,pneumonia
353889E0-A1E8-4F9E-A0B8-F24F36BCFBFB.jpeg,COVID-19
a139ba14-0e47-46d1-aa09-b9b29b43e4c7.png,normal
0d9b1283-fc24-4fd3-a520-bc5d563e13e1.png,pneumonia
b21e0de5-4fee-4584-9ee1-31af96400c21.png,pneumonia
a20667cb-b7b3-454c-8fa8-2acdd4bd0604.png,pneumonia
af0894a8-0a8b-4327-add9-a3bdcb425b76.png,pneumonia
a663c486-b367-462d-bd33-ba415987c4b1.png,normal
pneumonia-7.jpg,pneumonia
48029094-265a-43e6-9e29-455237085578.png,pneumonia
4e43e48d52c9e2d4c6c1fb9bc1544f_jumbo.jpeg,COVID-19
b1a8c34d-b577-45d2-8f8e-9190e2cefb4a.png,pneumonia
c37cfadd-1e52-4704-9831-403826ad2974.png,pneumonia
aeb99fe0-d9f2-4122-8abf-e7f933f71f80.png,normal
ec55b806-a4c8-4738-990b-aac0fd1bbecf.png,normal
fb63ea5a-86c0-4deb-b832-da7772d2a758.png,normal
356b4fae-852c-40cc-b736-53b64ea38a99.png,pneumonia
7D2CF6CE-F529-4470-8356-D33FFAF98600.jpeg,COVID-19
e8a6ccf4-845e-4663-b561-008bdf13c7fd.png,normal
all14238-fig-0002-m-e.jpg,COVID-19
cavitating-pneumonia-4-day28-PA.png,pneumonia
88a4cd49-f63d-4894-982a-48e7b60bd353.png,normal
covid-19-pneumonia-24-day12.jpg,COVID-19
all14238-fig-0001-m-b.jpg,COVID-19
0fff88da-4b97-4a84-8cac-67f093cbbd93.png,normal
post-intubuation-pneumomediastium-and-pneumothorax-background-covid-19-pneumonia-day6-1.jpg,COVID-19
covid-19-pneumonia-53.jpg,COVID-19
ac4bf897-0752-4095-9404-1e6ff42a1dfb.png,pneumonia
53EC07C9-5CC6-4BE4-9B6F-D7B0D72AAA7E.jpeg,COVID-19
94b55c07-5628-44e2-9ea4-7c0474a330aa.png,normal
f14916d0-2dab-4a08-b306-7ef36fee8fb6.png,pneumonia
0b8e3d9e-0bcd-41a3-b788-0175c43b2624.png,normal
66c6ee2e-717e-4ca1-8069-0d0987d53fa4.png,normal
8FDE8DBA-CFBD-4B4C-B1A4-6F36A93B7E87.jpeg,COVID-19
03BF7561-A9BA-4C3C-B8A0-D3E585F73F3C.jpeg,COVID-19
63590dff-7b12-4aeb-b747-6f7f7ad23f23.png,normal
44b60029-338a-487f-b4a3-7afcaa4f1e41.png,pneumonia
1.CXRCTThoraximagesofCOVID-19fromSingapore.pdf-001-fig2a.png,COVID-19
83ad1194-5a47-46fa-aa3c-39453ebe6896.png,normal
post-intubuation-pneumomediastium-and-pneumothorax-background-covid-19-pneumonia-day1.jpg,COVID-19
gr1_lrg-a.jpg,COVID-19
b82ca47e-0053-4a1a-9692-1d3a58f52bb3.png,normal
covid-19-pneumonia-12.jpg,COVID-19
nejmoa2001191_f1-PA.jpeg,COVID-19
6b44464d-73a7-4cf3-bbb6-ffe7168300e3.annot.original.jpeg,COVID-19
14df3d5a-f3fd-4a64-ae75-5a9610575e11.png,pneumonia
SARS-10.1148rg.242035193-g04mr34g09a-Fig9a-day17.jpeg,pneumonia
15c50f7a-a638-4665-9101-cc2ffdc39a43.png,normal
3566e80a-4e2e-40c3-b077-7669ee9bd5ba.png,normal
18996e90-1465-414c-b623-de6da68336dc.png,normal
1565fd6c-9432-454a-87e4-937fd5ad5b60.png,pneumonia
bf999eaa-6bce-46f8-be87-1dc34ca20e97.png,pneumonia
446B2CB6-B572-40AB-B01F-1910CA07086A.jpeg,COVID-19
55396e70-ab8b-4a10-9f24-a2cda06cb2fe.png,normal
c2a558c4-8f67-4f94-a31e-fbb5d7d6507f.png,normal
94a7ba94-9251-42c8-84b6-c3cac85a78ec.png,pneumonia
a11ec1e7-3483-40a5-8635-306eddc95ee0.png,normal
radiol.2020201160.fig2b.jpeg,COVID-19
80446565-E090-4187-A031-9D3CEAA586C8.jpeg,COVID-19
covid-19-pneumonia-38-pa.jpg,COVID-19
35071f53-b924-440e-bdfe-7e6f3c74989d.png,pneumonia
nejmoa2001191_f4.jpeg,COVID-19
46863727-a70d-48a9-8497-fffabd1193fe.png,normal
4c84cff2-475b-46e9-8fc6-68ce72f9274b.png,normal
7c545810-e2b5-4849-a2ff-893075f28192.png,pneumonia
14bc705c-8688-43f3-b1dd-90b0a4deebd5.png,normal
covid-19-rapidly-progressive-acute-respiratory-distress-syndrome-ards-day-3.jpg,COVID-19
e0323a9a-78e9-4177-b718-891d99c575cc.png,normal
covid-19-pneumonia-24-day7.jpg,COVID-19
4794359b-25af-4ed9-859d-3a0bdf1e4868.png,normal
808d5693-0d8a-4ed3-9407-1f842997e35f.png,pneumonia
figure1-5e75d0940b71e1b702629659-98-right.jpeg,COVID-19
b678dfde-85c1-464f-936f-de965a7f5fe9.png,normal
9388011e-2250-40d3-be0e-39bc418d984b.png,pneumonia
4ea1f70b-a38e-4b7c-871c-876eee03c1c6.png,normal
55bf30ae-819a-4d20-816c-d45615df0688.png,pneumonia
769f98fc-59c7-4f3a-af65-80a75b679923.png,pneumonia
ae06b30f-ae30-40d3-b237-c934ce499774.png,pneumonia
d995aeb6-09ae-4fd0-a8ad-cdb78205300a.png,normal
cbc1bba2-a09e-49eb-a8e5-169ebfca2317.png,normal
post-intubuation-pneumomediastium-and-pneumothorax-background-covid-19-pneumonia-day7.jpg,COVID-19
7bc1d034-2552-4768-9b84-854df85731cb.png,normal
911a46a2-4371-4012-9f0c-c3b2b323c4fd.png,pneumonia
8124402b-7ffa-4d3c-8387-2a20ee3c6424.png,normal
streptococcus-pneumoniae-pneumonia-1.jpg,pneumonia
1-s2.0-S1684118220300682-main.pdf-003-b1.png,COVID-19
3b1e6d35-ec24-41f0-b5cd-ae2c7f814e5e.png,normal
da58e797-dbf6-4152-b32c-f618f35f890b.png,normal
d5e9a92d-fb2f-416b-8731-4f7435d6c9c5.png,pneumonia
051e6e97-fda7-4b5c-8d5f-084bf3607d22.png,pneumonia
76bb2989-c1c3-4dbc-8246-ba0e1f001cc6.png,normal
43605721-d0e0-4d58-b212-b05a295b21be.png,pneumonia
5d6c60a5-3e2c-448f-8162-141eeb27098f.png,normal
98d6226e-1c5b-4716-9519-514a4a3debe4.png,normal
e51f26cf-4717-452e-886b-fcde817a9417.png,normal
76f00430-861f-4370-9e06-dd5b9692b669.png,pneumonia
3b31b14d-5c0e-4a47-983f-98099dd9f991.png,pneumonia
9f5fbcfa-4e19-4fe4-991c-fe385baff790.png,normal
covid-19-pneumonia-28.png,COVID-19
b7e58e65-9a85-47e0-a45c-6b943e01f726.png,pneumonia
F2DE909F-E19C-4900-92F5-8F435B031AC6.jpeg,COVID-19
38a4c349-eb03-4ac7-ac5c-5563c9f0481b.png,normal
1013ded6-9505-4e1b-a923-f263ad013d0e.png,normal
e79fb9e0-c35d-4ea3-9e4b-126923129e28.png,normal
6a6d8bb5-cfbc-4e3f-a812-9765fe83d72f.png,normal
25c7d4f1-d16e-4fba-9155-8f79a396aa81.png,pneumonia
7E335538-2F86-424E-A0AB-6397783A38D0.jpeg,COVID-19
covid-19-pneumonia-43-day2.jpeg,COVID-19
649895e4-23f6-4e75-baad-3210eadbd9fd.png,pneumonia
34ddb00d-6005-4f68-8d8d-0d74769a952e.png,normal
f4c7d67e-1025-46e0-bba5-cee068b8bd6c.png,pneumonia
pneumocystis-jiroveci-pneumonia-2.png,pneumonia
7202cb18-cb1d-45eb-9060-207d4cd52b9e.png,pneumonia
15cdd2b4-0fb2-482c-92ac-a640e94eccba.png,pneumonia
4b99e3a5-a6c0-46b3-b59a-10c4df80d2b5.png,normal
b3cbba88-1fcf-4235-9810-ad1ea8059fb9.png,normal
kjr-21-e24-g002-l-a.jpg,COVID-19
covid-19-pneumonia-8.jpg,COVID-19
1.CXRCTThoraximagesofCOVID-19fromSingapore.pdf-003-fig4a.png,COVID-19
b482e039-2679-4fd9-886a-b0fea2cba242.png,pneumonia
6aec6632-3c25-4a22-bcdb-94f589a77653.png,normal
9c5f1187-8a9c-4fbd-8d87-05abfe89233a.png,normal
1B734A89-A1BF-49A8-A1D3-66FAFA4FAC5D.jpeg,COVID-19
covid-19-pneumonia-evolution-over-a-week-1-day0-PA.jpg,COVID-19
covid-19-rapidly-progressive-acute-respiratory-distress-syndrome-ards-day-1.jpg,COVID-19
c789e7c5-9284-4628-b172-cdc67226426c.png,normal
fc246d66-ec6a-4aec-9477-c0366d1c1b09.png,normal
covid-19-pneumonia-23-day9.jpg,COVID-19
ea2f5da1-f25e-4f5b-9e3e-c2e49e93cbac.png,normal
7d258ae5-52ce-4973-9801-cc6350236c73.png,normal
9fdd3c3032296fd04d2cad5d9070d4_jumbo.jpeg,COVID-19
5f40e828-88a4-4f07-8286-b5446f4d4790.png,pneumonia
53e8706e-4bd3-45d8-89e9-af18bf665e67.png,normal
9a543e59-766e-4da2-82aa-a891682b2793.png,pneumonia
9b19d8e9-16b4-4a69-bcf0-181d4709d3f0.png,pneumonia
pneumocystis-pneumonia-12.png,pneumonia
b1976cfc-3bae-4bae-a968-4892e6f953ca.png,pneumonia
74ccc60d-b6d1-43fa-b64b-a60402e8ed2b.png,normal
4be16314-d0ab-4f19-b044-be9089215842.png,normal
1-s2.0-S0929664620300449-gr2_lrg-b.jpg,COVID-19
SARS-10.1148rg.242035193-g04mr34g09c-Fig9c-day27.jpeg,pneumonia
c34a3ea0-04d7-4df6-afab-0d7c7280b749.png,pneumonia
4ea20c39-523c-47df-a386-e32ca90ebdb0.png,normal
ea872d0d-d42c-4330-9c09-799bc3b0ab09.png,normal
1-s2.0-S1684118220300608-main.pdf-001.jpg,COVID-19
8ccda516-932d-4f8a-9765-6135776494fb.png,normal
covid-19-pneumonia-evolution-over-a-week-1-day3.jpg,COVID-19
covid-19-pneumonia-49-day4.jpg,COVID-19
3dd1b743-1aa3-44af-8bfd-5d02e988a7e1.png,normal
9295630a-9d54-4e90-a9cc-1ca46630b04a.png,normal
ee3cfbb1-1dd2-463a-886f-3033dccbc645.png,pneumonia
ceae50d1-5854-438c-8cb1-0579e376e286.png,pneumonia
cavitating-pneumonia-4-day0-PA.jpg,pneumonia
ryct.2020003.fig2-a.png,COVID-19
right-upper-lobe-pneumonia-9-PA.jpg,pneumonia
ade6a8d3-7d45-4e17-9784-5a04e6f16b76.png,pneumonia
8cff6974-c206-4db4-849c-f6a20dd09383.png,normal
62de4005-36b4-4ab4-9bf5-f72d3c11b0a7.png,normal
c7c9a206-d53d-42e2-ae57-19b9624fe2c5.png,normal
5474674e-577a-4bec-bf7f-e7e580ccfd62.png,normal
SARS-10.1148rg.242035193-g04mr34g07a-Fig7a-day5.jpeg,pneumonia
44334be1-1a2c-4ef3-b1f1-d262ed5f68dc.png,normal
644662c0-c18a-4f1e-bccf-f0b222d99f59.png,pneumonia
d1d9bf55-e999-4e44-be02-aa94b7ab0e77.png,normal
1-s2.0-S0929664620300449-gr2_lrg-c.jpg,COVID-19
9019b731-8b95-4ff3-8542-6e8a9e0b6cde.png,normal
aa51d582-6cf7-4d59-896e-751bfd683a2d.png,normal
pneumocystis-jirovecii-pneumonia-3-3.jpg,pneumonia
nejmc2001573_f1b.jpeg,COVID-19
figure1-5e7c1b8d98c29ab001275405-98.jpeg,COVID-19
67d3851d-3518-4f78-8386-9ef96574e1fc.png,pneumonia
9e7bd306-471d-4c5c-aa53-a9d24e0779bc.png,pneumonia
pneumocystis-jiroveci-pneumonia-4-PA.png,pneumonia
888dc50a-04f6-4b51-a621-9fa9b374fc0b.png,normal
eb62badd-0421-432b-a6da-b5d6d5535be8.png,normal
1.CXRCTThoraximagesofCOVID-19fromSingapore.pdf-000-fig1a.png,COVID-19
pneumococcal-pneumonia-day35.jpg,pneumonia
jkms-35-e79-g001-l-b.jpg,COVID-19
SARS-10.1148rg.242035193-g04mr34g0-Fig8c-day10.jpeg,pneumonia
1d832dea-40e3-44f2-a282-6347a6733941.png,normal
e6141d8f-fb9e-455c-8638-e081cc656aa9.png,pneumonia
b8a633b3-b2fa-4e17-be54-faf0aba4c903.png,pneumonia
5A78BCA9-5B7A-440D-8A4E-AE7710EA6EAD.jpeg,COVID-19
covid-19-pneumonia-14-PA.png,COVID-19
72e5e42d-dddd-4ce2-90f9-ef9edbeaa549.png,pneumonia
1-s2.0-S1684118220300608-main.pdf-002.jpg,COVID-19
c4e7b3e8-9657-4931-9acd-1489b0f4025c.png,normal
covid-19-pneumonia-rapidly-progressive-3-days.jpg,COVID-19
6c5e2db1-24fc-4788-b18c-6becb35705ed.png,normal
4b683e1c-daf2-4d2d-a3b2-48fbfba80601.png,normal
b2dd3d8f-bfcc-4750-b5e7-4a6fcebec3c3.png,pneumonia
77c2e795-4c2a-4daf-b288-f24fac8a3758.png,normal
436bb70b-6399-4b93-b659-d187c3175980.png,normal
39dc2e50-46a1-409e-ad59-98c33d300f2a.png,normal
06efb50a-e30e-4e44-b323-c228c66d80a6.png,pneumonia
3ebe379f-90fc-44a7-9602-71c5abfdd50a.png,pneumonia
7638c224-6103-4774-8254-73f3b394779d.png,pneumonia
ciaa199.pdf-001-b.png,COVID-19
covid-19-pneumonia-49-day8.jpg,COVID-19
b457ca36-8d41-4382-8488-b74f944e8a6e.png,pneumonia
b05766ae-c0d4-4e29-855b-1112c7ae956e.png,pneumonia
5ed67fd4-8c5e-45ef-9d0c-1f8fef1e2fc2.png,pneumonia
a281a261-8435-4861-bea0-0bca497dc5a2.png,pneumonia
1b52079c-b9ef-42d3-9e9a-17aea3bc6031.png,normal
ff337f11-e307-4173-bd1a-5b285dae5073.png,normal
covid-19-pneumonia-24-day6.jpg,COVID-19
ecffe588-b272-4acf-84e9-08e47c9afd3f.png,normal
1d1c3fb7-71d6-4104-8a93-320e4959bbdb.png,pneumonia
fc123256-0855-45fc-9796-ad9733ad51d1.png,normal
lancet-case2a.jpg,COVID-19
70a2c018-870c-4a1a-b3d3-d2647df5d30e.png,pneumonia
bd5c5bfb-67de-4696-b4a9-c50ba34f0fbc.png,pneumonia
1-s2.0-S1684118220300682-main.pdf-002-a2.png,COVID-19
wong-0005.jpg,pneumonia
A7E260CE-8A00-4C5F-A7F5-27336527A981.jpeg,COVID-19
3a5327d8-8830-4ae2-bd6b-293f5aa42d4b.png,normal
85ea73b8-aef6-43a1-819d-0ceb0af633f5.png,pneumonia
pneumocystis-pneumonia-8.jpg,pneumonia
ad69b71d-7005-4f1e-a6d8-27d84106c9af.png,pneumonia
b7865631-3c59-43b1-bdbc-117844b95456.png,pneumonia
wong-0000.jpg,pneumonia
b625110c-330c-47f9-aa5a-31adaad56151.png,pneumonia
ciaa199.pdf-001-a.png,COVID-19
719a4121-a78a-468d-b175-5b0f5fcc992b.png,pneumonia
8b905c1d-6d77-4502-8ccd-e3b23c313610.png,pneumonia
3c4945ed-5abe-46b4-ad72-8377685fa14e.png,pneumonia
5bae90dc-76ca-4096-b3f1-f50ab396bfe9.png,normal
edfb87ef-944e-42df-a5f1-49b415d1741a.png,pneumonia
b407bfac-f351-4129-9e55-53e825f7ab16.png,pneumonia
958f6fd1-f377-4a55-bb38-7a9db2fd79dc.png,pneumonia
0f1ca6cb-02e3-43ed-87ce-9619095fa14b.png,pneumonia
a37dc7a9-8b22-461b-99d2-c77109da8220.png,pneumonia
9c6978ae-d8f5-4f39-8162-d6d5b105f3d9.png,normal
9a542334-87a9-4a37-93c1-5d642d1a11ee.png,normal
f59d592e-2807-4dd0-8e56-810be8c02fac.png,pneumonia
lancet-case2b.jpg,COVID-19
74703b0c-9336-47b4-b771-88db5bcc3f51.png,normal
57045887-8274-4b24-805d-ebed01bba871.png,normal
covid-19-pneumonia-23-day1.jpg,COVID-19
1079ba63-0681-45b7-b1da-fe11ede2b9ae.png,normal
36f0c0e8-9216-42a4-9a52-4322c74fc35d.png,normal
8eff11d0-2aa4-4033-8e25-3956bc0568b1.png,normal
036a1ed9-6ce8-4a5c-80aa-4790abe94dfc.png,normal
bf02deef-f65f-41ac-a126-48a4740e161e.png,pneumonia
07391275-3a53-4eb2-bb8e-160e9dc0a3c2.png,normal
c857ee5f-f53c-4060-b93a-8c3437da80cd.png,pneumonia
pneumocystis-pneumonia-1.jpg,pneumonia
auntminnie-a-2020_01_28_23_51_6665_2020_01_28_Vietnam_coronavirus.jpeg,COVID-19
df51b059-30aa-408a-8790-2ee621b83694.png,normal
c02e993c-7642-4d8a-aace-988c416ec09a.png,pneumonia
