filename,class
covid-19-pneumonia-evolution-over-a-week-1-day6.jpg,COVID-19
9c347a73-2709-4881-9869-efa90e424323.png,normal
2081a158-b795-4a7b-bd76-be3e89a8c164.png,normal
covid-19-pneumonia-20.jpg,COVID-19
pneumocystis-pneumonia-2-PA.png,pneumonia
9115e87c-7fc1-4d6b-9cdf-436ea13c8c33.png,pneumonia
8a16c996-0d96-42fb-a51b-c60807a37169.png,normal
figure1-5e7c1b8d98c29ab001275405-98-later.jpeg,COVID-19
RX-torace-a-letto-del-paziente-in-unica-proiezione-AP-1-1.jpeg,COVID-19
covid-19-caso-70-1-PA.jpg,COVID-19
477986bf-e6c0-4cb6-8287-8ab2a0ee98e8.png,normal
92e0dd85-743f-4b58-b079-9b4909f71d43.png,normal
2aae181e-a4b7-47f4-ac47-e99001b9008b.png,pneumonia
776835b8-9137-4b15-abd4-3aebda8793d5.png,pneumonia
76c77e8d-bfc4-47b9-bffd-0d136fa06302.png,pneumonia
4b6f8c4f-f093-4b85-a22f-4e5da0be7eeb.png,pneumonia
ciaa199.pdf-001-c.png,COVID-19
1bd18b4d-879c-470a-b36a-9d883fb57268.png,normal
db7bce8f-978c-47b1-8b74-7640f7c3625e.png,pneumonia
f9a26f29-b3dc-489a-8465-1335e88122a2.png,normal
adf5f84f-432e-4b58-bbc2-6121f9119dd9.png,pneumonia
8f367106-9b21-4df4-a4b8-968a2f9a6d7a.png,normal
eae9deb3-2bf7-4e52-aa43-e36b60cc676a.png,normal
covid-19-pneumonia-49-day4.jpg,COVID-19
75b96fc2-b814-4013-bfca-1fb235f46c98.png,normal
6a778bf7-2bbd-4804-9d81-38eca7019ffe.png,pneumonia
f4db9279-0ccf-47ad-b630-fd954b34c59c.png,normal
1-s2.0-S0140673620303706-fx1_lrg.jpg,COVID-19
de2e0dd1-ddeb-4516-95cd-a0e854613b31.png,normal
3703a60d-cd4c-4183-865d-82825a95af81.png,pneumonia
d01c47aa-347c-4919-a82e-b90b7d3b164f.png,normal
1-s2.0-S1684118220300608-main.pdf-001.jpg,COVID-19
ef3ed802-8380-49e9-92d8-7750e6a7fe82.png,normal
21934e87-a655-4371-bf85-a8a68370de79.png,normal
post-intubuation-pneumomediastium-and-pneumothorax-background-covid-19-pneumonia-day6-1.jpg,COVID-19
3e5b62ec-4b34-4f62-bb84-7b67421cb37c.png,normal
3810c7be-ecfe-47f6-bdf9-39fcb52e9c6f.png,pneumonia
d9245b95-1261-4dd6-88a8-2c9a69578b0e.png,pneumonia
9fdd3c3032296fd04d2cad5d9070d4_jumbo.jpeg,COVID-19
a5e29606-27c8-4f4c-8ad5-37a84ffbacdb.png,normal
466d72f0-5338-48c0-8302-3e9fec405856.png,normal
fc958b63-5da8-448d-8962-3c5167dc9410.png,normal
394e0236-0dbc-47a4-8da7-0e4e5311f690.png,pneumonia
c72995ab-ffd9-47e1-a042-d6a7d9eba460.png,normal
ryct.2020200034.fig5-day0.jpeg,COVID-19
46c0c47b-2ca4-4347-a613-9660075eb0c9.png,normal
parapneumonic-effusion-1-PA.png,pneumonia
SARS-10.1148rg.242035193-g04mr34g0-Fig8c-day10.jpeg,pneumonia
141c3013-0cf7-48a4-b15c-c2c5afac3072.png,normal
nCoV-radiol.2020200269.fig1-day7.jpeg,COVID-19
figure1-5e73d7ae897e27ff066a30cb-98.jpeg,COVID-19
05ead813-3c04-4e42-a5e1-4ca43294ece9.png,pneumonia
jkms-35-e79-g001-l-b.jpg,COVID-19
71864474-2cba-48f0-8332-003f70bbb9ec.png,normal
b4747fef-5911-464e-9854-a54718d81867.png,pneumonia
8b95e8f1-a796-4dca-8f09-137869c91eb7.png,normal
bbd7abfe-8b9c-46aa-ab4b-8ff854615770.png,pneumonia
covid-19-pneumonia-23-day3.jpg,COVID-19
7a58ecf6-9b13-4a3b-b27a-53365378156f.png,normal
3be5c139-0aa5-4c72-b930-eb513765218e.png,normal
pneumocystis-pneumonia-12.png,pneumonia
pneumocystis-pneumonia-8.jpg,pneumonia
nejmoa2001191_f4.jpeg,COVID-19
3a37447e-4d0a-4165-a5a2-74a015de8098.png,pneumonia
1467b120-791b-4d54-a7ac-26c3f2201891.png,normal
f9a883de-5326-44c8-8fe2-487f199887d4.png,normal
cb863b06-58a4-492d-87c7-0debe67f6dc6.png,normal
aaf27f12-2f10-4f29-bff2-ab9407234c83.png,pneumonia
9528063f-230e-4a25-b3b1-412caca2f750.png,pneumonia
e8d5ed15-7cb5-4872-9c44-8a92a965264b.png,normal
covid-19-infection-exclusive-gastrointestinal-symptoms-l.png,COVID-19
d50e7c06-768f-4943-8e00-392d664fe580.png,pneumonia
58cb9263f16e94305c730685358e4e_jumbo.jpeg,COVID-19
covid-19-pneumonia-evolution-over-a-week-1-day4.jpg,COVID-19
87c9db93-c4b1-4488-9f8d-d94ea473973c.png,normal
b3cb6b71-3e7b-4287-a4e1-49a443d31215.png,pneumonia
be590287-c599-4d86-8308-ac6cdb760eae.png,normal
6d434242-2856-476f-8b14-f8ddb2cfd858.png,normal
SARS-10.1148rg.242035193-g04mr34g0-Fig8a-day0.jpeg,pneumonia
bcccd58e-6cf0-4bd8-82c1-e51e18cd041b.png,pneumonia
gr1_lrg-b.jpg,COVID-19
81bd4aa6-fc26-42e1-a9f4-fb0cf1bfbc18.png,normal
2e13b706-c1be-4f91-9108-dcd693f0c076.png,normal
kjr-21-e24-g001-l-a.jpg,COVID-19
kjr-21-e24-g002-l-a.jpg,COVID-19
5fa389a4-8c9f-4971-8a87-c2fa2f668d12.png,normal
3b230c42-36a4-4f32-a891-2800c14e63a9.png,pneumonia
446B2CB6-B572-40AB-B01F-1910CA07086A.jpeg,COVID-19
covid-19-pneumonia-24-day7.jpg,COVID-19
b3550a9f-f3b2-43aa-a4a4-47a37dbafd8f.png,normal
1-s2.0-S1684118220300682-main.pdf-003-b2.png,COVID-19
88d29b61-2730-4f6f-98bb-4ce5e5de3b24.png,normal
072e0dbf-11d7-4c57-8161-10c8e7b2f0bf.png,normal
ac58847c-9f1a-4248-85a1-58ac5d10781a.png,normal
70764772-7dbc-4ab1-a5ed-08108fa547d8.png,pneumonia
fe79ab03-4727-45c9-9c42-813f2b34f111.png,pneumonia
ryct.2020200034.fig2.jpeg,COVID-19
fbcef55b-b6d2-427b-912c-0e98bb9fc128.png,normal
1-s2.0-S0929664620300449-gr2_lrg-a.jpg,COVID-19
ea3b4c3b-22e5-420e-99af-daad9b460133.png,normal
d578cc91-9c7e-4f5e-b18a-f855a7d6b4b2.png,normal
dcdbbcdb-fb5f-4984-84e4-43e0798fb4a2.png,normal
9ba0ddf6-3ea8-4ee5-b133-d295ed914ab7.png,normal
covid-19-pneumonia-23-day9.jpg,COVID-19
covid-19-pneumonia-53.jpg,COVID-19
bbc0f839-6707-42f6-9e56-c3f555d6b9c0.png,pneumonia
3632aa2e-04b5-499d-8a27-1af18699e5fa.png,pneumonia
a436cabe-ca9c-46f7-b15d-458c32af1b39.png,normal
cbdcba9a-c938-4607-990b-1c1e7c705009.png,normal
bc749ca9-15cb-4cad-9e99-06685f803507.png,normal
353889E0-A1E8-4F9E-A0B8-F24F36BCFBFB.jpeg,COVID-19
8f00dec7-85d2-48b7-995a-0a139798320c.png,normal
post-intubuation-pneumomediastium-and-pneumothorax-background-covid-19-pneumonia-day7.jpg,COVID-19
e9169397-56f6-4c4e-8014-b67cba6f799f.png,normal
2fa8e28a-dce6-4c68-8bb6-b2537476577d.png,pneumonia
5e36040b-0804-4c66-a879-32afdacf18ce.png,pneumonia
349b7754-b129-4fba-a058-6568ffc131e1.png,normal
d5085a38-b7ee-45b6-a0a2-a08d706927ed.png,normal
91a4c9e5-1800-42ca-87d1-6762cd65bf51.png,normal
covid-19-infection-exclusive-gastrointestinal-symptoms-pa.png,COVID-19
ryct.2020200034.fig5-day4.jpeg,COVID-19
b03867f9-6a0e-4115-ac46-ed96db6b6644.png,pneumonia
c32611c5-e546-4021-b244-4a6d0503787c.png,pneumonia
1B734A89-A1BF-49A8-A1D3-66FAFA4FAC5D.jpeg,COVID-19
6981c52a-f3b4-4927-a733-82597d09d2d5.png,normal
ae2f5836-43b7-4cf6-a83d-f3783e92ce46.png,normal
38262da1-7640-43a1-88ba-1c14960c159e.png,pneumonia
9456860f-f6d8-4905-8ed7-a0e9debe8d99.png,normal
f149b26e-035e-4f7b-b55b-016334772d2b.png,pneumonia
b54df7bb-39f6-454d-bb1f-4eceb2d08d3c.png,pneumonia
figure1-5e71be566aa8714a04de3386-98-left.jpeg,COVID-19
lancet-case2a.jpg,COVID-19
d584a479-4020-46f5-bc34-62f6d8de8962.png,normal
22a849f4-c10a-4217-ad87-cdb80c34a5e5.png,normal
bc98df56-4ee4-48a7-b8ad-d54f814cc806.png,pneumonia
pneumocystis-jiroveci-pneumonia-2.png,pneumonia
cb7e9c83-8ee2-4a32-b953-cc9e5d6c5b43.png,normal
95cadf88-afc4-445b-8198-e8af982a9294.png,normal
80446565-E090-4187-A031-9D3CEAA586C8.jpeg,COVID-19
af575d0d-7e63-4f8d-9919-3a8da381d886.png,normal
3f55962b-e0d8-4b8e-b44a-23009ccaab33.png,normal
4e43e48d52c9e2d4c6c1fb9bc1544f_jumbo.jpeg,COVID-19
ciaa199.pdf-001-b.png,COVID-19
bc83e722-804e-498f-9efb-7bc329a1327f.png,normal
cd79b093-d3a2-49bd-8868-b463ff05f3e8.png,pneumonia
d99e786f-9de0-44b4-bb3a-00fba6c72994.png,pneumonia
f0f1a4b9-07e0-4686-8e62-fad442735516.png,normal
2B8649B2-00C4-4233-85D5-1CE240CF233B.jpeg,COVID-19
2ea47f2a-f72d-4de6-8620-d54d44bd5ea9.png,normal
a1538feb-5647-463b-9876-ca6e5ff00f48.png,pneumonia
kjr-21-e25-g001-l-a.jpg,COVID-19
nejmoa2001191_f3-PA.jpeg,COVID-19
8eb51db4-ac8d-4a83-b071-53fce028dd27.png,pneumonia
auntminnie-c-2020_01_28_23_51_6665_2020_01_28_Vietnam_coronavirus.jpeg,COVID-19
f630809e-2498-44af-beaa-dda23a36cf20.png,pneumonia
6e439b29-4d6a-4642-87d5-bd3667789ec7.png,normal
bc92c935-81cf-4e5b-8edc-381c0327072b.png,pneumonia
34b275e2-88a3-44a1-a8ad-16d8d79b1999.png,pneumonia
b171964f-e911-42a4-a1ec-e57128258011.png,pneumonia
8008f996-bee6-4ed5-b861-6f7de7b59f2c.png,normal
a353f72a-4fed-4813-bd87-e4f53f1b922d.png,normal
5A78BCA9-5B7A-440D-8A4E-AE7710EA6EAD.jpeg,COVID-19
9fe9b1cf-23a5-4da1-8d51-4b9fe5250418.png,normal
40b8bf1a-038a-4fb0-a92a-0f2405cfa6df.png,normal
figure1-5e7c1b8d98c29ab001275405-98.jpeg,COVID-19
SARS-10.1148rg.242035193-g04mr34g07a-Fig7a-day5.jpeg,pneumonia
9eb1671b-a64f-4133-a7e8-a1f08657fd06.png,normal
8db71746-e837-43c2-bdf1-c44d1ab207e3.png,normal
637c030f-e379-4db6-bde2-c2f2ad0028fa.png,normal
9b6f8882-b59f-4a4d-8f48-b3f355fd70b9.png,pneumonia
9042bce5-f59b-4b28-b9af-49dd5a717f5a.png,pneumonia
4da42c54-65cd-4c74-9a75-92a59562f2ca.png,normal
7c1d3e58-174d-450f-9f19-caad0cdce430.png,pneumonia
0f16a83c-dd33-4994-876d-4746f07ab223.png,normal
cavitating-pneumonia-4-day0-PA.jpg,pneumonia
covid-19-pneumonia-12.jpg,COVID-19
db0018a5-7d08-4723-ac31-884bbb52910b.png,pneumonia
streptococcus-pneumoniae-pneumonia-1.jpg,pneumonia
56f44a88-2d8e-4910-9c41-46684fd1fdd4.png,pneumonia
f174000f-f9e2-4f80-941b-a11c1ca45c4d.png,normal
8dda3f06-b2fe-40ca-ae22-6457c956c3bf.png,pneumonia
ad628c0d-d358-4be4-bf44-6e495c0a87b8.png,normal
fa2e48d0-4326-48e9-bb10-9ee2d6600f9e.png,pneumonia
7E335538-2F86-424E-A0AB-6397783A38D0.jpeg,COVID-19
6982a34e-4c06-48f9-90e0-2f86551bd9cd.png,pneumonia
62b8400b-e127-4874-984f-e34e08152af0.png,pneumonia
9e763f85-b627-45b6-ad70-2982aae80d5d.png,pneumonia
c5be166d-9c0c-435f-9af0-6997b5009ba2.png,normal
81db3f62-a064-4fe7-a2a0-ead02735e483.png,normal
805a1fbb-fea5-4d9f-8d1d-3bc372e1b24c.png,pneumonia
2d09d0bb-a4fb-4a50-99c4-496ad756533e.png,pneumonia
8832feb7-c221-4d3e-9086-fd6d787cceb5.png,normal
b87e3b2e-d7a1-4b29-86eb-0c08b1d3022a.png,normal
4e00fa41-f9dc-4826-ae11-3c2c0d056ff1.png,pneumonia
covid-19-pneumonia-evolution-over-a-week-1-day3.jpg,COVID-19
radiol.2020200490.fig3.jpeg,COVID-19
4623b8aa-c30b-47e8-baae-cd5f1565fcb2.png,normal
37fd6daf-9d93-44a8-8818-20a423de28c2.png,normal
4217397c-f5d1-4890-8d71-5c6eebf8340e.png,pneumonia
1.CXRCTThoraximagesofCOVID-19fromSingapore.pdf-000-fig1a.png,COVID-19
55bf665e-e53b-4320-baa7-4fdaa54447db.png,pneumonia
pneumocystis-pneumonia-1.jpg,pneumonia
covid-19-pneumonia-41-day-0.jpg,COVID-19
9a1a620f-7089-42f3-aff9-4220286b60eb.png,pneumonia
2a0cf5f5-e589-444e-8be8-1cae28382e34.png,normal
81b7dd4a-7677-4672-9ad4-c7c6b29f9178.png,normal
e4ab5eae-5d47-4ed6-91f5-708b5617a600.png,normal
4ef0fdf8-39f1-43a4-8759-8b297497a553.png,normal
covid-19-caso-70-2-APS.jpg,COVID-19
31BA3780-2323-493F-8AED-62081B9C383B.jpeg,COVID-19
45a87caa-d874-4925-8b39-dd56a56ced20.png,normal
pneumocystis-jiroveci-pneumonia-4-L.png,pneumonia
covid-19-pneumonia-14-PA.png,COVID-19
e93f2956-8f17-4822-a5d3-3efa7bfd0074.png,normal
6c917d96-f4b2-4c0c-b4dc-fcb399cfcb87.png,pneumonia
pneumocystis-jirovecii-pneumonia-2.jpg,pneumonia
335d1349-f547-4c69-a2fe-ab0da3230f44.png,normal
aa19d527-3efa-4e82-bc1c-74c450386423.png,pneumonia
8142655b-0c33-40c2-a873-e504651431bc.png,pneumonia
9383d552-f959-47d0-8f08-27038b1e6605.png,normal
6ca9f96b-f164-4022-8c4d-28eed6214c4f.png,pneumonia
F2DE909F-E19C-4900-92F5-8F435B031AC6.jpeg,COVID-19
1-s2.0-S0929664620300449-gr2_lrg-b.jpg,COVID-19
SARS-10.1148rg.242035193-g04mr34g0-Fig8b-day5.jpeg,pneumonia
cc1cefc7-0cb1-4ff1-af66-2bd8e8dd5d57.png,pneumonia
5e30b364-4611-422f-8020-590b184102fa.png,normal
391589be-c014-4862-ae43-84f42b030f30.png,pneumonia
c907dcd1-6011-430b-9515-009900b4a98f.png,pneumonia
b76728e6-f44b-40bf-8688-e703d10d2039.png,normal
e9ae2d74-c795-4903-b423-ee28fd42598f.png,normal
nejmoa2001191_f5-PA.jpeg,COVID-19
63c27990-e4e2-4c0b-a53e-040929938de9.png,pneumonia
44630e28-cf4e-4c6c-abee-51283a227382.png,normal
c7885ae1-f82b-4ff7-a912-446e97e23209.png,normal
SARS-10.1148rg.242035193-g04mr34g04b-Fig4b-day12.jpeg,pneumonia
ryct.2020003.fig2-b.png,COVID-19
f8119c58-ee61-473b-935f-d7b80004430a.png,normal
1.CXRCTThoraximagesofCOVID-19fromSingapore.pdf-001-fig2b.png,COVID-19
1a062886-29be-4120-92f3-5c1c8a951959.png,pneumonia
covid-19-pneumonia-43-day2.jpeg,COVID-19
6d58e2bb-d792-48e1-b034-d9a304c94c99.png,normal
a8cb813b-9d3a-46ff-8003-053271cdcc9a.png,pneumonia
pneumococcal-pneumonia-day35.jpg,pneumonia
wong-0005.jpg,pneumonia
kjr-21-e24-g003-l-a.jpg,COVID-19
a7a30231-a1b4-4305-ad66-6a707a27a1a4.png,pneumonia
5cde22a6-dc4b-4306-8af7-a81baa15734b.png,pneumonia
aa2da4e8-67d5-4ad1-bd7f-7b013ecda555.png,normal
1.CXRCTThoraximagesofCOVID-19fromSingapore.pdf-000-fig1b.png,COVID-19
0862f2ff-7e56-4cd1-8c26-c3f25a86d257.png,pneumonia
9c6396cb-7215-4beb-8329-950c5f3d5909.png,normal
nejmc2001573_f1b.jpeg,COVID-19
65c77a9f-d874-47b4-83c8-3468e5100908.png,pneumonia
covid-19-pneumonia-44-day-0.jpeg,COVID-19
a3e3264b-15b7-4cc5-983c-430a0b6c3b8e.png,normal
73286fe9-2e42-4a75-b071-a4c2173672a4.png,pneumonia
4766883c-4a81-4419-855e-5ed5c4142da0.png,normal
d8bc314b-c04f-49c6-8011-d857faab050d.png,normal
radiol.2020201160.fig2b.jpeg,COVID-19
49c63467-daca-4a6f-878e-169e4914694c.png,normal
a6b07082-0fb9-48a6-8c53-2c40ea901b62.png,pneumonia
5e6e07b3-53be-4896-bb9e-0c35f0fc3409.png,normal
radiol.2020200274.fig3d.png,COVID-19
6b44464d-73a7-4cf3-bbb6-ffe7168300e3.annot.original.jpeg,COVID-19
pneumocystis-jiroveci-pneumonia-4-PA.png,pneumonia
5fc8af1b-7ebf-4d50-bf28-005bcdf83560.png,normal
b59e042d-0ec6-455a-82c8-658ccb24e614.png,pneumonia
386334b4-06db-4a66-a7f1-9d0a6d9f2cdb.png,pneumonia
1.CXRCTThoraximagesofCOVID-19fromSingapore.pdf-002-fig3b.png,COVID-19
all14238-fig-0001-m-c.jpg,COVID-19
0b025ff6-4fa0-4302-b02c-fe2069dfa7ce.png,normal
d84d271a-8ea1-4065-90e5-9f9c94794310.png,pneumonia
70fa8756-5de7-4c3e-86ff-3664c9016364.png,normal
28fa453d-027a-4569-9e22-7814e7b74f43.png,pneumonia
60533df3-637f-4da8-955b-be149df0a192.png,normal
pneumocystis-jirovecii-pneumonia-3-2.jpg,pneumonia
f30e0c38-d83e-4ce4-bfcd-c72211d1fd56.png,normal
B2D20576-00B7-4519-A415-72DE29C90C34.jpeg,COVID-19
1b7f9ebf-bd1c-4195-9186-d6adb65945ee.png,pneumonia
f760c946-a103-4991-a6e5-ff60c24cd99f.png,pneumonia
ac7bdc8e-b181-41c1-8186-f12472ad3899.png,pneumonia
covid-19-rapidly-progressive-acute-respiratory-distress-syndrome-ards-admission.jpg,COVID-19
7215f3e0-f549-43f2-8fb7-9202b133d142.png,normal
b97b78b8-bcb0-4694-aa55-d3ca9c4396df.png,pneumonia
4f34c638-80de-4e77-92c7-87ccd0453b32.png,pneumonia
covid-19-pneumonia-19.jpg,COVID-19
2dd692a5-a60c-443e-8299-af5d03949b60.png,pneumonia
ea945578-341f-40ae-ab2e-43fad170e59f.png,normal
86e9848d-dd57-48b4-b016-5b1447fdbd58.png,pneumonia
0572881e-d1dd-4757-a54e-b240b30da946.png,pneumonia
radiol.2020201160.fig6b.jpeg,COVID-19
335a9cea-7399-40d9-8743-7dc70f44110b.png,normal
ef880a0d-386f-483b-b9c0-415b547959aa.png,normal
39EE8E69-5801-48DE-B6E3-BE7D1BCF3092.jpeg,COVID-19
87a2d8e1-4a73-442b-b9da-4a640b6f631d.png,normal
c1dfd251-ba52-4ecb-94fa-f98ce08a07d5.png,normal
lancet-case2b.jpg,COVID-19
1e79584e-007e-43a7-bef3-94c4889dbfdf.png,normal
da12c340-e233-404f-af44-ec897b6052a1.png,normal
ryct.2020003.fig2-a.png,COVID-19
a8d6dbf0-da08-4f0b-a783-fc278f70cd98.png,normal
831dbfc0-b9b0-4201-9609-ace98fa96deb.png,pneumonia
7C69C012-7479-493F-8722-ABC29C60A2DD.jpeg,COVID-19
38c31493-fc1c-49e2-8e16-88abd447dcfe.png,pneumonia
b2592a14-6876-4e33-a1c3-ab09cd7c774f.png,pneumonia
ee820aa5-4804-4984-97b3-f0a71d69702f.png,pneumonia
02002619-3dea-4038-8d4d-458db30ed8de.png,pneumonia
379b5fc2-ad30-4dd5-be88-a633ff87649c.png,pneumonia
covid-19-pneumonia-evolution-over-a-week-1-day0-PA.jpg,COVID-19
b827ba3b-f514-48c8-a317-b84adc9e0b31.png,normal
1682a002-e834-4696-8101-70afe4edeebf.png,pneumonia
1.CXRCTThoraximagesofCOVID-19fromSingapore.pdf-001-fig2a.png,COVID-19
FE9F9A5D-2830-46F9-851B-1FF4534959BE.jpeg,COVID-19
nejmc2001573_f1a.jpeg,COVID-19
79d2fd30-abad-4848-b9d6-bb30d9269341.png,normal
606aba72-d0db-42d5-97e8-c40d88673dcf.png,normal
56f5bc59-c8a4-4cca-85b9-7b704532b3bd.png,pneumonia
97ee7cce-a31f-40c9-bf5b-0a72902349ed.png,normal
73dec8bd-601a-4cbe-9ae8-336c5cbd77e2.png,pneumonia
9bb53dc0-28ed-47ed-bff3-9e6cc3c03d62.png,pneumonia
ce85247b-3efd-44c4-9b81-b290baae4fef.png,normal
f3088d94-d727-4381-ab83-1b2bc54c2505.png,pneumonia
660de8ab-b176-45d3-8a0b-faeab54c07f7.png,pneumonia
all14238-fig-0002-m-e.jpg,COVID-19
3501387b-29ea-4eee-9bbb-d6f62d812661.png,normal
d8a9e6dc-7314-4ab7-b978-1b2879333bd0.png,normal
92e64cff-df51-4747-9203-fb083bdc520a.png,pneumonia
faa89d54-2079-4711-9d65-1c9aa3f58f3f.png,pneumonia
417b4ee2-27b9-45ac-9a3d-0fa726b3ad92.png,normal
covid-19-pneumonia-43-day0.jpeg,COVID-19
442882b2-28f4-4994-9ae2-5072b566687b.png,pneumonia
radiol.2020201160.fig3d.jpeg,COVID-19
all14238-fig-0001-m-b.jpg,COVID-19
d291f3dd-0e47-4042-9097-24c04b5b9e7e.png,normal
auntminnie-b-2020_01_28_23_51_6665_2020_01_28_Vietnam_coronavirus.jpeg,COVID-19
3e7fc50e-d9ae-4b91-909d-1ea4cc9ddcb1.png,pneumonia
covid-19-pneumonia-22-day1-pa.png,COVID-19
ryct.2020003.fig2-c.png,COVID-19
SARS-10.1148rg.242035193-g04mr34g09a-Fig9a-day17.jpeg,pneumonia
ab0a42ea-b988-4eb4-a6b1-2cdcabbc3287.png,normal
cb85b732-7abe-42b6-843e-c6884a619361.png,pneumonia
9bcff9c8-1eac-4ce1-a580-22362b3c9596.png,normal
d052067b-72be-4393-9f8b-5be595b9c55a.png,normal
7a58d08a-565b-4abb-a328-cb8b83391415.png,pneumonia
7D2CF6CE-F529-4470-8356-D33FFAF98600.jpeg,COVID-19
6C94A287-C059-46A0-8600-AFB95F4727B7.jpeg,COVID-19
d5011cb2-a146-4ca6-a055-2ec956315350.png,normal
34e283d8-3c14-4d47-8882-fb53ec242f87.png,pneumonia
a4ee6346-dfcc-46f8-9d8e-69665a8083c5.png,pneumonia
71231f52-c755-4f52-956f-eab77b9434f5.png,pneumonia
766d8a8b-a2bc-4ca5-b28a-623f62886e9c.png,pneumonia
pneumococcal-pneumonia-day7.jpg,pneumonia
79310bce-abe6-4e7d-a285-2601cfeeca5e.png,pneumonia
3bd5e45e-886d-4d51-8bc5-f7714984e7c1.png,normal
covid-19-pneumonia-30-PA.jpg,COVID-19
covid-19-pneumonia-24-day12.jpg,COVID-19
8852c2ae-113a-4e71-9c7a-b8f67f60b012.png,normal
d5d9c073-56ac-4102-abda-ef3b1f00331b.png,pneumonia
ab93d6fb-751b-4eb9-a022-9affc62846ed.png,pneumonia
covid-19-pneumonia-rapidly-progressive-12-hours.jpg,COVID-19
b769cfe3-12b8-4e18-ad65-63fe6c5fcba4.png,normal
29576186-ed47-4331-8ea0-08d899822c1f.png,pneumonia
09e8fae9-1714-4b54-a1d3-42a29a9717c3.png,normal
b6138fc8-c652-4b7f-978d-895d10b0a0ea.png,pneumonia
2bb1db95-73ad-46b0-8567-8a03d9a83def.png,pneumonia
covid-19-rapidly-progressive-acute-respiratory-distress-syndrome-ards-day-2.jpg,COVID-19
1-s2.0-S1684118220300608-main.pdf-002.jpg,COVID-19
pneumocystis-jirovecii-pneumonia-3-1.jpg,pneumonia
32cdb1e1-83a5-458c-9643-2eb0c9da54da.png,normal
fbd611c7-629b-4f62-a9b2-cc5620627c4d.png,normal
659ecb83-6644-41c9-847f-20edb3d63a07.png,normal
e4774725-d0ad-4529-94f8-9a47059e231a.png,normal
7b38a034-0bcf-4d61-9437-cc59ba038c07.png,normal
covid-19-rapidly-progressive-acute-respiratory-distress-syndrome-ards-day-3.jpg,COVID-19
1.CXRCTThoraximagesofCOVID-19fromSingapore.pdf-003-fig4b.png,COVID-19
3a62a3c3-ad7c-4164-a473-939b599fb5be.png,pneumonia
ac69e22d-1383-4d35-841b-c2da8b402469.png,pneumonia
a20c1c8f-e16e-440b-89d0-2393ea43b340.png,pneumonia
jkms-35-e79-g001-l-c.jpg,COVID-19
b1d545f0-8658-4533-959f-dc32955904ca.png,normal
figure1-5e75d0940b71e1b702629659-98-right.jpeg,COVID-19
fe560784-0eb3-453c-b61b-58350fce5297.png,normal
covid-19-pneumonia-2.jpg,COVID-19
2966893D-5DDF-4B68-9E2B-4979D5956C8E.jpeg,COVID-19
8ccfe877-bac4-41f7-b7d2-391852bd3c76.png,normal
eec6148f-5a8e-48e0-967f-3f59f14c562f.png,pneumonia
33889753-8a7d-4d7b-a8bd-2b1088cf3a0f.png,normal
1.CXRCTThoraximagesofCOVID-19fromSingapore.pdf-002-fig3a.png,COVID-19
371634ac-fc6c-42d3-9860-e284539921d2.png,normal
5e528963-b34e-4605-be13-8faaa2b0c65b.png,pneumonia
94c76c85-6c36-4c63-bb12-704c4cdd422f.png,pneumonia
e17cc8d3-0dc3-4ff4-a17f-d8f2cee09729.png,normal
53c275e1-e692-4445-bb4f-b740d117712f.png,normal
2616cf22-5180-4ac5-ab85-6285543093aa.png,normal
c21157da-1f74-4966-ba4e-c144d8f5da2d.png,pneumonia
d20baf0b-b7f9-4802-a701-f7d0c9536751.png,normal
ac2257b8-e600-42bd-ab9c-951fa49b3ec6.png,pneumonia
pneumococcal-pneumonia-day0.jpg,pneumonia
1-s2.0-S1684118220300682-main.pdf-002-a1.png,COVID-19
covid-19-pneumonia-35-2.jpg,COVID-19
b6cb8151-4575-461c-a342-335d9c413359.png,pneumonia
cavitating-pneumonia-4-day28-PA.png,pneumonia
ciaa199.pdf-001-a.png,COVID-19
5b6f828f-98b3-4a29-b93c-763594d135fd.png,pneumonia
ee8a4128-a907-475b-a363-9cd60d65e46e.png,pneumonia
142c7419-9cd2-4436-8860-cd2c4355abff.png,pneumonia
f4b33c44-a7c1-4a14-a094-34bf19b38fd5.png,pneumonia
gr1_lrg-a.jpg,COVID-19
d17ad5c8-2c59-4b36-9722-3d4e9bf12f87.png,normal
0598a87e-6a8a-4439-a6ec-cd3395636b30.png,normal
d85118d0-c7de-4397-a6da-b60ff8a249f0.png,pneumonia
pneumonia-7.jpg,pneumonia
b2bc0c58-4336-476a-a4a5-56309fb5846c.png,normal
265fdc5a-6b13-4ec0-a13c-81ac83bc3865.png,normal
post-intubuation-pneumomediastium-and-pneumothorax-background-covid-19-pneumonia-day1.jpg,COVID-19
3b29eb24-e46f-4529-a0e0-c4c342727152.png,normal
e87d8111-5071-446b-82f6-00a55f338954.png,pneumonia
55521950-18eb-4dd0-abc3-52e52466fcdb.png,pneumonia
covid-19-pneumonia-15-PA.jpg,COVID-19
734e9b9e-18c4-4d9c-bece-dafaad5742dc.png,pneumonia
ba99dd86-de1a-4bd6-a16e-b6a98e558507.png,normal
e77e8d88-11e5-4d15-8dfb-abcd5c09c9f0.png,pneumonia
d21e646f-36b8-436f-a75e-486b2329c49a.png,normal
83a9ae1b-36be-4a4c-a0cf-00e76a4f0463.png,pneumonia
a7c39046-12db-4454-a2d8-c9c624992b5d.png,normal
f62c9cfa-ee5d-44fc-8ad3-f3041e4ef521.png,normal
1-s2.0-S0929664620300449-gr2_lrg-c.jpg,COVID-19
49cf3836-8327-4c66-832e-96fe680fcd75.png,normal
covid-19-pneumonia-8.jpg,COVID-19
3b4decc7-fed9-46fd-9d30-179b7cde4a2c.png,pneumonia
baec024d-a216-40bf-a988-bd229ae5cec6.png,pneumonia
b7d63692-4cef-440d-a07d-49ceca4724ae.png,pneumonia
5bfdc9ee-e21d-46e5-bbfc-20cea10c3175.png,pneumonia
9C34AF49-E589-44D5-92D3-168B3B04E4A6.jpeg,COVID-19
1-s2.0-S0929664620300449-gr2_lrg-d.jpg,COVID-19
c8f8c1af-28f3-420d-85d6-9501a8002097.png,pneumonia
aa886a54-00d6-4f04-91b8-498c5c1bbc65.png,normal
e905c9eb-f673-4c09-ab97-cffccdc1fe2b.png,normal
99b5771e-94fd-4fa2-8097-437fac034696.png,normal
385cde28-3ed9-4325-b544-852768682331.png,normal
00eeb3c9-a892-4fac-a67a-aaa6cc7ffd5c.png,pneumonia
c3678e72-ceb4-42d0-8e44-5a4de7ebfccb.png,pneumonia
76920379-11f5-4040-8917-99a9fbf924ce.png,normal
f9784b2e-2810-43a9-b884-db8bfc836c44.png,normal
b7d86d4e-7d73-4269-bd19-3d24b7f4259b.png,pneumonia
931b6fb9-e53d-4748-8d66-0d0cf92c96ce.png,pneumonia
34783bc6-c67c-45fc-81ca-202df5b71f38.png,pneumonia
c5930fd9-a326-4253-aaea-3245f49efaa2.png,normal
SARS-10.1148rg.242035193-g04mr34g09b-Fig9b-day19.jpeg,pneumonia
db1ba12b-08f9-413c-9dae-07e9a6327f86.png,normal
936f2425-bc13-49ce-a4a1-979fd314ab48.png,pneumonia
da69ffb8-40fa-49ea-b11e-9ddff40845e8.png,pneumonia
51ea5b97-a5a2-4ba0-9090-b85214c43c04.png,pneumonia
E1724330-1866-4581-8CD8-CEC9B8AFEDDE.jpeg,COVID-19
covid-19-pneumonia-23-day1.jpg,COVID-19
e75eeb9d-cfe6-4652-a432-e79e12013389.png,normal
93FE0BB1-022D-4F24-9727-987A07975FFB.jpeg,COVID-19
2bd26d4b-b499-49e8-ad56-a20232b01af3.png,normal
ac282951-7cd1-4e12-9a60-d11351383af6.png,normal
b2cfe02e-0293-4193-bf3f-b4a7dd4bf68c.png,pneumonia
03BF7561-A9BA-4C3C-B8A0-D3E585F73F3C.jpeg,COVID-19
8a0f1bf7-0ce8-4fff-b5ad-398aa0b6015a.png,normal
b3b09e3c-3e2c-43cc-bf1f-56d317769ee1.png,pneumonia
92c60df4-5279-45d0-90ca-d15b74d7d7b1.png,pneumonia
57c51bb2-7795-48a1-8f14-e16e7c0ee3eb.png,normal
c9e21f1e-cea9-4862-93b1-4a06364d3ee7.png,normal
7e7f06d1-3d03-448f-937c-3c9a449d773c.png,normal
0a461c5f-08e6-4c86-9ecd-5246e613f8c2.png,normal
99fb4f16-8f58-4393-a53b-43b5b73c8936.png,normal
0a51f668-b7b1-4d8d-9ab9-de1f702f071a.png,pneumonia
079fa565-0c4e-46a2-9a3c-f6341d97fd5c.png,normal
covid-19-pneumonia-24-day6.jpg,COVID-19
08f580ca-6c0e-47ca-9759-851b3c0bb397.png,pneumonia
64dd81eb-6c14-431b-ad5f-520297c62f97.png,pneumonia
3857408a-0d0c-4389-bf01-6284b714193b.png,normal
ryct.2020200034.fig5-day7.jpeg,COVID-19
0bd68d89-6a56-4b5e-b2f5-1be2d3665f97.png,pneumonia
7086a7d5-056c-4752-8523-51929ca5e412.png,pneumonia
SARS-10.1148rg.242035193-g04mr34g04a-Fig4a-day7.jpeg,pneumonia
157cdcc6-85da-4280-abac-46afe2ed9138.png,normal
1.CXRCTThoraximagesofCOVID-19fromSingapore.pdf-003-fig4a.png,COVID-19
85d9875a-9fac-4422-a92b-08a593461a51.png,normal
covid-19-pneumonia-49-day8.jpg,COVID-19
db044ffe-7f5f-47f0-82e9-31ecd93e85ac.png,normal
a3a98509-171f-4c00-8d47-b6a0957907c3.png,pneumonia
bedf2835-76ba-4bd4-8fef-a7c767b7743b.png,normal
f4c6e50c-67a6-43b5-805c-df7da921f8f7.png,normal
pneumocystis-carinii-pneumonia-1-PA.jpg,pneumonia
c19b8a3b-ab4e-4a73-8e13-ec0a84b6b6c7.png,normal
3141838c-603b-47ea-8591-80a7e7c5bf12.png,normal
6fce7a48-4cdc-4bbb-a702-2b0af9ff3498.png,pneumonia
c5c7b71d-8844-4abd-9286-3967a3fe138a.png,normal
b276b1de-4caf-49da-bc32-70008fb180e5.png,normal
covid-19-rapidly-progressive-acute-respiratory-distress-syndrome-ards-day-1.jpg,COVID-19
7e57bbc2-9a12-4aab-af8c-9499def50d9a.png,normal
f1ba6a94-27b8-4537-8a11-6c4dbc3fe428.png,pneumonia
95f7313e-5394-4dc7-9405-3c3356c5c964.png,pneumonia
f3cfcf80-aa3e-4f8f-b8f5-8835df4fec30.png,normal
1-s2.0-S1684118220300682-main.pdf-002-a2.png,COVID-19
71c7c71c-a316-451f-ac99-dc6e16d392e2.png,normal
8a5cff4d-53d2-4a42-94da-e4b3f2008b1d.png,pneumonia
covid-19-pneumonia-22-day2-pa.png,COVID-19
2C10A413-AABE-4807-8CCE-6A2025594067.jpeg,COVID-19
8e8955c9-dc5b-4109-80e8-06a714111cb0.png,pneumonia
d8d58d34-b79f-4745-950e-fdf5c5eb2409.png,normal
169a956e-6c32-493e-ad41-31639b9d7ef4.png,normal
43d80aad-ae7f-4f59-97b5-7bcfe1203fdb.png,normal
64690a20-0381-40f3-a6ef-3491aacf35a6.png,normal
c252b18a-102c-463c-96e7-5c48dede71dd.png,normal
92146ef9-15ba-48b9-ad5a-893a27c6f484.png,pneumonia
9b4ecc3e-5499-4d0f-a218-0dc17aa963e2.png,pneumonia
4dead6d7-4f3a-4ac4-9ca6-772104bd4d23.png,normal
26b60f11-48d9-488a-a664-addcdea55ec3.png,pneumonia
SARS-10.1148rg.242035193-g04mr34g09c-Fig9c-day27.jpeg,pneumonia
ae6c6063-dc7e-4a23-b972-1427c8368f3b.png,normal
96252c3b-c8fd-4389-934e-298b01166931.png,normal
d0b2d5c0-e578-4520-b3e5-da57e93498e2.png,normal
2554df23-d5d3-4ffc-86c7-952a535998fc.png,pneumonia
ed55f8dc-45a7-4416-ae94-847bb41a35c3.png,pneumonia
5893d5cd-50f1-402a-a8ad-55a49f0f5ebf.png,pneumonia
3f37ab54-2eae-4feb-9831-4fbfe65a0229.png,pneumonia
8a545321-245d-4e23-a4ca-634a90c5ba89.png,pneumonia
4b9e0755-9459-417d-b06a-91edef552f06.png,normal
33dab529-a41a-4475-92e3-0d021883a128.png,normal
0a578f72-dced-4550-8851-d8005549b724.png,pneumonia
7a8b5f52-48f9-49a4-b55b-682938f94608.png,normal
994a6742-5b49-4207-b73b-eccec8f6601d.png,normal
820a493d-b8cb-4724-9609-4db39b42f368.png,pneumonia
3f189f11-c1f4-47a9-a1b0-886fb7344bc1.png,normal
d8adf370-83b9-4852-bedd-6e180fb95d9b.png,normal
covid-19-pneumonia-34.png,COVID-19
53EC07C9-5CC6-4BE4-9B6F-D7B0D72AAA7E.jpeg,COVID-19
post-intubuation-pneumomediastium-and-pneumothorax-background-covid-19-pneumonia-day6-2.jpg,COVID-19
b9072c66-a99a-4b11-bb25-2a93fcbe378b.png,normal
3b4f98fa-8ade-41d8-a4a1-7779a17eac1e.png,normal
covid-19-pneumonia-35-1.jpg,COVID-19
06327569-4e4f-4fdc-a116-db367c079669.png,pneumonia
1F6343EE-AFEC-4B7D-97F5-62797EE18767.jpeg,COVID-19
11e431ff-c6b8-45f1-9635-a055fbc90111.png,pneumonia
ryct.2020200028.fig1a.jpeg,COVID-19
6422ef7d-786c-4340-b789-02fe7f9675df.png,normal
all14238-fig-0002-m-d.jpg,COVID-19
bc95cf8e-8f29-42bf-9980-6bf30fc5f9b8.png,normal
60bab750-3d16-4e10-ae2d-5f4cf93ec424.png,normal
35dd41bb-baee-48e7-a450-95532043dc36.png,pneumonia
8FDE8DBA-CFBD-4B4C-B1A4-6F36A93B7E87.jpeg,COVID-19
867fcea9-55eb-4414-88ad-558e717f753c.png,pneumonia
covid-19-pneumonia-rapidly-progressive-3-days.jpg,COVID-19
45f6f998-f783-4c40-b4dc-4bef22f4c503.png,normal
54d407f3-084b-42ff-a00e-74a5d61b3c06.png,normal
a15b9158-d337-4da4-a88d-d151950d3c54.png,normal
auntminnie-a-2020_01_28_23_51_6665_2020_01_28_Vietnam_coronavirus.jpeg,COVID-19
1-s2.0-S1684118220300682-main.pdf-003-b1.png,COVID-19
e5bff349-8b02-4c62-8c64-b32344fa690c.png,pneumonia
189fec61-2bb1-46e3-a285-1dc3a09e8860.png,normal
auntminnie-d-2020_01_28_23_51_6665_2020_01_28_Vietnam_coronavirus.jpeg,COVID-19
08da8f40-b186-473b-9fa3-1caa4ecdc02b.png,pneumonia
d84123d8-3baf-46fa-b029-8a884e45669d.png,normal
b1991b66-7cb4-4569-b56b-9565af71ec40.png,normal
ba8516cc-aa1b-4f6c-ac7a-e34c5b2cda39.png,normal
4ce814aa-8366-4707-b17d-a2ecc503c4a8.png,normal
33da8f93-c3f9-413c-bc49-2a51f34aded2.png,pneumonia
5ab2e15e-604b-49b5-b6da-3b298da3b33e.png,normal
8ed4a02c-9d40-457e-a8d0-c890026c4067.png,normal
X-ray_of_cyst_in_pneumocystis_pneumonia_1.jpg,pneumonia
b839c760-a39d-4d15-8c87-ab2ea5f572c6.png,pneumonia
340986f3-1268-42a5-b0ae-b4c5c07cbd6e.png,normal
37a5ce8f-bf20-402b-b8f6-5c9f4c32c7e1.png,normal
a21dc214-0756-48ec-9b5b-16ca1bb243b0.png,pneumonia
covid-19-pneumonia-44-day-8.jpeg,COVID-19
D7AF463C-2369-492D-908D-BE1911CCD74C.jpeg,COVID-19
1874dc77-19f2-4694-aa8c-0e1beb958f4e.png,normal
06155af4-88f1-48b3-8860-27578f1b2e04.png,pneumonia
cd2f7adb-3ba8-4969-b9b5-44eb40930e8a.png,normal
b8834f0f-8ea8-4ceb-8ce5-d5dcb9569fb4.png,pneumonia
covid-19-pneumonia-7-PA.jpg,COVID-19
right-upper-lobe-pneumonia-9-PA.jpg,pneumonia
4770b15c-5b12-462d-8949-0c59380c02b2.png,normal
08f17660-dc61-4a5d-b6fb-10dacc1e20a2.png,pneumonia
bfb32559-717d-4a13-81b9-1b9fa902f4f2.png,pneumonia
SARS-10.1148rg.242035193-g04mr34g07b-Fig7b-day12.jpeg,pneumonia
3fb60904-497c-4009-94cd-aa4e28ecc854.png,pneumonia
aaa75c43-b169-4831-a539-f6fb2b173a05.png,pneumonia
efbaaa0c-da33-4200-a62e-d7d9d48c58ac.png,pneumonia
6b2068dd-218e-4516-a045-2f6b9a1c4752.png,normal
covid-19-pneumonia-41-day-2.jpg,COVID-19
wong-0000.jpg,pneumonia
A7E260CE-8A00-4C5F-A7F5-27336527A981.jpeg,COVID-19
c2e8ee67-6311-4b8f-9426-ac538972fed8.png,normal
6a250116-64e3-4f3a-8432-850e06a33c9d.png,normal
fddd0139-f8cd-4b3c-9879-b99ac10ef51f.png,normal
f5776e96-52ce-4515-88bf-190ab6e0c816.png,normal
9003952b-5cad-4d28-94e6-2a34a77af2f0.png,normal
5d891e1c-08bc-4def-a56d-5748cbdc6d34.png,normal
0a4d9634-7ee8-4512-ba83-6ff5e352b2c2.png,normal
85cb9bb2-db1d-4bc4-97e3-9ee103e6a512.png,normal
nejmoa2001191_f1-PA.jpeg,COVID-19
3d4dfd10-61c7-4305-816f-fde544d1f3a3.png,pneumonia
84fc2a49-5501-4762-ac20-f10d10f5bb41.png,normal
7727e022-82ec-4b7d-b667-bc83c5fca668.png,normal
b11a86fc-8db1-4a1e-90f5-8c07ab29cd99.png,pneumonia
covid-19-pneumonia-28.png,COVID-19
6221fb68-01c4-4351-929d-6bc91175e78b.png,normal
916de1f3-688e-4d39-bd41-db3f653e90b8.png,pneumonia
66dd2ba0-b107-4261-8acd-6a6a782f1d5f.png,pneumonia
a57f578f-1e6f-4248-bd38-2dacfa772fdb.png,pneumonia
13ef2d8e-3b2e-4fbb-9f70-69139dd74401.png,pneumonia
bdb79995-00a2-4b13-bfc7-6f06f8639498.png,pneumonia
856db494-ff64-4ead-a9c3-b4ac4d7256b5.png,pneumonia
091781dd-be2b-4517-9264-ade2f0c85487.png,pneumonia
c87c655c-7aa0-475d-b764-8cf5831e1244.png,pneumonia
badc0335-1212-4fb3-8417-a63a9df523c3.png,normal
7544fd0a-d7c3-42ac-88ab-449ab6fd0019.png,normal
3416e4ff-a8a4-4822-85ab-2e7e066457ba.png,pneumonia
4cb68d48-e377-4079-a094-2b863723204f.png,pneumonia
1b167f33-a18a-4aab-8a29-2a9d1d41c054.png,pneumonia
8ccd1e32-96f6-4a65-a8f8-e9cfdd5a13d7.png,normal
covid-19-pneumonia-rapidly-progressive-admission.jpg,COVID-19
jkms-35-e79-g001-l-a.jpg,COVID-19
38d9077e-e395-4460-b7ea-513072d256db.png,normal
35f287e7-12d7-41f4-a5e9-711086bd031d.png,pneumonia
e7372a72-f654-468e-897c-b02668d484f9.png,normal
pneumocystis-jirovecii-pneumonia-3-3.jpg,pneumonia
covid-19-pneumonia-38-pa.jpg,COVID-19
covid-19-pneumonia-20-pa-on-admission.jpg,COVID-19
all14238-fig-0002-m-f.jpg,COVID-19
60036cab-47e3-43c3-8772-fb6bd7afdd2b.png,normal
6544c049-a898-4268-857f-7e6b9edaf878.png,normal
6b83a374-ede5-42b3-82a7-f72d3bf9247a.png,normal
6851fb69-3777-49a6-a1bb-632c34316799.png,normal
85e72666-5791-4882-b0ee-c0635c97ecd7.png,normal
666a08b6-a4e2-4dc0-ad8d-122d609e6188.png,normal
fd78ad6a-c1ea-4ebf-826b-55bf09cfceff.png,normal
