filename,class
kjr-21-e25-g001-l-a.jpg,COVID-19
post-intubuation-pneumomediastium-and-pneumothorax-background-covid-19-pneumonia-day7.jpg,COVID-19
3ec704b7-82b3-4a0b-a5c8-cbce731fcb51.png,normal
80498871-eb35-486b-89e5-1b3240417e70.png,normal
c57ad4fd-3aa8-4ae8-a262-7336360d8265.png,normal
covid-19-pneumonia-43-day0.jpeg,COVID-19
81f8cd75-46eb-474d-a413-51cb420402e6.png,normal
B2D20576-00B7-4519-A415-72DE29C90C34.jpeg,COVID-19
0af9ad69-4d76-4de9-b93a-294478a97866.png,pneumonia
de021bc5-eacc-4c73-a8c2-7f98d5467c52.png,pneumonia
3999dbf4-b2a0-45b9-9ee6-5f62f5bd27c9.png,pneumonia
fcf2398a-3fa9-4837-9128-2c60462b9acd.png,normal
89492f31-d3a7-4e3f-b715-efa858eb1c8c.png,pneumonia
covid-19-pneumonia-53.jpg,COVID-19
001031d9-f904-4a23-b3e5-2c088acd19c6.png,pneumonia
ryct.2020003.fig2-a.png,COVID-19
f11abf44-b267-458c-ae67-e1167124f5e3.png,pneumonia
a36bcdda-c363-4ae6-a8b9-47bb0e05dc43.png,pneumonia
ed202cf8-732b-42a0-a09d-d5070cf31bf0.png,normal
radiol.2020201160.fig3d.jpeg,COVID-19
4494f836-6e06-4941-ba85-612d48c55810.png,normal
1-s2.0-S0929664620300449-gr2_lrg-b.jpg,COVID-19
c2ee643f-0568-4816-9fa5-19d50cde5386.png,pneumonia
kjr-21-e24-g001-l-a.jpg,COVID-19
505db6f2-1a55-4766-b72d-120d1a6dfdee.png,normal
369fef8a-d290-4b0f-a4cf-02b2690bb9b0.png,normal
d184ed19-d81a-4168-9e45-21e1332390be.png,pneumonia
nejmc2001573_f1b.jpeg,COVID-19
covid-19-pneumonia-7-PA.jpg,COVID-19
bcff3700-de7c-42c2-be5d-1c95d008966a.png,pneumonia
7f65bfa7-4587-40e7-8acd-3c02870ab059.png,normal
84321b1c-3284-4ce4-89a7-fa42d6d9f997.png,pneumonia
88522719-8558-4845-8e97-38ce464908fd.png,normal
7f1e4c1a-9565-4cab-815c-48851a322595.png,normal
284a890a-955c-48a3-b085-14363c3c5d89.png,normal
195033e1-ab56-4857-8b68-ef116fa576aa.png,pneumonia
1ab17a65-3c93-467b-9c36-6a27d67f0cbc.png,pneumonia
cfca5fb2-0851-49fd-9dfb-f7b063992b0c.png,pneumonia
c98eb387-08eb-4a10-ad95-007e8c52c7bc.png,pneumonia
333f3a4a-0169-42ef-b0aa-2c9fe63a282b.png,normal
covid-19-pneumonia-rapidly-progressive-3-days.jpg,COVID-19
3a0fb504-c7fe-4f7e-9bf1-98560c74614d.png,pneumonia
radiol.2020201160.fig6b.jpeg,COVID-19
3f9d98ed-1a89-436c-a528-8d34b10a8530.png,pneumonia
covid-19-pneumonia-35-2.jpg,COVID-19
199a835e-3ce7-4efe-acd1-a9455726486b.png,normal
15df7a1f-a2a4-4d5e-8771-3280fa1184c3.png,pneumonia
90f6ccf4-8b05-40d9-bc14-66fe5ac54b4d.png,pneumonia
e5bd8650-d4f6-4f8f-b3ac-fed31a1cbd7d.png,normal
799c5159-a2fb-4e25-8f90-13d3e1c66354.png,normal
covid-19-rapidly-progressive-acute-respiratory-distress-syndrome-ards-day-1.jpg,COVID-19
3d8ebf19-bf2c-4dff-9c25-25aa15d1ed88.png,pneumonia
covid-19-pneumonia-20-pa-on-admission.jpg,COVID-19
5dd07392-17c0-4b6b-b1db-4213bd37fd8e.png,normal
7892e538-8c5e-4521-a550-4a88f399bf63.png,pneumonia
f5b3b276-d93a-420e-a8a8-03f22bf850d3.png,normal
gr1_lrg-b.jpg,COVID-19
d0183e7f-16b5-4dec-9190-2141bc78f683.png,normal
b79c08ae-0951-4632-94ef-5e1153cfb489.png,normal
b358f0ea-23d2-43a9-a5f1-54fc78a8c5e7.png,pneumonia
a57aae30-eb23-4e9d-b11a-4c304c823364.png,pneumonia
2f98447b-c43a-4dc2-873d-c326a34c1ba2.png,normal
ryct.2020003.fig2-c.png,COVID-19
30f2c879-2104-45e4-acbd-6284f7a62d35.png,pneumonia
1.CXRCTThoraximagesofCOVID-19fromSingapore.pdf-001-fig2a.png,COVID-19
1f0a35e1-1cd4-4d07-bacc-f22368f3cd08.png,pneumonia
f6cfde90-10de-4584-aed1-2a0ef8238b11.png,pneumonia
50f7689c-9b02-4553-b96c-000d70d45d50.png,pneumonia
cb79107c-f66e-4211-8bef-c4f4786a2112.png,pneumonia
b7fd3d35-e5a4-484c-9f2a-83a72cb88d2b.png,pneumonia
bf89b942-f5cb-4d89-ae7c-2b097a65b8d6.png,normal
e821a416-aed0-411d-ab8a-7813185384b9.png,pneumonia
covid-19-pneumonia-evolution-over-a-week-1-day4.jpg,COVID-19
covid-19-pneumonia-30-PA.jpg,COVID-19
ade2b6b7-5ee9-4480-844c-5eb07e2c08fc.png,pneumonia
0a63a331-3e17-4e23-8a9f-f7a4ec850a1b.png,normal
584f7e37-6bbf-4194-b671-61bcf49c56e5.png,pneumonia
0b352cce-b6f8-4130-adfe-38fcc180a952.png,normal
64febd26-2c07-4e4b-a71d-e55d856ed00e.png,normal
629594c7-fe69-44d5-aa85-907b50661f0b.png,normal
e09dbb79-cdc9-44a1-9547-6f5969a170dc.png,pneumonia
e1a1a4ab-a815-4bc4-9549-98a27f9e9ae6.png,normal
48f302f9-b35e-42fa-9298-2563a0d9beb5.png,normal
2673d0ba-ab94-4aac-8a9f-1599818c2c12.png,pneumonia
e07110c1-7afa-45b3-8de5-901f0a96e394.png,pneumonia
d58a922b-97c8-4ee8-ad84-1c4c6c883c86.png,pneumonia
b68eb02f-6ce7-4752-9205-8b196d34bab1.png,normal
8e37552e-0410-4afa-a22d-c9084e9f09e2.png,normal
86469e34-c9ba-4ec9-bbe0-6d04535122a0.png,pneumonia
f8279c3c-7906-4ac7-a2da-a2a94e4de519.png,normal
97cc29c9-1dc1-47da-8bcd-43d543cee43a.png,normal
ec3a11c0-b993-47e4-a658-e6dc1d339db1.png,normal
pneumocystis-pneumonia-2-PA.png,pneumonia
kjr-21-e24-g002-l-a.jpg,COVID-19
a6dfffb9-e267-4535-bb87-62ca8098dbf4.png,normal
bff6b953-95d1-4a08-9d79-c3b43fde59ce.png,pneumonia
pneumocystis-jiroveci-pneumonia-2.png,pneumonia
c632eba6-2a71-47ce-b2f5-0e5f03b60ea2.png,normal
39d6260d-397c-46cc-bdac-c8e908a91f6e.png,pneumonia
5a6172a3-2b11-4e63-a8d5-f06829735f32.png,normal
covid-19-pneumonia-evolution-over-a-week-1-day6.jpg,COVID-19
f4f822fa-eb0d-42bc-946c-32fea8b69f40.png,normal
90aa3081-8d34-44aa-ba3a-66704c074807.png,normal
auntminnie-b-2020_01_28_23_51_6665_2020_01_28_Vietnam_coronavirus.jpeg,COVID-19
covid-19-rapidly-progressive-acute-respiratory-distress-syndrome-ards-admission.jpg,COVID-19
pneumococcal-pneumonia-day7.jpg,pneumonia
984a4270-8dc0-47eb-aea8-55e56aacb89c.png,normal
6C94A287-C059-46A0-8600-AFB95F4727B7.jpeg,COVID-19
0902e0fc-fcf3-40b5-ac04-c3ecc14c2355.png,pneumonia
RX-torace-a-letto-del-paziente-in-unica-proiezione-AP-1-1.jpeg,COVID-19
d5f2f97c-394b-4bb2-aada-5d58419f7a33.png,normal
411a54f5-4dbb-4684-a34a-df300a20f851.png,pneumonia
15965584-26e8-450b-823d-030d71049494.png,pneumonia
auntminnie-a-2020_01_28_23_51_6665_2020_01_28_Vietnam_coronavirus.jpeg,COVID-19
8721de5e-f6c8-4af0-a695-356e969f4687.png,normal
b58e15a4-085f-4d55-91e6-7d219ff570b5.png,pneumonia
c5a27c73-aef3-407e-9724-333e97a583c9.png,pneumonia
3b368413-f2a0-41d7-a204-b55121e9ff75.png,normal
eeb5c42b-5e05-496e-9662-23e745714d49.png,normal
637c0606-2cc0-4512-a9e7-9003c4af2d62.png,normal
9aa4dae2-8ea0-4be7-84a8-3c710288a19e.png,normal
53EC07C9-5CC6-4BE4-9B6F-D7B0D72AAA7E.jpeg,COVID-19
5a4a8c72-7042-41af-9869-32cb8d493110.png,pneumonia
1.CXRCTThoraximagesofCOVID-19fromSingapore.pdf-000-fig1a.png,COVID-19
ae6974e6-b709-42bb-8076-ab8499929f09.png,pneumonia
auntminnie-d-2020_01_28_23_51_6665_2020_01_28_Vietnam_coronavirus.jpeg,COVID-19
ccb10edf-bdb8-4022-b6ce-c131dee4541b.png,pneumonia
9fdd3c3032296fd04d2cad5d9070d4_jumbo.jpeg,COVID-19
bbadc8c2-77eb-420e-af31-a238a11856e8.png,pneumonia
0b8e881f-67bc-4021-a02c-0087233e43aa.png,pneumonia
cd7158ee-b4bf-4255-a916-c4f49aa5dd44.png,normal
99397efa-26b1-4583-8a01-1480d0f95705.png,normal
5A78BCA9-5B7A-440D-8A4E-AE7710EA6EAD.jpeg,COVID-19
afa5b7eb-938a-4c84-ad90-0ea94ffa6878.png,normal
58cb9263f16e94305c730685358e4e_jumbo.jpeg,COVID-19
44b6b737-f7a1-4fbb-a0c2-bd18ff82639c.png,normal
9ce13a8d-983c-4ca6-8ba0-d621c65ed7b9.png,normal
9C34AF49-E589-44D5-92D3-168B3B04E4A6.jpeg,COVID-19
a424f983-75af-44e1-84f6-6ef44f9580c5.png,normal
162c2fa0-aa64-4cc8-aacd-930750957868.png,pneumonia
5fee7685-a1eb-4be4-8054-e550d86f863b.png,normal
post-intubuation-pneumomediastium-and-pneumothorax-background-covid-19-pneumonia-day1.jpg,COVID-19
e77f1166-ed2e-4cc2-820f-c5c0e3a50abb.png,normal
a5df5290-3225-4f9d-8cd2-91425419bb7c.png,normal
996a7ea5-69a4-4c40-97f1-eb0cf61d81fc.png,normal
ecfe8040-c2e5-45d0-9ee7-d1a6963270ca.png,pneumonia
91fbf89d-137f-4d13-a962-627c3ecad353.png,normal
covid-19-pneumonia-34.png,COVID-19
edd31ca9-6d8a-427e-9342-ebc5ae9af212.png,normal
a296a62a-3e82-4766-b9b6-c27d29a07ab1.png,normal
f5c92fed-e929-4944-8658-345ab207ef0b.png,normal
pneumocystis-jiroveci-pneumonia-4-L.png,pneumonia
4cf82164-6678-4864-bbc4-5a93419424f7.png,normal
6a078738-03df-4e3f-adb3-d203baef1e1c.png,pneumonia
bb1648ed-992f-482f-b3a7-0a21237c8972.png,pneumonia
4b004c64-d809-4309-9840-bdf38aaed74a.png,normal
SARS-10.1148rg.242035193-g04mr34g09b-Fig9b-day19.jpeg,pneumonia
covid-19-pneumonia-24-day6.jpg,COVID-19
aed93dee-241e-474b-9506-7736773366d1.png,pneumonia
93a0df9d-5094-4d9d-a0a8-cf5fe99b1845.png,pneumonia
354f7e23-5ec3-4588-9183-186b47eae610.png,normal
f743c21e-5876-460b-bbd6-2e2dcca41baa.png,pneumonia
covid-19-caso-70-2-APS.jpg,COVID-19
5c26b94b-78f6-49ff-95a7-a2e4fce83778.png,pneumonia
covid-19-rapidly-progressive-acute-respiratory-distress-syndrome-ards-day-2.jpg,COVID-19
all14238-fig-0002-m-e.jpg,COVID-19
6a7dffc3-feed-4369-ac37-e52856040f31.png,normal
covid-19-caso-70-1-PA.jpg,COVID-19
1d57c801-71b4-49da-8933-2cabdc927fef.png,pneumonia
covid-19-pneumonia-24-day12.jpg,COVID-19
0361ea80-0215-4bbe-9bca-908ea7c4f8b6.png,pneumonia
15688c5b-57a9-419c-b93c-115d7cec828d.png,normal
afd36690-c66b-435b-8f10-bbf7dd5a2216.png,normal
c5dfc1a7-4669-42ce-af9f-62c3d8322049.png,normal
3b0e1f3c-e7a6-478d-8a9c-461b76ee3953.png,normal
7da8d535-3d6b-43d6-9ea1-06e19b6bef73.png,normal
b460b35c-214c-45b6-8306-3bf234116ca9.png,pneumonia
761418cc-7757-4cfe-8b26-9e76c955487a.png,pneumonia
7a543f64-6596-4944-ae8a-d21cc0644823.png,normal
cf6f9e09-b24e-4bf8-bfde-bb298d17f10b.png,normal
340af340-aa8f-418d-a73b-3c11814cc1c3.png,pneumonia
93e82b8f-b78d-45d5-84ce-a21e6ae5cc3d.png,normal
covid-19-pneumonia-35-1.jpg,COVID-19
615aa2bd-c60b-473a-8e6f-d04f406dd034.png,normal
66f58805-60f8-4e89-b99c-dd060a33bb86.png,normal
1-s2.0-S0929664620300449-gr2_lrg-a.jpg,COVID-19
1.CXRCTThoraximagesofCOVID-19fromSingapore.pdf-003-fig4a.png,COVID-19
e06eaaf2-5ed3-4e68-ab64-208f93a1097d.png,normal
cb7d021b-b273-436a-bd7a-e68c11ed3f6b.png,normal
b1545c30-6521-42a9-9d74-66144ec64ae8.png,normal
349c35ba-a32c-4cef-bfe9-613da6d7054d.png,pneumonia
0796d0a6-8aa5-4edf-9c82-33523d8da0c2.png,normal
be2c9d90-ba76-4bad-b9c1-2e73ecfd4bfa.png,normal
a8098820-9876-4866-91b5-6ee9f91d106d.png,pneumonia
FE9F9A5D-2830-46F9-851B-1FF4534959BE.jpeg,COVID-19
lancet-case2a.jpg,COVID-19
9e0e8620-d08b-4704-9782-19b061a5d83b.png,pneumonia
8df77461-c240-468f-810f-9796686a2c0c.png,normal
6a6ed2c5-d179-4c19-aac7-0d70eb87e024.png,normal
38c9b6fd-df99-42f8-bae8-b9522ede8a79.png,normal
bb4908ba-2679-4f7e-aeb9-c5c4577b40b8.png,pneumonia
94d1813a-2992-4aaf-9059-a295069eb201.png,normal
dfd1dbf2-0dcb-44f7-8e2e-1d74e1732137.png,normal
radiol.2020200274.fig3d.png,COVID-19
6ad63e9f-6f28-4c3c-8032-26d5bf2fdf95.png,pneumonia
4c2a3eec-38e9-459a-980c-545d0c50f7bf.png,pneumonia
c2623d76-a8e1-4c7a-b232-62ded2e33e5f.png,normal
89f5e0a9-1dbb-4e5c-8d1e-38e6c4638db5.png,normal
ba6d7b39-f439-455a-878c-f04c5987d668.png,pneumonia
7C69C012-7479-493F-8722-ABC29C60A2DD.jpeg,COVID-19
jkms-35-e79-g001-l-b.jpg,COVID-19
b544bbb2-35d1-44a9-88a6-431aa0fe72ad.png,pneumonia
31BA3780-2323-493F-8AED-62081B9C383B.jpeg,COVID-19
158aa1e6-0e62-4e5c-acf3-10bb8882025a.png,pneumonia
5f93b04f-2c06-446b-90ad-92ac643ca568.png,normal
131dd766-23cb-43e2-9653-13033d70765c.png,pneumonia
covid-19-pneumonia-44-day-0.jpeg,COVID-19
nejmoa2001191_f1-PA.jpeg,COVID-19
SARS-10.1148rg.242035193-g04mr34g09c-Fig9c-day27.jpeg,pneumonia
93f035f7-32f7-44f6-8d9a-3fe67b03fe10.png,normal
446B2CB6-B572-40AB-B01F-1910CA07086A.jpeg,COVID-19
3e2f4083-d432-446c-8418-e8c46801d453.png,pneumonia
fcabeae4-2631-494c-b7f9-f96d6da5e0ab.png,normal
02336c62-4e72-4818-8198-c327096a71e0.png,normal
fa2ef1a4-30c5-4198-9604-e1060054ebea.png,normal
563bba08-9229-4cc0-89e0-da0131e7f6bd.png,normal
7251ea5b-92d5-4474-8f1c-462c204923bf.png,normal
fd8423d4-6067-4c67-8530-40e0c492b35f.png,normal
0f87bb25-447f-4c72-b91c-f85824435051.png,normal
SARS-10.1148rg.242035193-g04mr34g0-Fig8a-day0.jpeg,pneumonia
covid-19-rapidly-progressive-acute-respiratory-distress-syndrome-ards-day-3.jpg,COVID-19
54b55fd2-35b2-47ae-80df-795c0f99f652.png,normal
93FE0BB1-022D-4F24-9727-987A07975FFB.jpeg,COVID-19
fe272c75-9f89-4733-a7b7-a0965bc30b53.png,pneumonia
9d68ba3c-494a-4dfb-bf75-a26bad9413d9.png,normal
590b390c-6d90-4ece-8875-247669e085a2.png,normal
ab79277e-58bf-4eab-86d8-e8ee65b8f2c8.png,normal
aead3682-bdf4-4f43-8468-8e6ac3cd41fa.png,pneumonia
1-s2.0-S0140673620303706-fx1_lrg.jpg,COVID-19
053f400c-145d-4770-841c-3ea961bb3644.png,normal
ba0b9822-06eb-4db0-bf37-20d894589ef7.png,pneumonia
2ab70125-b741-487a-9f06-12a66018dc5e.png,normal
pneumocystis-jirovecii-pneumonia-3-2.jpg,pneumonia
6987c71c-07ed-40e2-99e8-bf75fd78523a.png,normal
2966893D-5DDF-4B68-9E2B-4979D5956C8E.jpeg,COVID-19
8f615e7a-eedb-4f8b-b6da-4b36dab3ed46.png,normal
jkms-35-e79-g001-l-c.jpg,COVID-19
a87fca97-b625-46c0-a9af-9456c03aaaaf.png,pneumonia
e4f130d7-0a85-4d4d-a989-936db8cbf598.png,pneumonia
7b3daf31-affa-4499-8443-58d7d6196ca4.png,normal
figure1-5e71be566aa8714a04de3386-98-left.jpeg,COVID-19
fb1e65f1-4b6a-4900-8b7e-ba69ed91574f.png,normal
549ee5af-e19d-4483-9f7b-d3025dbb1979.png,pneumonia
364aa43b-3693-4c51-a0d0-78c286262540.png,normal
887f1973-3952-40a2-acf7-19a471c1c92d.png,pneumonia
bdc799a8-41b5-49fc-b419-8759349acb8a.png,normal
3c8ebe92-dc43-48b9-bbfd-03dbc128d2af.png,pneumonia
9e1d2d4a-60f9-43cf-b598-08509e1df9a8.png,normal
576f3fdc-8864-4709-b72f-a7b33fee8435.png,normal
c3c35d4f-c35b-4067-b86a-2ea01bc11acf.png,pneumonia
nejmc2001573_f1a.jpeg,COVID-19
78b6c826-ed88-4a05-b038-e4cefbabcd27.png,normal
e2597638-828a-4ab5-85f6-11c4230f1f2b.png,normal
8c9f3f8a-e276-4afc-8005-e770a332c3e7.png,normal
866892cc-d54a-4999-a70f-c9396c275db8.png,normal
59254a1a-d70a-4481-a46c-a0fb66dca995.png,normal
30363e8f-2955-4a45-b6e5-8e7146d6c243.png,pneumonia
1e1d4b6e-7fe6-4ea7-91ea-9c42ec8d6f00.png,pneumonia
3f774e0d-f367-4fa2-98cc-82845d21d5f6.png,pneumonia
1F6343EE-AFEC-4B7D-97F5-62797EE18767.jpeg,COVID-19
3ea67d3a-90be-4e77-a745-a9e323189097.png,pneumonia
acbd5788-b2a8-4fa3-b9ff-f6738bcf6f08.png,normal
605b591a-47f3-42c6-bf31-ef92f875c5a8.png,normal
a5a4cfb3-8dfc-48e6-9cca-b279b8885e89.png,normal
38817c65-dcb9-4078-8577-2b249c762f88.png,normal
9d93caf3-5af3-48a0-9a6e-23bec560da26.png,pneumonia
7E335538-2F86-424E-A0AB-6397783A38D0.jpeg,COVID-19
F2DE909F-E19C-4900-92F5-8F435B031AC6.jpeg,COVID-19
e457e363-5309-4cd0-a242-6b7af7c329d0.png,pneumonia
bc405e86-e604-4c34-a6ea-32460f370967.png,normal
910ea9c6-196b-47fb-97b1-763ab080fc3b.png,pneumonia
8154b0a8-0489-4b76-9b8f-a10020feb08c.png,normal
58934db8-c9d9-4c9f-90e2-49c031f7bbd3.png,normal
92a0f940-652a-4a9e-aeee-26f003abda25.png,pneumonia
SARS-10.1148rg.242035193-g04mr34g0-Fig8b-day5.jpeg,pneumonia
b98ba929-fada-4ec9-bd10-1c0be267ee4d.png,pneumonia
5cdb8693-e826-484b-81d5-ceef31c4c22b.png,normal
92b8dc8c-907c-4cc4-8caf-db571ee8f087.png,normal
pneumocystis-pneumonia-1.jpg,pneumonia
1.CXRCTThoraximagesofCOVID-19fromSingapore.pdf-002-fig3b.png,COVID-19
527aa2cc-56cc-4e92-bb1f-34dba1fd8a5c.png,normal
9b1a6d45-e0e8-40da-8327-149461e79b8f.png,normal
covid-19-infection-exclusive-gastrointestinal-symptoms-l.png,COVID-19
677b6db0-31ab-47d4-bb96-5cd301c8f6ac.png,normal
9ca1a6ca-efb6-4d59-b829-76350431b766.png,normal
d55faf33-fa7a-4d88-8050-abf7686577bf.png,normal
8bdf252c-a4cf-4327-917b-8517458fa6bc.png,normal
kjr-21-e24-g003-l-a.jpg,COVID-19
cdf7ab65-b73e-4a41-9a79-3aa03fdbfac3.png,normal
5cd0fa74-fe44-40a8-9cb6-8da3f767d8c9.png,normal
a0ed1bbf-c2da-4c12-a1d8-d0d0c64ffd08.png,normal
SARS-10.1148rg.242035193-g04mr34g0-Fig8c-day10.jpeg,pneumonia
03ae75b6-45a7-4a68-9871-f07b82b17bf6.png,pneumonia
6d0d2d29-ba30-40ef-b9a3-822b522ffb51.png,pneumonia
pneumocystis-pneumonia-8.jpg,pneumonia
5827367d-31c6-4527-9ccb-63676d7f230e.png,normal
4edf6d79-0dc8-4b45-b40f-2bdd0665e115.png,pneumonia
bf10ff6e-fc24-4cfc-9b5f-7a156608dc1a.png,pneumonia
7D2CF6CE-F529-4470-8356-D33FFAF98600.jpeg,COVID-19
8FDE8DBA-CFBD-4B4C-B1A4-6F36A93B7E87.jpeg,COVID-19
b6ebfc38-240b-4fac-ad09-ab378414fb55.png,pneumonia
80446565-E090-4187-A031-9D3CEAA586C8.jpeg,COVID-19
f975624b-62f4-4739-86fe-3e7c32a055a9.png,normal
a3a3b1ab-17d0-44e2-9e7a-48f78e3bcb1c.png,normal
bda78d8f-77ca-4806-a095-e0df852f821f.png,pneumonia
321aa7d0-ba83-423d-98d0-b2b89360951e.png,pneumonia
763f991b-5a8a-47d0-9b9f-151cc661218d.png,normal
post-intubuation-pneumomediastium-and-pneumothorax-background-covid-19-pneumonia-day6-1.jpg,COVID-19
6eccb545-b994-4a75-b8ca-2001623d6bab.png,normal
b532569f-be57-44a1-8452-83aa0bf278d1.png,pneumonia
925f5f2f-a22a-431d-bf1a-2e45d8afaa38.png,normal
657e2cb9-e776-4aad-80a4-f3826adb26eb.png,pneumonia
gr1_lrg-a.jpg,COVID-19
8b216d4c-23b0-427e-aa94-d516d4ae9698.png,pneumonia
bed0dd75-f279-4fb1-b2be-97222380231c.png,pneumonia
076ad555-8eff-4022-9c08-7205c59a75d2.png,normal
eb867723-c976-423b-b56d-5d802bc2f04f.png,pneumonia
85682fd3-9d19-4b37-a663-6071cbfb82af.png,pneumonia
6f9f12b8-533d-40f0-b685-1cdf8a6854e5.png,normal
acea0494-388b-4745-a430-892751494e8c.png,pneumonia
8c4c3e98-8341-4897-ab39-6d0c92045c45.png,normal
pneumococcal-pneumonia-day35.jpg,pneumonia
9e53a361-9507-4b07-9b3b-56bad312fb6a.png,pneumonia
9003ee77-f609-41e6-b4e9-a0fb1f95c415.png,normal
a5558046-8a72-4a21-9526-f27ce43cd675.png,normal
e0af96b5-9e91-4cc7-84c7-a3d04d4c9405.png,pneumonia
a1055459-ab82-42b8-94f9-349a4ed5ec62.png,normal
wong-0005.jpg,pneumonia
radiol.2020201160.fig2b.jpeg,COVID-19
e01bd4b1-8c24-4fd7-9b8a-7888f52bfd80.png,normal
right-upper-lobe-pneumonia-9-PA.jpg,pneumonia
680fac3f-966d-4c7d-a188-a0cc14f735b9.png,normal
989620ed-615e-47a9-a2be-402c3b6f937e.png,pneumonia
1858bafe-3d3f-4fc6-84bf-e0f85ea1e264.png,pneumonia
aa1b8a2a-59cc-49fa-b38c-a3fe2767ee15.png,normal
1ef28712-7b54-49de-838a-3a56326d26a0.png,pneumonia
figure1-5e75d0940b71e1b702629659-98-right.jpeg,COVID-19
5dd4d7bf-e9d6-4660-aa90-c405ac7dc453.png,pneumonia
d9ee5ddc-e3cb-427d-9993-bb00d969210a.png,normal
8e6e3560-41b4-40ad-9cf8-0c51628bde2b.png,pneumonia
2C10A413-AABE-4807-8CCE-6A2025594067.jpeg,COVID-19
fd24442d-ffcb-4e70-8516-8e699c40b9fb.png,normal
covid-19-pneumonia-evolution-over-a-week-1-day3.jpg,COVID-19
ab6e779b-d387-46fe-be63-74bb6c2a1d08.png,pneumonia
ca2304fd-4dd8-4b5c-9450-d9d0804cd378.png,pneumonia
77252ca8-2220-41ad-bb30-f4be1fbc7b5a.png,normal
badb2fab-bc7a-438a-add6-752f4552efd9.png,normal
e0a86d60-2d8c-4e72-acd8-ccf7924bdefa.png,normal
wong-0000.jpg,pneumonia
b6e7d1aa-74ca-4fc1-b268-415b9e4954ce.png,pneumonia
452cdcf4-7e19-4b77-9a9e-0c3b1284bcf3.png,normal
462d35e5-3cb8-41b6-9624-124ab36a2f19.png,normal
b6c45f07-6068-46af-b35d-302cd05ed4d2.png,pneumonia
e9c5bafe-67ff-47a6-8855-b2257ebddeec.png,normal
1-s2.0-S0929664620300449-gr2_lrg-c.jpg,COVID-19
affe3bdd-245a-44de-9b6d-6cb745f07401.png,normal
all14238-fig-0002-m-f.jpg,COVID-19
SARS-10.1148rg.242035193-g04mr34g09a-Fig9a-day17.jpeg,pneumonia
SARS-10.1148rg.242035193-g04mr34g07a-Fig7a-day5.jpeg,pneumonia
fb4d9f1d-83f9-42b6-9237-0b249b610206.png,normal
3cc57eeb-c3e0-407d-834f-2a1f417d157a.png,pneumonia
d60b0cba-c1bd-4741-86ef-c24760605b03.png,pneumonia
1-s2.0-S1684118220300682-main.pdf-002-a2.png,COVID-19
7ddece1d-137e-486e-a19b-8fce32365127.png,normal
ryct.2020200034.fig5-day4.jpeg,COVID-19
db750e84-7776-440f-a985-84f5fbfd010b.png,normal
covid-19-pneumonia-22-day1-pa.png,COVID-19
93131b9d-fa42-4d13-9af9-c73e72c284d0.png,normal
parapneumonic-effusion-1-PA.png,pneumonia
387126a9-0e30-4e23-94cf-e2a6811e6d47.png,pneumonia
f6c25e61-9623-4421-a9e5-ec775b128523.png,normal
1-s2.0-S1684118220300682-main.pdf-002-a1.png,COVID-19
7934f518-dbaa-4201-922b-1bc93a245e84.png,pneumonia
ryct.2020200034.fig5-day7.jpeg,COVID-19
1B734A89-A1BF-49A8-A1D3-66FAFA4FAC5D.jpeg,COVID-19
pneumocystis-jirovecii-pneumonia-3-3.jpg,pneumonia
3f781ca6-d1cc-4575-b4de-055f562ad88f.png,normal
edf1fe7e-46a9-47be-8f65-132b2f8dd56a.png,pneumonia
e1e66bd5-538f-4df2-a386-153645f88ea0.png,pneumonia
covid-19-infection-exclusive-gastrointestinal-symptoms-pa.png,COVID-19
6d4f6f7f-b446-47cc-96bb-024105e4a064.png,normal
a195a887-4e7e-44d9-b9d0-a2a72b1c243c.png,pneumonia
e56a1755-f942-4585-bdb3-297f3f78fafc.png,pneumonia
1.CXRCTThoraximagesofCOVID-19fromSingapore.pdf-003-fig4b.png,COVID-19
bc5360ed-0247-47b8-93a0-c34ebbf936bb.png,pneumonia
7628b348-fdb4-43f6-a7bf-7eb0e20d0ae8.png,pneumonia
covid-19-pneumonia-44-day-8.jpeg,COVID-19
ad463d4a-996c-4f96-90ad-1bb3594e5a90.png,pneumonia
192f8bc4-1d12-4b3e-84a6-d94f77928faf.png,pneumonia
a47c09af-6f13-4057-a0e6-6e1f422b584d.png,pneumonia
cavitating-pneumonia-4-day28-PA.png,pneumonia
auntminnie-c-2020_01_28_23_51_6665_2020_01_28_Vietnam_coronavirus.jpeg,COVID-19
d9b97d4e-90c2-4dee-ba51-1eb32bb31979.png,normal
d8ebd2aa-c8b9-44cb-bb8e-32e03b355c55.png,normal
D7AF463C-2369-492D-908D-BE1911CCD74C.jpeg,COVID-19
A7E260CE-8A00-4C5F-A7F5-27336527A981.jpeg,COVID-19
03BF7561-A9BA-4C3C-B8A0-D3E585F73F3C.jpeg,COVID-19
covid-19-pneumonia-2.jpg,COVID-19
86066dd3-2255-4f12-8fb8-e3aab02ba8b6.png,normal
ryct.2020200034.fig5-day0.jpeg,COVID-19
bdef94bc-4e2e-4df3-b06e-126aed15846a.png,pneumonia
fa57116a-57a0-406c-ac92-62cc15536a27.png,normal
75fa3ec9-b117-49cb-9d48-799821b3c471.png,normal
49cda5b8-d41d-4b34-b25b-b92520b65ea5.png,normal
2e1956e1-8430-48d7-9888-910934acd22b.png,pneumonia
3922a7cc-ff8d-4479-893c-b82d86109414.png,pneumonia
915cea19-c952-4b76-b821-17e2ae425b4c.png,normal
1-s2.0-S1684118220300608-main.pdf-002.jpg,COVID-19
697ba0dd-6546-43b5-bfe6-f331fb96e0fe.png,pneumonia
7efc355d-92be-4776-8134-7c3daa100a00.png,pneumonia
b4dd880c-d830-470d-80b4-afca617a4261.png,pneumonia
pneumocystis-jirovecii-pneumonia-2.jpg,pneumonia
e72249f8-330b-4852-a7d2-bea2f75666c7.png,normal
3c6cc4e8-ab85-4053-9844-4f9eded69eec.png,pneumonia
0ed30a38-fd74-498f-aeaa-6febf7eb66be.png,normal
SARS-10.1148rg.242035193-g04mr34g04b-Fig4b-day12.jpeg,pneumonia
cavitating-pneumonia-4-day0-PA.jpg,pneumonia
6a5eeedb-f8f8-4c18-88ce-e392a91270f7.png,normal
radiol.2020200490.fig3.jpeg,COVID-19
655c2089-7835-4749-bbcf-283d0531158c.png,normal
3bb9b9b3-b086-4083-ae6f-d1f86c3eb089.png,pneumonia
1cadf040-18bb-424d-aa1f-2e6fa971277b.png,normal
figure1-5e7c1b8d98c29ab001275405-98.jpeg,COVID-19
covid-19-pneumonia-23-day1.jpg,COVID-19
536ba3bf-b867-4035-b483-35e9cbda9c0f.png,normal
02e141b9-8bc0-45df-be3a-5508768412c6.png,normal
b89e287f-5a3a-4f27-baf9-38759fed98cb.png,normal
34a86615-92b7-4b4a-813b-9e62e51b6d10.png,pneumonia
E1724330-1866-4581-8CD8-CEC9B8AFEDDE.jpeg,COVID-19
covid-19-pneumonia-23-day3.jpg,COVID-19
pneumonia-7.jpg,pneumonia
4e43e48d52c9e2d4c6c1fb9bc1544f_jumbo.jpeg,COVID-19
b2248f27-a5f1-427f-a84b-2e713da2ba9b.png,normal
ba07f107-5f57-4c63-8d82-e19b30e3e72d.png,pneumonia
c34ea5d9-c6ef-43bc-8df1-30918c113d99.png,normal
44c3f553-5e5d-4a75-852b-2f8b8315270e.png,pneumonia
1-s2.0-S1684118220300682-main.pdf-003-b1.png,COVID-19
ciaa199.pdf-001-c.png,COVID-19
f773866f-22ae-498d-8cef-8f8638a77425.png,normal
8e4e52f9-8212-4a0a-bafa-85cdf3859e5f.png,pneumonia
826361cd-08ae-49c4-b535-25a4f14026f8.png,pneumonia
3a23c1d9-6a57-4760-bfc4-ab335af23a91.png,normal
c6c3be6a-d660-471f-870f-ad784dbb02fa.png,normal
37fa8cec-dec9-4772-9773-9fb2b26b041e.png,normal
covid-19-pneumonia-rapidly-progressive-12-hours.jpg,COVID-19
78836631-d617-4c1e-a265-c587c93a8e42.png,normal
pneumocystis-pneumonia-12.png,pneumonia
8741ed59-b23a-4b7b-9113-cf359cc2bc41.png,pneumonia
ryct.2020200034.fig2.jpeg,COVID-19
90dccc5b-5e52-4cb8-8bd7-36a931dee30d.png,normal
3766b0a6-1769-4d82-b081-fa53531de34e.png,pneumonia
6a35c51e-1d5b-4a08-b863-071916d08d79.png,normal
1.CXRCTThoraximagesofCOVID-19fromSingapore.pdf-001-fig2b.png,COVID-19
73b9e53d-0501-4d0e-bc35-9eab24af5551.png,pneumonia
6698a813-373d-4d2a-9ecb-89ced5d2c1f8.png,normal
d815454a-5088-407c-8822-af205bec401d.png,pneumonia
f4362a52-b9f5-4d96-a6ba-04284a233eb0.png,pneumonia
39EE8E69-5801-48DE-B6E3-BE7D1BCF3092.jpeg,COVID-19
covid-19-pneumonia-49-day4.jpg,COVID-19
b353a850-9c2b-452b-9610-21e27b01d4fa.png,pneumonia
0edb45b6-eb6a-42d9-902d-204730c3405e.png,normal
86784b68-1b60-419a-ad02-6db2723902f3.png,pneumonia
lancet-case2b.jpg,COVID-19
cfdfb1e0-9486-4cf5-94b0-5613ac403847.png,normal
7ec4666c-0304-4b7b-8263-bf417ab7cccd.png,normal
pneumocystis-jirovecii-pneumonia-3-1.jpg,pneumonia
2835bc4d-02bc-4d81-9122-2ee44b681202.png,normal
covid-19-pneumonia-rapidly-progressive-admission.jpg,COVID-19
ciaa199.pdf-001-a.png,COVID-19
721ca747-d0c2-45c2-adf3-4c3640034519.png,pneumonia
covid-19-pneumonia-20.jpg,COVID-19
b15b5ce7-ad31-4506-baac-e6316aaf6cf6.png,pneumonia
36f51cc5-a28d-48f0-a086-df424f7f2c94.png,pneumonia
39930ace-aa1d-4d12-b1fd-fa7dd50b312e.png,normal
a25056f9-2c4e-42f3-a035-26552647dcd4.png,pneumonia
covid-19-pneumonia-15-PA.jpg,COVID-19
figure1-5e73d7ae897e27ff066a30cb-98.jpeg,COVID-19
all14238-fig-0001-m-b.jpg,COVID-19
covid-19-pneumonia-41-day-2.jpg,COVID-19
ciaa199.pdf-001-b.png,COVID-19
3538b9f3-b604-4e3c-8f04-bb5b1127733c.png,pneumonia
487edeef-e98d-4345-8714-928854d83143.png,normal
covid-19-pneumonia-evolution-over-a-week-1-day0-PA.jpg,COVID-19
covid-19-pneumonia-14-PA.png,COVID-19
a5b450e0-3b30-4bba-aa08-28c375268f1c.png,normal
a92643fd-0f58-43e5-a400-7c35c2544610.png,pneumonia
pneumocystis-jiroveci-pneumonia-4-PA.png,pneumonia
353889E0-A1E8-4F9E-A0B8-F24F36BCFBFB.jpeg,COVID-19
d97e8a59-7b93-45cc-a201-40b5e503d760.png,normal
c243175d-547b-4990-accf-31c7a2f58427.png,normal
4dab56c9-09db-47fb-88f3-0989cadc5c66.png,normal
9cde0ff6-095f-4ac6-88a8-c9ffc4676230.png,pneumonia
ef448138-3bf9-40ab-ba5f-0b5fbe90eb64.png,normal
ryct.2020200028.fig1a.jpeg,COVID-19
covid-19-pneumonia-24-day7.jpg,COVID-19
9b88c5ef-6722-4658-a4f1-df685b47d555.png,normal
2e566084-386d-48a6-beb2-8b28732371e7.png,normal
figure1-5e7c1b8d98c29ab001275405-98-later.jpeg,COVID-19
5f23a574-7ef3-436a-b8c3-438903fc68fc.png,normal
486c3a4e-e899-44ef-b89e-f5f808177b91.png,pneumonia
3b27a391-cc42-47b3-aff6-206011e86628.png,normal
aaef0613-d604-42d9-a13e-dd6f146b15cc.png,normal
SARS-10.1148rg.242035193-g04mr34g07b-Fig7b-day12.jpeg,pneumonia
all14238-fig-0001-m-c.jpg,COVID-19
6b44464d-73a7-4cf3-bbb6-ffe7168300e3.annot.original.jpeg,COVID-19
2e497e99-5aec-4290-bf40-0bb9041973dd.png,normal
472688c0-2bd6-4fa3-b2ee-56b441e5cb35.png,normal
3e090052-b2cd-459a-bde0-837321f83cf2.png,pneumonia
d63607bc-42c0-404d-9967-08613efd1fdc.png,normal
4d3deed3-16c7-40ca-9b7c-e8cdd3abccbc.png,normal
pneumococcal-pneumonia-day0.jpg,pneumonia
535c2337-e755-43ea-ab1d-6547a584776d.png,normal
88eab2fe-0e34-4c90-ad6c-3c7eab376c74.png,normal
f1f2b410-7f88-45db-a6f2-9a4e0ff8f1d7.png,normal
9addd7f0-dd54-47db-b70e-bc9baffe2b14.png,normal
261341d3-1df2-4cf4-b9a8-b1e02a124900.png,pneumonia
3d643bc7-85ea-4684-88f6-4e2ee36ff46d.png,pneumonia
7c62e839-540a-4c2f-8ee8-ea6f3c4c4dfe.png,normal
77b4e9ec-9002-444f-b3a5-9e5ab9dacaa5.png,pneumonia
3c203807-9c47-42fb-b82b-680090451273.png,pneumonia
71c5e5fa-6d92-44a3-a9fa-1e3421b27a07.png,pneumonia
covid-19-pneumonia-19.jpg,COVID-19
5c65a8b2-7873-4490-9fce-ac4fe0417ada.png,pneumonia
4da7bc0a-2c46-4029-8502-1577d527219f.png,normal
1352a7f3-1f0d-4f1f-af05-daa5d7f8624a.png,pneumonia
nCoV-radiol.2020200269.fig1-day7.jpeg,COVID-19
1-s2.0-S1684118220300682-main.pdf-003-b2.png,COVID-19
3ef164d4-0e03-4695-bc05-bad84b526960.png,pneumonia
e6dc5d04-2f76-425f-99d7-cae3aa095122.png,pneumonia
a4a44483-47e2-45d9-9fe5-34e0d2abc162.png,normal
876785b8-4691-4231-b8c4-6e92527dfb08.png,normal
ab212af5-998c-44bd-8581-b608b6545855.png,pneumonia
covid-19-pneumonia-23-day9.jpg,COVID-19
streptococcus-pneumoniae-pneumonia-1.jpg,pneumonia
a6148502-53a7-4916-93c1-9fa49c9a953b.png,pneumonia
629f59dc-5e5b-4c71-8201-308827e78873.png,pneumonia
d7442200-deb2-4b6a-88dc-2a5e2180dedc.png,normal
eb9bf555-1859-47a9-a95f-e86246ce2bd9.png,pneumonia
bb91c165-aa67-40b5-ac57-ad8458036952.png,normal
covid-19-pneumonia-38-pa.jpg,COVID-19
338907f5-8c8c-47e7-a57d-6c9eb5b4529b.png,pneumonia
ryct.2020003.fig2-b.png,COVID-19
SARS-10.1148rg.242035193-g04mr34g04a-Fig4a-day7.jpeg,pneumonia
a15fd96c-be59-4a81-b253-bea26b1b20b1.png,pneumonia
fddab3dd-9b99-46bc-a1dc-4aeab796e979.png,normal
covid-19-pneumonia-43-day2.jpeg,COVID-19
cee68125-b70c-4f9b-b9a4-a005725ab04b.png,pneumonia
2B8649B2-00C4-4233-85D5-1CE240CF233B.jpeg,COVID-19
1caa4dac-4bac-419b-91d4-cac2d8408ccd.png,pneumonia
9b20a679-e9aa-4264-83b8-90331923b63d.png,normal
covid-19-pneumonia-8.jpg,COVID-19
nejmoa2001191_f3-PA.jpeg,COVID-19
a2ec39cf-b9ee-4e79-b6f9-c7a2ad78009f.png,normal
X-ray_of_cyst_in_pneumocystis_pneumonia_1.jpg,pneumonia
98e9931d-aac7-43d5-abc6-33cfc6582861.png,normal
9960c058-8c83-46c9-b311-5dd7e927eb34.png,pneumonia
post-intubuation-pneumomediastium-and-pneumothorax-background-covid-19-pneumonia-day6-2.jpg,COVID-19
41514a7f-f3ce-473e-a15d-cfd41b475aaf.png,normal
3cf1aff4-8d32-498b-a7fe-d2a6a5292d3c.png,pneumonia
acf7fc42-fbe5-45d4-b099-6355aab368d8.png,normal
86746808-b97b-4a47-b073-973fa4babd3f.png,normal
184f1560-cb67-4361-88e5-17a3d8744b2d.png,normal
54ca2bbe-f8cb-4c30-b128-9a0948f9da4d.png,normal
covid-19-pneumonia-49-day8.jpg,COVID-19
4e0296ae-1440-4c05-957e-3177134ee108.png,pneumonia
covid-19-pneumonia-12.jpg,COVID-19
40473564-beaa-462c-8457-59058198bd25.png,pneumonia
e71be066-42df-4699-a67f-e32ba9087640.png,normal
0bb1cb0e-7377-407d-845e-dce144852d32.png,normal
bcaa0edc-16d6-44b7-b548-91ddf6ed5cec.png,pneumonia
549f95a2-c418-4414-b822-f4c9447cf87b.png,normal
54d69a5e-7f51-46fc-b141-0fd7e7086fae.png,normal
41feefb5-362d-4d0a-ba2f-cbd986504ace.png,normal
3d8c988b-436b-4a44-a2e1-88dee1351ae1.png,normal
pneumocystis-carinii-pneumonia-1-PA.jpg,pneumonia
b217cb57-c3f5-4fab-a81f-48425916ba54.png,pneumonia
nejmoa2001191_f5-PA.jpeg,COVID-19
3e881f10-28aa-4626-a79a-50cc014b7a1a.png,pneumonia
9fc44c1b-3542-4d4d-ae7b-cbb750a90999.png,normal
c8d372cb-00ee-4512-bd3e-4a14301a0425.png,normal
115bf7b6-065a-46eb-bd14-f4afbc8384f3.png,pneumonia
07bb7f0d-ef4b-4963-b453-7f9d8c5b7c62.png,pneumonia
jkms-35-e79-g001-l-a.jpg,COVID-19
afddf7bc-bdb4-49c8-8cab-9e52bb00e7d2.png,normal
e140e6e5-cdf1-47d6-b2f1-602aa8a1a69c.png,pneumonia
5be14a2d-f223-4cc1-bce7-20c941284be2.png,normal
ba6dbb79-14a5-442e-bcee-be7d02211e6c.png,normal
all14238-fig-0002-m-d.jpg,COVID-19
4bba1b7a-1207-43de-b4b6-e6af557e7ce3.png,normal
covid-19-pneumonia-28.png,COVID-19
0cb23e5a-a46a-4a32-89c0-8030941b6301.png,normal
a46f2e04-c730-48a4-916f-2620194cd317.png,normal
aef87dc2-a097-4683-9fb1-d1af6838a16a.png,pneumonia
aa4294f9-fe5f-4912-9e73-0cbf35bddfdf.png,pneumonia
4de27293-832a-4152-bc2e-38ca1d484af9.png,normal
covid-19-pneumonia-41-day-0.jpg,COVID-19
1-s2.0-S0929664620300449-gr2_lrg-d.jpg,COVID-19
5ddf194a-9266-4248-90a2-ddf0573aa569.png,pneumonia
2397b2f6-3dfa-476c-89ea-e9992c5bd9a9.png,pneumonia
c3a5e685-166b-4f22-b9bb-151a0040e0ee.png,pneumonia
4474c611-e91a-4aa2-8993-69ad51c2e332.png,normal
1.CXRCTThoraximagesofCOVID-19fromSingapore.pdf-002-fig3a.png,COVID-19
0ccff729-ee71-4a5f-ad01-ce12ab162afa.png,pneumonia
793099eb-6d36-4551-ac5a-9862d07ee199.png,pneumonia
a7b47ad1-3e16-4401-8fa3-0ea30f1045b1.png,normal
1-s2.0-S1684118220300608-main.pdf-001.jpg,COVID-19
b753fa88-2247-4354-86e7-c0031fe11d13.png,normal
covid-19-pneumonia-22-day2-pa.png,COVID-19
8e9c142a-1265-4ab2-887d-fce3b9b46ff0.png,normal
1b874f35-21ac-4e21-a292-c96165ad870b.png,pneumonia
ea3f3fb8-d6dc-41c8-9bdf-a67b43570477.png,pneumonia
ae710da6-ac50-4de7-891e-d9a7a180ee05.png,pneumonia
d9863bc6-3f95-4f30-81c7-a63ed66cc831.png,normal
2f801269-70c2-4987-a479-e25b91767ee1.png,normal
1.CXRCTThoraximagesofCOVID-19fromSingapore.pdf-000-fig1b.png,COVID-19
a8328d63-6a90-4e20-a7a9-65226cdaaba8.png,pneumonia
bd88f2af-7d9f-44a8-8004-ea76250dc9b2.png,pneumonia
ac2f43b0-3e63-47e0-9e50-4ba59b9b747e.png,pneumonia
c386e937-e121-4981-87f1-14afe0315fea.png,normal
a0c22f32-1156-4c62-894a-19ce51aee219.png,pneumonia
ee4288c1-fcff-4761-93e2-54d2e6fc771f.png,normal
nejmoa2001191_f4.jpeg,COVID-19
bfc43f55-c88e-4ad4-90ff-a0d465862d6f.png,pneumonia
