filename,class
3b18606f-8f64-4492-9438-235228fc1ae1.png,pneumonia
ff172cdc-bcfe-4fed-904b-6e573b1bc74c.png,normal
ae2e618e-ca4d-4fbc-aae5-d6f39e4b484f.png,pneumonia
2B8649B2-00C4-4233-85D5-1CE240CF233B.jpeg,COVID-19
1-s2.0-S1684118220300682-main.pdf-003-b1.png,COVID-19
0c8458d8-25e6-44e5-946e-cf729240df59.png,pneumonia
62674d28-79d2-4166-966d-bcf789f9ae3a.png,normal
64c8352e-95ee-40bd-86a5-799d705ab852.png,normal
7ab9c4d4-6582-42bf-ba0c-6f84b60b0c47.png,pneumonia
3c993fea-80ff-42d5-a7ef-e2fb8209e4cf.png,pneumonia
ef8a9a4c-4a0f-4e4e-aaa1-4c3f260bd72c.png,pneumonia
pneumocystis-jirovecii-pneumonia-3-1.jpg,pneumonia
b97e1021-d9fc-41f6-86e4-4a673babf442.png,normal
1cee8f22-8603-49a8-a69c-ea807158db1b.png,pneumonia
5A78BCA9-5B7A-440D-8A4E-AE7710EA6EAD.jpeg,COVID-19
4085a949-e9bb-4a96-b6ca-e1adac52d2ea.png,normal
af2cd4c9-097a-464f-8956-3e1a977696af.png,pneumonia
0623ea89-c89c-4743-b492-55e398de4c9b.png,normal
cab0ffdf-3929-4b50-b386-28b29927b5c1.png,normal
79398af7-b117-4371-b174-9a7644c12e06.png,pneumonia
1.CXRCTThoraximagesofCOVID-19fromSingapore.pdf-002-fig3b.png,COVID-19
ryct.2020003.fig2-a.png,COVID-19
6f1d3c0f-0119-4a49-8bc2-343b95b110e7.png,normal
1.CXRCTThoraximagesofCOVID-19fromSingapore.pdf-000-fig1a.png,COVID-19
covid-19-caso-70-1-PA.jpg,COVID-19
df56b32e-332d-4edb-aeb0-518f41ee8586.png,normal
3f7c26fc-eff6-49b3-bd18-b3b58dfdf161.png,normal
06b64e36-9e61-4865-bfe4-d96eef86548c.png,pneumonia
37f70057-7e01-4aae-8940-6712bfe34255.png,pneumonia
230cf514-a68f-4a2e-8d76-14756b40d4d7.png,normal
a1dc7fe9-1e55-4956-9f04-f99f624faefb.png,normal
1-s2.0-S0929664620300449-gr2_lrg-d.jpg,COVID-19
post-intubuation-pneumomediastium-and-pneumothorax-background-covid-19-pneumonia-day6-1.jpg,COVID-19
b2bf46fd-5c27-40ef-9f97-a56b9012d31b.png,pneumonia
nejmc2001573_f1b.jpeg,COVID-19
post-intubuation-pneumomediastium-and-pneumothorax-background-covid-19-pneumonia-day6-2.jpg,COVID-19
fe1289af-87c8-49c6-800c-1e87b2296df8.png,pneumonia
46dc08fc-d60c-4578-a7f9-0a827dab7003.png,normal
3a010152-9ce2-4780-bdd8-bac6fa101991.png,pneumonia
b7a29be3-3972-4b09-8b41-04e6bc2d96d8.png,pneumonia
0e91afec-c246-450b-9f10-e07a75ae0086.png,pneumonia
f33f9fff-1560-4ee7-8d8e-35de9bf457f2.png,normal
kjr-21-e24-g003-l-a.jpg,COVID-19
covid-19-pneumonia-evolution-over-a-week-1-day3.jpg,COVID-19
917ea1aa-b1b2-402b-b831-cacf85756279.png,pneumonia
8e7b6b7f-1efc-48ca-89a8-061c17d51a15.png,normal
covid-19-pneumonia-34.png,COVID-19
606eeadf-1ee5-4ca2-96c4-cf3f94318877.png,normal
5da4ae85-379e-4c15-b67b-340296982a10.png,pneumonia
3af08ed2-1f93-4a0f-bfaa-f62ef0548177.png,normal
pneumocystis-pneumonia-12.png,pneumonia
810b8ef8-f65f-4f24-9798-aa13ed4fc828.png,pneumonia
472dac2e-aba2-4119-b9f7-37939e23e0b1.png,pneumonia
pneumococcal-pneumonia-day7.jpg,pneumonia
03b10fa5-e7c3-4726-818f-ecbace9da737.png,normal
76f3084e-fd14-46f8-93b6-04acf7ddfced.png,normal
c2802780-8f5c-4240-8d71-0be1664a8b6f.png,pneumonia
covid-19-pneumonia-24-day12.jpg,COVID-19
covid-19-pneumonia-35-1.jpg,COVID-19
8c98c399-dc7d-4466-a9b4-fe017b51016e.png,normal
0bb7b8e1-ffb4-4c6f-81aa-639e1d138a7f.png,normal
3485bc68-5c84-479c-8ec6-17fa1b6d7a2c.png,pneumonia
8c2b6caa-41cd-45c0-95f0-de71c3e9186b.png,normal
3690bde1-7419-46a5-baa2-14b88feed1ea.png,pneumonia
covid-19-pneumonia-30-PA.jpg,COVID-19
a6d7b6da-d474-4195-8270-08fdfd6e8a20.png,pneumonia
8aaeb451-26b5-4192-9a82-1d7eded2e363.png,pneumonia
55e46a4b-c9ac-4e93-b502-42b0ba128ea1.png,normal
56b0ffc8-80e7-4927-9bec-5e843cb48358.png,normal
covid-19-pneumonia-evolution-over-a-week-1-day0-PA.jpg,COVID-19
09236f60-57e0-48b3-aede-a885f4dfe1b1.png,normal
90de382f-ab3f-4d2a-a4c8-ef4085287976.png,normal
9cc6707b-0793-492b-b59a-ededa08fb144.png,pneumonia
7f706ab7-2868-45b8-aa63-f5dfa59d37d8.png,normal
cavitating-pneumonia-4-day0-PA.jpg,pneumonia
65902ad5-4a64-4307-b87a-6eeae470d22b.png,normal
401afe9b-4c20-41cc-b52d-21995c71e872.png,pneumonia
6432e2ca-b521-45aa-b9ef-25761c518abf.png,normal
pneumococcal-pneumonia-day0.jpg,pneumonia
702dd374-879d-4b8e-ad5b-7729f16a9ae2.png,pneumonia
SARS-10.1148rg.242035193-g04mr34g09b-Fig9b-day19.jpeg,pneumonia
covid-19-pneumonia-23-day1.jpg,COVID-19
73f6d76b-c5a2-4493-b39a-7ab830178f72.png,normal
SARS-10.1148rg.242035193-g04mr34g0-Fig8a-day0.jpeg,pneumonia
d17ca8da-8023-49d5-9670-141910334809.png,normal
figure1-5e73d7ae897e27ff066a30cb-98.jpeg,COVID-19
69810cef-52dc-4ce8-8b49-f7e9a271f0bf.png,normal
pneumocystis-jirovecii-pneumonia-3-2.jpg,pneumonia
414e4ca5-583d-4518-9e9a-de70d68dc8af.png,pneumonia
1.CXRCTThoraximagesofCOVID-19fromSingapore.pdf-003-fig4b.png,COVID-19
gr1_lrg-a.jpg,COVID-19
1.CXRCTThoraximagesofCOVID-19fromSingapore.pdf-001-fig2b.png,COVID-19
1a42aa5f-54c6-4ada-b381-cdf65cfc69b1.png,pneumonia
74d04109-2cd0-497f-a3d3-b04fcbd34b10.png,pneumonia
7860706e-b07d-4c69-b17c-03ca4f8e8a95.png,pneumonia
fa596a49-d322-4bc9-9573-cac9926e11da.png,normal
061b44ff-fd22-473d-853f-81da70e14a63.png,pneumonia
05fe70c1-4cc1-42fb-9303-083fd29dac0f.png,pneumonia
c90a1623-b7a2-443b-a20c-a3915df8dac2.png,normal
a01dc83f-bd19-454b-a317-007a2730852a.png,pneumonia
59c74e8a-eefe-4f92-85b1-87f0d1bd34ae.png,normal
f6c2c26b-7d88-4709-a874-e85c65358c3f.png,pneumonia
covid-19-pneumonia-23-day9.jpg,COVID-19
7213e146-4efd-40e6-ab88-a9e7a9c8c25c.png,normal
7a861a10-950e-451e-8704-36881b90a51b.png,normal
a95a4817-482e-48bd-96bf-c661573e7032.png,pneumonia
3f8d726c-6c25-44dd-b9ea-e7138d6ca20f.png,pneumonia
0cbc601f-91f0-4f86-b780-ffeac24471c7.png,pneumonia
fb8167ad-76f8-4f75-a422-90304c82f9d7.png,pneumonia
ab9faaf2-1f9c-49fd-9148-1ae56b695fae.png,pneumonia
0afeabf5-d5a3-454f-a50d-887f0d21106c.png,pneumonia
4e43e48d52c9e2d4c6c1fb9bc1544f_jumbo.jpeg,COVID-19
8a38f81b-8ab1-4ea6-906c-5d803833ffdb.png,normal
1-s2.0-S1684118220300682-main.pdf-002-a1.png,COVID-19
23e9b940-daea-4092-a2c5-6c92bb615e25.png,normal
b07fc720-9696-4dbb-af78-013c1464b916.png,pneumonia
d6a0529a-5bce-45cb-a358-6cc404676177.png,normal
1.CXRCTThoraximagesofCOVID-19fromSingapore.pdf-003-fig4a.png,COVID-19
X-ray_of_cyst_in_pneumocystis_pneumonia_1.jpg,pneumonia
SARS-10.1148rg.242035193-g04mr34g09a-Fig9a-day17.jpeg,pneumonia
216ef465-167c-495f-b1ad-8218b65338ea.png,pneumonia
3e5a1e34-1feb-4021-9eb1-afdf382dc05d.png,normal
d6195cb9-e8c5-488a-b406-a43e2ec44af8.png,pneumonia
nejmoa2001191_f5-PA.jpeg,COVID-19
e87969b7-a21f-42d4-9a22-dc519898d2a3.png,normal
8FDE8DBA-CFBD-4B4C-B1A4-6F36A93B7E87.jpeg,COVID-19
650afcc7-26bd-4f83-b9f4-e0219d836c52.png,normal
b3ff1c40-552b-44f9-9cc9-4362905f5eef.png,pneumonia
figure1-5e7c1b8d98c29ab001275405-98-later.jpeg,COVID-19
ryct.2020200034.fig2.jpeg,COVID-19
pneumococcal-pneumonia-day35.jpg,pneumonia
f69af194-65fb-412b-8004-9b6a643b1c39.png,normal
65dc4d7e-6ac1-4e6b-8604-287aaf7cb1e5.png,normal
ee52c757-3e8e-4e65-9818-52ad4c00622a.png,pneumonia
auntminnie-b-2020_01_28_23_51_6665_2020_01_28_Vietnam_coronavirus.jpeg,COVID-19
0be1f228-74f9-49f2-836e-e3caa49c9fcb.png,normal
3f8e8216-fd48-4f9e-909a-bd0cd15b752b.png,normal
a5ba9ccc-0872-4681-aefa-9e15fb51177e.png,normal
60c7d6a1-9aad-452f-9789-918056b955ad.png,normal
19c705ea-6af7-48f2-a2e7-f500ef840280.png,pneumonia
613217ca-45ba-437c-97ad-0d30025ded6c.png,normal
d5c0eb30-b101-4bcc-a8c0-f08675b45efa.png,normal
793afb6f-89d5-4148-8342-819c2e559a82.png,normal
pneumocystis-pneumonia-8.jpg,pneumonia
e2027ec6-9e87-4384-a8c3-f54bb7d00d81.png,normal
pneumocystis-jiroveci-pneumonia-4-L.png,pneumonia
b1046f7e-c90f-4043-a678-087754decbd9.png,pneumonia
9b16af6c-5f7d-4550-a641-e41460c820c8.png,pneumonia
a3bcdd23-510f-4f18-876e-69bc9cf62ada.png,pneumonia
bc34f68f-0c2b-4e9e-be5e-377f531a1207.png,pneumonia
cf0f4eb7-c01f-4e8b-9dc2-8a95df37b8de.png,normal
covid-19-pneumonia-53.jpg,COVID-19
streptococcus-pneumoniae-pneumonia-1.jpg,pneumonia
kjr-21-e24-g001-l-a.jpg,COVID-19
27fa7496-e222-4016-8d1a-5a8dd4db52ed.png,pneumonia
8cb08a13-17cf-4101-89c7-3ceebd0cad0d.png,normal
ec55e4ab-ecdd-4265-a5fa-d84ee0af1e0d.png,pneumonia
6b44464d-73a7-4cf3-bbb6-ffe7168300e3.annot.original.jpeg,COVID-19
a1870588-5aa1-4a1e-92cc-62383776659f.png,normal
b4084bd0-e84e-438b-8daa-65fc081fb54a.png,normal
39EE8E69-5801-48DE-B6E3-BE7D1BCF3092.jpeg,COVID-19
c6013f00-4b64-4b06-8d88-9a378df9585f.png,normal
e2cb1c89-244e-407f-9798-9a9670616850.png,pneumonia
SARS-10.1148rg.242035193-g04mr34g07a-Fig7a-day5.jpeg,pneumonia
95ea8862-87be-4353-b341-2aa1fee16451.png,pneumonia
9f08094e-9855-45c7-ac2b-1375e23f6b2f.png,normal
36f775ee-d044-43a3-bbe5-000ed7b498b8.png,pneumonia
all14238-fig-0001-m-b.jpg,COVID-19
B2D20576-00B7-4519-A415-72DE29C90C34.jpeg,COVID-19
9681620c-bb96-4a93-b0c8-2e10912e88ee.png,normal
e94778df-a0c6-4d2c-93b0-7187fdeafe28.png,normal
pneumocystis-jiroveci-pneumonia-4-PA.png,pneumonia
nejmoa2001191_f1-PA.jpeg,COVID-19
80446565-E090-4187-A031-9D3CEAA586C8.jpeg,COVID-19
695fc74e-72d0-4bcf-a9a9-a75e99fb7306.png,pneumonia
kjr-21-e25-g001-l-a.jpg,COVID-19
9ded4d8b-5e88-4470-bb20-1d55d76d6658.png,pneumonia
61d1d633-b916-4c45-bdd4-cbd800153f00.png,pneumonia
covid-19-pneumonia-43-day2.jpeg,COVID-19
covid-19-rapidly-progressive-acute-respiratory-distress-syndrome-ards-day-1.jpg,COVID-19
auntminnie-d-2020_01_28_23_51_6665_2020_01_28_Vietnam_coronavirus.jpeg,COVID-19
56130832-8cb2-4c91-a98e-a40b1f1d1dd2.png,normal
b178a56d-0194-4475-af25-4caa97eedd38.png,normal
0f68958e-1720-4511-a9c2-b1d217d92243.png,normal
nejmc2001573_f1a.jpeg,COVID-19
ryct.2020200028.fig1a.jpeg,COVID-19
82fe1495-d984-4693-9220-1a3eb1a03ccb.png,normal
covid-19-pneumonia-24-day7.jpg,COVID-19
15508c0e-a6bd-4d3a-9be2-76466b9f7eb1.png,pneumonia
b7e7c35c-3253-42d6-807c-7ad291074368.png,normal
RX-torace-a-letto-del-paziente-in-unica-proiezione-AP-1-1.jpeg,COVID-19
d78984e0-5c30-45be-a11f-75a31f7898c1.png,normal
0fcd1318-e6ae-4d14-b466-769128285665.png,pneumonia
44c8b746-13a7-4245-a82a-b61d8b5ba562.png,normal
8359edc2-7296-4807-91f2-97b6fa47bc7b.png,pneumonia
df343532-8c6f-4c0a-ba01-8856cc0e9488.png,normal
5f65bee6-5413-4c82-9f73-415793e1bef4.png,pneumonia
lancet-case2a.jpg,COVID-19
covid-19-pneumonia-14-PA.png,COVID-19
9039dfee-f9b1-45ee-a487-ab6a51d7cfe0.png,pneumonia
7D2CF6CE-F529-4470-8356-D33FFAF98600.jpeg,COVID-19
8a61a6c6-b600-4eb4-9bec-ea32804c03b2.png,pneumonia
89fe1bc2-7a5c-468f-8202-fef9fd13eba7.png,pneumonia
E1724330-1866-4581-8CD8-CEC9B8AFEDDE.jpeg,COVID-19
c31cd61a-4c6c-4924-9ce6-99e5883b7265.png,normal
covid-19-pneumonia-20.jpg,COVID-19
a108c5e8-49d7-4ec4-ac83-a5cb0442e536.png,pneumonia
3198c328-990e-452c-81d3-4b149f54421a.png,pneumonia
b781a0a9-6e35-485e-9548-66c55bcc9c8a.png,normal
covid-19-pneumonia-24-day6.jpg,COVID-19
42e70b52-5f58-4106-be26-f49b4bcbc4d0.png,normal
56af1d91-fca6-461a-991b-e153acb22f3f.png,normal
covid-19-pneumonia-rapidly-progressive-admission.jpg,COVID-19
16dbf9f0-5361-48b3-9371-0ba2707ccf27.png,normal
382db3e8-f756-48c5-8def-e0630634a680.png,pneumonia
SARS-10.1148rg.242035193-g04mr34g0-Fig8c-day10.jpeg,pneumonia
58cb9263f16e94305c730685358e4e_jumbo.jpeg,COVID-19
68fce9ea-3122-49bd-8968-85e8f9315c83.png,pneumonia
all14238-fig-0001-m-c.jpg,COVID-19
52116588-449a-47a6-85fb-3672c149d7f0.png,pneumonia
1-s2.0-S1684118220300682-main.pdf-003-b2.png,COVID-19
5ed4c033-fbe4-42e3-a9f5-6693be3fb2f0.png,normal
8f42b765-bbd8-444c-9915-f4e967a3f90b.png,normal
56b0cf24-93a5-480f-b295-ec9c6e0ceb3b.png,normal
nejmoa2001191_f4.jpeg,COVID-19
SARS-10.1148rg.242035193-g04mr34g04b-Fig4b-day12.jpeg,pneumonia
pneumocystis-pneumonia-1.jpg,pneumonia
jkms-35-e79-g001-l-c.jpg,COVID-19
covid-19-pneumonia-rapidly-progressive-3-days.jpg,COVID-19
b9a014f0-6ab0-449a-be4d-1911473dde10.png,pneumonia
a923f888-3ff4-4f82-92df-e71d6223c4b6.png,normal
651be07e-374b-49b9-b062-be338b0db63c.png,normal
2966893D-5DDF-4B68-9E2B-4979D5956C8E.jpeg,COVID-19
covid-19-rapidly-progressive-acute-respiratory-distress-syndrome-ards-admission.jpg,COVID-19
6c499ba1-df4c-4b47-b81e-34ded09a9dc4.png,pneumonia
covid-19-pneumonia-8.jpg,COVID-19
334228b8-383d-4d22-9fbc-031279cbdda4.png,normal
a44d7678-cd73-4462-8c4a-6a3059208132.png,normal
607de530-cda7-4df4-9e06-9b5f1b20ad44.png,normal
06f5a38a-e4b1-4e5f-8c62-f48630a52504.png,pneumonia
c9a95d7f-8a6f-49c5-88d3-8a1cfaaf51a4.png,pneumonia
pneumonia-7.jpg,pneumonia
315f5455-13e6-49bf-9531-1f747d4b18d1.png,normal
34b11240-350d-4383-a5bb-169bccf1e760.png,pneumonia
fe5ef7f7-d542-43b9-9b8d-9bd534294a31.png,normal
feaf9f54-74da-400e-85aa-35db240cf11c.png,normal
7E335538-2F86-424E-A0AB-6397783A38D0.jpeg,COVID-19
88655da0-c331-4400-aedc-de357b57b35b.png,pneumonia
112bbb1f-9e2a-4421-b276-39868ef35904.png,pneumonia
pneumocystis-jiroveci-pneumonia-2.png,pneumonia
585ab95c-c557-4d6e-bc5b-08732a74b259.png,normal
93FE0BB1-022D-4F24-9727-987A07975FFB.jpeg,COVID-19
pneumocystis-carinii-pneumonia-1-PA.jpg,pneumonia
6bf2fed4-9988-4a06-8cfe-c10ff4576fb1.png,normal
1-s2.0-S1684118220300682-main.pdf-002-a2.png,COVID-19
5aef8439-6fc5-45c0-9e52-1524f62a69f2.png,normal
87cf06e2-8bda-47a4-b406-38766408a9c6.png,normal
9bb53972-9fe8-40ff-b241-1603ba269df6.png,normal
6838d485-1670-4082-a4a0-4b111de8d069.png,normal
fd060e38-c89d-4bef-b9aa-427a97a1cf9a.png,normal
d313d0f0-3d08-4bde-b0ba-b1eb09c03fea.png,normal
pneumocystis-pneumonia-2-PA.png,pneumonia
1.CXRCTThoraximagesofCOVID-19fromSingapore.pdf-000-fig1b.png,COVID-19
c1628c47-5ba3-42dd-8df3-7ad3abd57ad0.png,pneumonia
covid-19-pneumonia-44-day-8.jpeg,COVID-19
bfb26523-d1cf-4876-8ca7-23f7050a6f76.png,pneumonia
ace01ccc-dbc9-4d12-b6c4-6ca3dcafe11e.png,normal
nCoV-radiol.2020200269.fig1-day7.jpeg,COVID-19
covid-19-pneumonia-15-PA.jpg,COVID-19
ac5efe45-973e-4389-9df8-a1ce33bacdb0.png,normal
SARS-10.1148rg.242035193-g04mr34g09c-Fig9c-day27.jpeg,pneumonia
6df82c7a-a91e-487c-ae3a-9022b17d7c7a.png,pneumonia
699aa162-5dfe-487a-a8e5-5ca7fa3efa20.png,pneumonia
a4a3fd3c-331e-43d8-8e21-1d9162d34424.png,normal
88d42227-98c0-4f9c-9700-c89ebe83490f.png,normal
24dba8ea-22b9-4a3c-84ce-6bafeab8e6d1.png,pneumonia
7c3b333b-e807-42ff-9cde-46b763ff1e7f.png,normal
7a3c6629-9290-4e24-84b2-fd2f8cba17e3.png,normal
08dc2e8b-754a-47ad-97e2-efe6e14fd732.png,normal
7089e4a3-2938-4e40-ae57-36e72e8a92c6.png,normal
57a3b6a4-4b5d-4436-b526-275ba2586b46.png,pneumonia
gr1_lrg-b.jpg,COVID-19
abdd57b2-8bbc-409a-853f-885215db8c6c.png,pneumonia
9ea08731-6f48-4775-8c98-19a2029fcf73.png,normal
ryct.2020200034.fig5-day4.jpeg,COVID-19
c848c8e3-50ac-4185-8317-e8baecaabc0e.png,normal
SARS-10.1148rg.242035193-g04mr34g0-Fig8b-day5.jpeg,pneumonia
b3332044-d191-4d1d-8cca-b11c30c79fa8.png,pneumonia
b400bc01-266d-4c5e-9682-b462a855ba26.png,normal
jkms-35-e79-g001-l-a.jpg,COVID-19
covid-19-pneumonia-49-day8.jpg,COVID-19
96f6e753-c609-440a-9c94-fa65d47b38d7.png,pneumonia
SARS-10.1148rg.242035193-g04mr34g07b-Fig7b-day12.jpeg,pneumonia
3156adea-d1f0-4a8e-9dfd-fc1d9bf5fc1f.png,pneumonia
95cec46a-de49-4af2-95a5-efa8040319a8.png,normal
1-s2.0-S0929664620300449-gr2_lrg-c.jpg,COVID-19
covid-19-rapidly-progressive-acute-respiratory-distress-syndrome-ards-day-2.jpg,COVID-19
c236f38d-10dd-4f33-bbe9-c849c297806f.png,pneumonia
3ab2b142-2200-4223-801f-01f64ef23d36.png,normal
386c97c8-8f01-4b09-ac21-80b9d83b17c1.png,normal
617d8a06-9de7-4b9e-b7c8-a9c234a44602.png,pneumonia
bc13bee6-5b18-46e5-b0cd-ba5ac0f1790a.png,pneumonia
9708b405-8887-4824-b354-f7c245eedfc3.png,pneumonia
6585a8f4-0489-4818-8188-f11256ff98aa.png,normal
3f34c48c-80e6-4a04-9351-6ad809760b70.png,pneumonia
covid-19-pneumonia-44-day-0.jpeg,COVID-19
f12d3c41-3520-4a45-8563-e9040089677f.png,pneumonia
91fc2006-9134-46f4-819d-24893059183d.png,pneumonia
4bffacc2-e2b5-41b8-a5c3-804b8466bb47.png,pneumonia
radiol.2020201160.fig3d.jpeg,COVID-19
0a8db596-9ef7-4b6c-a5db-7bb6029d0b9d.png,normal
right-upper-lobe-pneumonia-9-PA.jpg,pneumonia
8bf81cf9-7a6d-4246-bddf-9b5e5bcf8ba7.png,normal
b1026ffe-0240-4b32-ae61-e47a0352399f.png,pneumonia
af9d342a-518e-47be-99a3-b2138960db46.png,normal
09326eb7-f4cb-4d8f-83c6-8ba7fb8b5ac7.png,pneumonia
5bd07c9a-3670-4a4e-b5be-edc6d8a3a127.png,normal
474a76de-9199-45d0-86a5-a49b815b7372.png,normal
8a035cce-8090-4ded-a2d2-a2bbacd88cae.png,pneumonia
4e38d9d2-617a-4615-bdc1-dd0575e6586a.png,normal
5fc4c038-98f2-485c-b86f-63508d589cab.png,normal
cavitating-pneumonia-4-day28-PA.png,pneumonia
5c9343f2-083e-47e8-8ae9-4333c5e5c9f2.png,normal
cf66c8ce-d79a-42c2-b9b3-31f279bcf1bc.png,normal
57835e6c-04e7-4e8f-9570-da0a6bef6b31.png,pneumonia
figure1-5e7c1b8d98c29ab001275405-98.jpeg,COVID-19
d00de1f7-b96a-4d00-8e22-bc0a6ac67d44.png,pneumonia
fd301529-5fda-4251-b01d-b879cdc0bbe5.png,pneumonia
7c1a130b-a944-431a-a2b1-735483a46c12.png,pneumonia
4c30114d-2e03-43b7-9bc2-48ce5e8851ab.png,normal
1551a600-9f33-4837-b932-7514feac3789.png,pneumonia
841e62e2-9f17-4622-9c8d-17aa639e7c75.png,normal
9f074665-e9df-4248-9114-5cb80522f175.png,normal
7C69C012-7479-493F-8722-ABC29C60A2DD.jpeg,COVID-19
post-intubuation-pneumomediastium-and-pneumothorax-background-covid-19-pneumonia-day1.jpg,COVID-19
covid-19-pneumonia-evolution-over-a-week-1-day6.jpg,COVID-19
625628c5-4c56-49a7-b2c7-b3445ac714fb.png,normal
91d66175-55d7-4a72-ac9f-e07604dde06a.png,normal
7013a598-e32c-45c8-ae47-e75dfeffd918.png,normal
b1066280-4520-4377-ac12-b466c84828ed.png,normal
ryct.2020003.fig2-c.png,COVID-19
fa1294ec-d2af-4945-b9cb-62cc2d6ee6de.png,normal
9f2cf186-cae2-4b29-8312-d20cd1df7d25.png,pneumonia
582137b4-6d8f-4933-b461-2cb08a7187c6.png,normal
462ccf28-7555-44f0-8d76-176de69d4c06.png,normal
5638cc31-f018-4701-a668-b98eac35a0b8.png,normal
ryct.2020200034.fig5-day7.jpeg,COVID-19
nejmoa2001191_f3-PA.jpeg,COVID-19
6f0797fa-820f-489f-b7d5-75231b307bf7.png,pneumonia
83f4781d-6f1b-476b-9916-d23ec415d928.png,pneumonia
3a7cb9dd-169c-467e-a5f7-c179a6459d80.png,pneumonia
8540e870-c8f7-494d-a779-a5fba52040b3.png,pneumonia
covid-19-pneumonia-19.jpg,COVID-19
3650da72-90f2-44d9-aca0-4670fe5884fc.png,normal
e6214801-41ee-45d3-852e-18541823c2ee.png,normal
ea3347c3-e4eb-4c00-927b-176ddd296f72.png,normal
aad7d17d-6d51-4eec-acd7-518e19b5f1cd.png,normal
1586d88a-b10a-44ba-9584-f838ef1de02c.png,normal
883ba5e3-307a-46ee-9bb4-674c33c0f182.png,pneumonia
covid-19-pneumonia-22-day1-pa.png,COVID-19
1accb591-63ca-462d-8bd8-83be3cb91df2.png,pneumonia
pneumocystis-jirovecii-pneumonia-3-3.jpg,pneumonia
a60ea99b-fcba-4bf6-9ffe-c5f700e50792.png,pneumonia
b7f61871-5e78-4b27-bcc8-7c452c4c746a.png,pneumonia
a209125f-a2d6-4adf-bb98-5ee5767cb887.png,normal
cde0bf0f-e8b5-43e6-8580-ce1099686e45.png,normal
03BF7561-A9BA-4C3C-B8A0-D3E585F73F3C.jpeg,COVID-19
1-s2.0-S1684118220300608-main.pdf-002.jpg,COVID-19
c5de782f-a7b9-4686-bb8d-2d35ba96362b.png,normal
b18b104d-6a96-4402-9e0f-64ca63b4f1ec.png,pneumonia
af9788f6-93e8-4460-aadd-5074c5b3b7fa.png,pneumonia
31BA3780-2323-493F-8AED-62081B9C383B.jpeg,COVID-19
f56a56a5-e176-4cdb-843c-dffd1ebfca55.png,normal
e37f89d4-3cdd-41af-8a07-3238b93230ce.png,pneumonia
cc77d05d-ebcd-44a4-b1b9-ccd9f0bc9030.png,normal
8dd0e96e-89d8-4461-93d2-73c3e2373694.png,normal
6129c27a-0271-4480-ba7c-4b302c022861.png,normal
ea638979-a6d0-4f57-872e-8d97586d1eb5.png,normal
e862c6c9-71fd-45cf-b589-7714124d7462.png,normal
3bba8ae0-61b8-4682-8b16-2e08078878b9.png,pneumonia
dd1c3cab-8b7a-4922-95d4-ddfd2c686d15.png,pneumonia
aa542085-6557-457e-b897-43591ce22108.png,pneumonia
79137c4d-9ec7-458e-872c-918afe670912.png,normal
c04866bb-85d2-4186-8c48-3ce46dcfa80c.png,normal
4f843afa-f88f-4a85-8365-87ab781fae79.png,normal
F2DE909F-E19C-4900-92F5-8F435B031AC6.jpeg,COVID-19
8062dc3e-fc3c-4e7e-b418-96c59942426d.png,pneumonia
ciaa199.pdf-001-b.png,COVID-19
20f6d471-e33c-4f09-bdcc-2fe9de41cb41.png,normal
a5a2a588-42be-4a12-bad2-80e8a71f80ff.png,normal
53e21159-fc48-450d-9377-c3dc4463a28e.png,normal
D7AF463C-2369-492D-908D-BE1911CCD74C.jpeg,COVID-19
b47a751f-a3d5-4c63-a738-ca2b7761c58a.png,pneumonia
53EC07C9-5CC6-4BE4-9B6F-D7B0D72AAA7E.jpeg,COVID-19
b852140e-62d4-4ddb-b344-bc694bf9f167.png,pneumonia
wong-0005.jpg,pneumonia
f4113fee-b7a0-472c-8f68-24e999fbf73a.png,pneumonia
1bd9de29-597c-4cba-8581-83355af4c667.png,normal
b5017804-ddc0-44fa-8d64-15628c25e031.png,pneumonia
d0370ad5-e503-4826-be45-b710ffc5066f.png,pneumonia
4e31aec9-ea07-47c2-8712-678976de22af.png,pneumonia
aa78c204-135e-4605-8310-7202c41e08cc.png,pneumonia
9d411b75-80d4-4888-a002-f3db414a13cf.png,normal
ff28b84f-2f94-4614-893d-08300c32ac88.png,normal
ff47d677-c81f-4847-900b-a2cb12e06c3b.png,normal
figure1-5e75d0940b71e1b702629659-98-right.jpeg,COVID-19
4e4c8f09-6600-4198-bb73-cbb46a32f771.png,normal
91e1a785-38cf-426d-a735-91c019aa2c09.png,normal
6c916756-059c-4001-bb3a-8c1ac7c9a062.png,normal
54cbe63c-5c44-4d55-ae01-0096c805dda1.png,normal
c3e28b77-4477-4e36-89a7-ec0713349d4b.png,pneumonia
bb1e0002-241f-4b8d-83f9-dc3954dc3cd7.png,pneumonia
8bc63e87-a51f-445e-a7a3-91014a85b985.png,pneumonia
8e9f4bf8-b008-4ee5-9b48-e5bbbd06125e.png,normal
c0760d93-760c-4be7-afca-5e9914e6f8f1.png,normal
0428e86e-a279-4bdf-9b73-c9eead06a4e7.png,pneumonia
1d0386e4-e101-4f48-a7cb-d4d763316d47.png,normal
66e24a72-93f7-4eb9-8061-fea04f27802b.png,normal
572d6aad-14be-4637-a027-4c1924c17bf8.png,normal
c040934b-746c-4dc5-946d-d1b2832cf778.png,pneumonia
kjr-21-e24-g002-l-a.jpg,COVID-19
aa720b92-39d2-4db4-a6c1-318840cb973b.png,pneumonia
27b32500-40ef-4c14-ab88-ace5e9ceea27.png,pneumonia
3df8778b-822d-4cae-8f94-9fe156c601b7.png,pneumonia
cd0ae273-2dc6-4093-975c-b33e8982e441.png,pneumonia
3d384875-3304-44de-8b8b-40a131a722ce.png,pneumonia
jkms-35-e79-g001-l-b.jpg,COVID-19
6e79d058-f131-42b2-8968-0a4665d71be5.png,pneumonia
radiol.2020201160.fig2b.jpeg,COVID-19
all14238-fig-0002-m-d.jpg,COVID-19
c3ce9cfc-2c8c-4a24-a966-1f79ad820fe0.png,normal
9C34AF49-E589-44D5-92D3-168B3B04E4A6.jpeg,COVID-19
788cbb61-6cd8-48b0-9078-a81ab73f80b7.png,normal
a2990f44-8592-4427-b704-b19565a0bedd.png,pneumonia
aceadc8e-a025-4184-af7c-20325cb516a3.png,pneumonia
df7d2eeb-7bca-4501-b435-13ae3bd80a50.png,normal
8a598b45-731f-4005-b5ba-3f09f2701dff.png,pneumonia
48872981-dc8e-4485-9e18-a104987994f0.png,normal
3df3ed06-02ba-49b0-9c46-d146e71cad5d.png,pneumonia
f7250628-0db8-4baa-adbf-fd694cbd3b7d.png,pneumonia
bde1918b-f7d4-4d49-bd15-c68039ff938a.png,normal
SARS-10.1148rg.242035193-g04mr34g04a-Fig4a-day7.jpeg,pneumonia
47d188c2-6a54-4548-975e-85a63643b08b.png,normal
f669b477-d922-45cd-9e15-2e560c8a065e.png,normal
af051401-ddb1-4ef7-be58-4927387ddf51.png,pneumonia
1-s2.0-S1684118220300608-main.pdf-001.jpg,COVID-19
1a4326c3-303c-4140-8747-ae962f87a981.png,normal
ba8d3130-4063-4339-bbfa-474259060f5b.png,pneumonia
covid-19-infection-exclusive-gastrointestinal-symptoms-l.png,COVID-19
covid-19-infection-exclusive-gastrointestinal-symptoms-pa.png,COVID-19
9fdd3c3032296fd04d2cad5d9070d4_jumbo.jpeg,COVID-19
ac6c0c0b-61bc-4bc1-b624-be8232028554.png,normal
radiol.2020200490.fig3.jpeg,COVID-19
covid-19-rapidly-progressive-acute-respiratory-distress-syndrome-ards-day-3.jpg,COVID-19
791a687e-c45e-4772-bdd4-0a9d6301d994.png,normal
b3312d57-2626-4c6b-a569-5c29e12cced5.png,normal
b7f5ecee-6ab8-4dab-a4b7-fefee43cd079.png,pneumonia
356b74cb-83dc-4785-b2cb-c55e6cd417bb.png,normal
figure1-5e71be566aa8714a04de3386-98-left.jpeg,COVID-19
8ae596ed-a849-4e0d-acf0-5173e0df0d33.png,pneumonia
wong-0000.jpg,pneumonia
8788cea6-effd-4a43-9004-19a7cb1207f4.png,normal
933c4c0b-c2f4-4799-86b6-81054b7645ec.png,normal
925b38e7-1c45-41a7-a2ca-f09d5a547341.png,normal
1328013e-dca0-497b-9523-072bc6b23e17.png,pneumonia
ciaa199.pdf-001-c.png,COVID-19
pneumocystis-jirovecii-pneumonia-2.jpg,pneumonia
covid-19-pneumonia-28.png,COVID-19
covid-19-pneumonia-rapidly-progressive-12-hours.jpg,COVID-19
41031005-492c-4ffb-a230-28e9bea97dbf.png,normal
446B2CB6-B572-40AB-B01F-1910CA07086A.jpeg,COVID-19
covid-19-pneumonia-23-day3.jpg,COVID-19
8f8feef4-b211-4d70-83eb-cef152569c34.png,pneumonia
aa8377bb-0c43-4c48-b185-bf96cc5c6537.png,normal
ryct.2020200034.fig5-day0.jpeg,COVID-19
6C94A287-C059-46A0-8600-AFB95F4727B7.jpeg,COVID-19
28fd01f3-ea55-450e-934c-df01b11cfbc9.png,pneumonia
cad0b2fe-499b-4c39-aa98-6fa9c558643c.png,normal
1bed6235-89c8-4cfc-b4d2-36731836830d.png,normal
cd0034ee-baf0-4d66-b032-65091682dde2.png,normal
post-intubuation-pneumomediastium-and-pneumothorax-background-covid-19-pneumonia-day7.jpg,COVID-19
73c83dfb-5e65-4dd5-a5e1-58372c922259.png,normal
b28024d4-4281-4d77-ac09-e4e07dedb611.png,normal
7c417c53-35e8-47ec-9bd1-8eb4ac0699b0.png,normal
radiol.2020200274.fig3d.png,COVID-19
covid-19-caso-70-2-APS.jpg,COVID-19
covid-19-pneumonia-41-day-2.jpg,COVID-19
3f432d6b-e0a2-4b46-ad7f-e42f713814ee.png,pneumonia
a1117fae-52ac-4367-a7b9-f1ecf3991ac6.png,normal
a069b05e-0957-454f-af9b-8daa65d406d1.png,pneumonia
parapneumonic-effusion-1-PA.png,pneumonia
8a2f2a7e-6692-4009-bd45-3cc1fc2da91a.png,normal
27775937-404e-4e1a-bef0-af5d63fc0b3b.png,pneumonia
ade25361-0d04-40ee-8ab4-781003414307.png,normal
covid-19-pneumonia-35-2.jpg,COVID-19
ac29e848-bceb-4233-8a07-14778f17d575.png,pneumonia
6da17ab4-024f-4498-9f3a-4da5f1f7f09a.png,normal
54f4e2eb-e4f8-4c61-9be7-73cdb4492fbc.png,normal
covid-19-pneumonia-38-pa.jpg,COVID-19
f90f1f2f-7ae1-4260-8774-fed4be51bc9e.png,normal
17f0a95f-5460-4c36-951b-6f9c8834b951.png,pneumonia
35412b65-c05b-4b5d-b97c-e4c7b6e8211d.png,normal
fab52177-1e88-4f19-adbf-8af72570ee48.png,normal
7c03094e-dc12-418a-bab2-568dcf183af7.png,normal
covid-19-pneumonia-41-day-0.jpg,COVID-19
00704310-78a8-4b38-8475-49f4573b2dbb.png,pneumonia
covid-19-pneumonia-2.jpg,COVID-19
a0d0d3e3-17f8-40f2-ab60-07f91397966e.png,normal
85a40af4-f5e5-4fae-8260-6c6031a73e0b.png,pneumonia
fee0c2fd-5a4d-4636-9d31-39a58ae0c8b8.png,normal
40a9e10b-f872-4c72-a482-7187e2dca6ed.png,normal
7468319a-de5b-4b80-87f4-5cb21ab84429.png,normal
d9757da0-d3ec-4b3c-ad3f-a258b10339ff.png,normal
6846602c-6267-4769-8bb9-1d3695d81482.png,normal
3b592a94-3f3e-453e-aec6-2f329cab457c.png,normal
a7bbb7d4-3dab-4510-81b6-d79020126058.png,pneumonia
01a4059c-22f7-4f51-8a27-50aff0b3aeb3.png,normal
c110aa33-1f24-4834-ba09-1b88f18c6161.png,normal
bdbe12af-d5d6-42e8-b17f-4a9f2c17d500.png,normal
1b4d9ebb-644e-4602-ad36-d83cf7415be6.png,pneumonia
b00f4013-c09b-4067-b9ad-f9a5a5bb99e2.png,pneumonia
336b379f-b679-42cb-9e9b-e2483a4cae2c.png,normal
aa83f3e7-4711-40ec-934a-6ea66add2196.png,normal
90ec4fa0-4405-4fcd-926c-6323158fded2.png,normal
covid-19-pneumonia-7-PA.jpg,COVID-19
41247428-2833-40c1-9fb2-4e1c59d165af.png,normal
08542d41-e606-41df-b08c-9527b531f13f.png,pneumonia
ff3b24b7-a7df-4ee0-a3f8-d213914355c4.png,normal
ac3f6948-11eb-430c-b7eb-3df21e68a3ae.png,pneumonia
e83ec092-c219-46d0-a1fa-a7538c91ac17.png,pneumonia
all14238-fig-0002-m-e.jpg,COVID-19
ba63abc0-5a00-4ebd-9a89-0972ea1cb7d5.png,pneumonia
ciaa199.pdf-001-a.png,COVID-19
92afaac6-0b33-4fa9-9afc-2778f2d53054.png,normal
covid-19-pneumonia-20-pa-on-admission.jpg,COVID-19
4a258020-a61c-49b7-9045-b271786ed1ce.png,normal
7970b714-abe9-44e3-a10a-223c15f24753.png,pneumonia
f5926c42-623f-4a7d-9214-bf9f0964e9fd.png,pneumonia
35dc2301-0e1e-4d37-8926-350cd1be37ca.png,pneumonia
873f4d9b-de57-4129-a83c-0bfc6cdfa313.png,pneumonia
0a62df77-7459-4acc-9cca-a62c2cec4b0f.png,pneumonia
3b81bcea-ee88-4c13-b4f6-2a53161d2b22.png,normal
d47f354b-d29d-48b9-9c54-07c1e981bef4.png,pneumonia
d5dec418-0f74-489f-b696-ce73e6016e40.png,normal
d6ccb839-1988-4113-8233-c7698065a8a1.png,normal
dafc817f-dcd4-41f8-9e0c-9f7ee41d1cf4.png,pneumonia
b20c86c3-84f9-466a-a405-a0cd7207a84e.png,pneumonia
4963aaf3-6e63-4eec-ad4c-1a25ca38fba8.png,normal
covid-19-pneumonia-43-day0.jpeg,COVID-19
e481055e-bebb-4d14-9386-b9075ebc1fe2.png,normal
A7E260CE-8A00-4C5F-A7F5-27336527A981.jpeg,COVID-19
3dc170e0-a18d-4acb-b1d5-204602d3d130.png,normal
a61f13b2-3055-4c31-bcd8-174baec11c46.png,normal
1-s2.0-S0929664620300449-gr2_lrg-b.jpg,COVID-19
47566189-d996-49b4-bec9-1eab390d1649.png,normal
d346540b-05a3-43f3-9d55-858aaa915c22.png,normal
1.CXRCTThoraximagesofCOVID-19fromSingapore.pdf-002-fig3a.png,COVID-19
covid-19-pneumonia-evolution-over-a-week-1-day4.jpg,COVID-19
72888864-3b3e-4320-992c-1611352ce311.png,normal
f16b2e43-66e6-4e8d-9879-63e5f0e36b48.png,pneumonia
2f55c07d-beb7-4b5f-9e9d-18d4fed5ae27.png,pneumonia
17bb233f-6ee9-4645-92ee-b415499f691a.png,pneumonia
699e4f22-4860-407b-a380-61ed56827fa5.png,normal
radiol.2020201160.fig6b.jpeg,COVID-19
bd42c8a5-759f-4633-9559-41bd46e6ccc7.png,pneumonia
610d9b12-14a0-4beb-894a-ce9abc88e294.png,normal
34418371-837a-42d1-89fa-842508cfb742.png,normal
3218b157-1f46-4da3-863f-9b97ae22308f.png,pneumonia
bee78c8a-8a21-49b3-b1d5-93c93ccf300c.png,pneumonia
1-s2.0-S0140673620303706-fx1_lrg.jpg,COVID-19
c0052da2-7dcd-47e9-9300-122801e1617b.png,normal
covid-19-pneumonia-49-day4.jpg,COVID-19
1.CXRCTThoraximagesofCOVID-19fromSingapore.pdf-001-fig2a.png,COVID-19
d0d7dab6-1938-4859-beca-987458d20699.png,pneumonia
64618072-4f84-44db-8582-145fbc9bc868.png,normal
6b2e1586-e6d6-4df6-89ce-06d8f4698cac.png,pneumonia
1F6343EE-AFEC-4B7D-97F5-62797EE18767.jpeg,COVID-19
1-s2.0-S0929664620300449-gr2_lrg-a.jpg,COVID-19
e43c3640-5943-49b8-b63a-900604c25202.png,normal
131caf9c-9b7f-46cb-a18e-d9c331159d6f.png,normal
931aab93-3ca3-4648-a275-0d9cce255d1c.png,normal
1cdba4ee-0bb8-421d-9a24-7febeb399729.png,normal
381bfecb-e26e-4eb5-8c71-3703e4a88606.png,normal
ba5fd613-dca4-4bef-ae08-f1da4ffb13a1.png,pneumonia
bc01023b-a656-4ee6-87fe-90382e7af127.png,pneumonia
3eb19cea-0d5b-4f56-966c-a026c9f4a9ff.png,normal
lancet-case2b.jpg,COVID-19
42b76231-32dc-4ed6-85f0-2ceaac56cc68.png,normal
ca8b395d-7ca0-4dc4-8b56-ff519b4edb89.png,pneumonia
d21e78db-5c06-4927-b177-54c4b33144ca.png,pneumonia
d27decb7-145b-48f8-be9f-4a028619062d.png,normal
077ff78d-27ef-49d4-9e8e-00e458844a3e.png,pneumonia
e5e4f0cf-58ec-4442-a54c-96d5d29d8f0b.png,pneumonia
df8a2385-d66c-46a6-9008-eebd81b0ccec.png,normal
auntminnie-a-2020_01_28_23_51_6665_2020_01_28_Vietnam_coronavirus.jpeg,COVID-19
covid-19-pneumonia-12.jpg,COVID-19
615b878f-b17c-4453-aa71-53638e9981c8.png,normal
acf2dc69-0b5e-4600-a2c4-887c5d37438b.png,normal
5ba8be0b-f11b-47c6-a91c-fe62c0ef516c.png,pneumonia
auntminnie-c-2020_01_28_23_51_6665_2020_01_28_Vietnam_coronavirus.jpeg,COVID-19
9aa7e15e-45ea-4d4f-a5eb-97f021d97499.png,pneumonia
c9e42d59-92ab-4e5f-a0fa-c728193684d4.png,pneumonia
c2c4dd48-9a14-440e-9d97-3433553934ef.png,pneumonia
ryct.2020003.fig2-b.png,COVID-19
640ad2ae-b136-4e47-a86f-9ff3428e5ba4.png,normal
all14238-fig-0002-m-f.jpg,COVID-19
eee3497c-fb69-4a48-96e6-c204b0ee9b84.png,pneumonia
c3d5552f-483e-4ae0-a40c-0ca9ea34bc00.png,pneumonia
2ebf23e9-cac7-4b6b-b77b-7ff6c3903634.png,normal
c85ac161-3f60-4b93-8c2e-b23ed6e02eaf.png,normal
39693e31-b11e-4cd5-a626-2862cb0ede1d.png,pneumonia
434dc670-8986-4ce3-91b7-e9d6e0e97103.png,normal
8bac8adc-1018-4883-bf18-76ed55b644df.png,normal
cebb69a9-f939-4f65-bafe-fb30c51e3fb1.png,normal
6816df4d-583e-43ed-a1c0-9353a4059f7b.png,normal
7d19118f-519e-4cb8-9187-466aa4ec5476.png,normal
bb41d628-5873-469a-9850-574fca494f29.png,normal
FE9F9A5D-2830-46F9-851B-1FF4534959BE.jpeg,COVID-19
f758a20a-506d-4e4e-97d7-54043148fb59.png,normal
c109061a-d815-4cae-8343-9230d8024adf.png,pneumonia
1B734A89-A1BF-49A8-A1D3-66FAFA4FAC5D.jpeg,COVID-19
353889E0-A1E8-4F9E-A0B8-F24F36BCFBFB.jpeg,COVID-19
b38eb728-d36c-457e-a05c-c81a6d28edf8.png,pneumonia
d776ba18-1ce5-4126-8ef4-45b88dcba717.png,normal
6ee36094-a2aa-4c0c-a6ae-94db8bda4cfd.png,normal
7aa4a98a-abff-4b58-b20a-a2c43e5e8379.png,normal
b8999532-31ea-4659-9039-d83a6fab490c.png,pneumonia
0efbd9ef-d4c3-4420-924d-db1ff63200f9.png,normal
2C10A413-AABE-4807-8CCE-6A2025594067.jpeg,COVID-19
65f038e8-a727-472c-bb76-7a71cd4397f2.png,pneumonia
a2ddccd7-9c2b-4d81-9375-928b418da482.png,pneumonia
covid-19-pneumonia-22-day2-pa.png,COVID-19
3f151141-a3bb-47aa-a213-4a90e8c55502.png,pneumonia
