filename,class
c1592aae-c80d-4794-ab28-463905558534.png,normal
6341cfa4-97f6-4c58-ba26-ed7e0972f0e7.png,normal
6966f0a9-201d-4ec6-a077-fe9d77c199eb.png,pneumonia
1.CXRCTThoraximagesofCOVID-19fromSingapore.pdf-002-fig3a.png,COVID-19
d60a469e-7d06-432d-88b5-3ad8f25c3548.png,normal
ba652b03-e12d-4c42-bc2f-8a6865ecd164.png,normal
pneumocystis-jirovecii-pneumonia-3-1.jpg,pneumonia
395cb95f-700c-4a77-89f1-dcbddf957552.png,pneumonia
6a7238bd-db2b-4a24-92a3-e6fc3ab076d7.png,normal
ryct.2020200034.fig5-day0.jpeg,COVID-19
4826f81c-399f-4474-a109-4bc3068b03d4.png,normal
3cc6570b-da03-45d9-9d7e-c66d1524425b.png,normal
79cb22b9-a291-44a2-a1f5-7d51a256e37c.png,normal
ciaa199.pdf-001-c.png,COVID-19
f363306d-1c02-4182-9118-17e28d66d265.png,normal
855d0926-1ae6-403e-a08d-85bd8bae4941.png,pneumonia
baa329d1-6d8d-4067-b865-608869518f3f.png,pneumonia
f1ba6a94-27b8-4537-8a11-6c4dbc3fe428.png,pneumonia
3198c328-990e-452c-81d3-4b149f54421a.png,pneumonia
4668a90c-d352-47d0-a3ac-a54aa8ce053b.png,pneumonia
639a7b70-1b46-42c1-bc8d-05b1861292ef.png,pneumonia
c600753e-3394-4e74-9f7c-6687891aacc4.png,pneumonia
b00308f7-dfd6-423b-a42f-102e634e2fc9.png,normal
covid-19-rapidly-progressive-acute-respiratory-distress-syndrome-ards-day-3.jpg,COVID-19
e52bf7c3-8ee0-493b-9b62-fa99f8aa22c9.png,normal
e881071b-456d-4b69-9bad-2bbfab31d807.png,normal
b2bc0c58-4336-476a-a4a5-56309fb5846c.png,normal
7ccffe13-80b7-46d3-bb2a-2f85875cee86.png,normal
covid-19-infection-exclusive-gastrointestinal-symptoms-pa.png,COVID-19
185968b1-eeb0-450a-8862-8cce9e6ed3ff.png,normal
41591_2020_819_Fig1_HTML.webp-day10.png,COVID-19
79e2b56b-f9b4-4bc8-8c7e-82d1a7cefb26.png,normal
2c43c983-3fb6-4110-87d4-a282af171b69.png,normal
d930583e-0c91-4b5f-9a23-0f71f0349586.png,pneumonia
ciaa199.pdf-001-b.png,COVID-19
7a39e982-e5f1-402c-b9a8-b9ee5f43fb8c.png,normal
d81d7dd3-d0d9-4bc2-8276-c0b6b32b5aa5.png,normal
7509110a-7780-4fe5-a13c-8e1338b7916b.png,normal
nCoV-radiol.2020200269.fig1-day7.jpeg,COVID-19
covid-19-pneumonia-43-day0.jpeg,COVID-19
06bf9151-5732-4968-b198-f4109676cd55.png,pneumonia
c326692a-f2d2-4025-bc10-8b9fc2fde984.png,normal
15bed4e1-1b6d-4224-bfe8-b044725ccd77.png,normal
a4caf4f9-cf55-459b-8f8c-2d8f74722748.png,normal
bc749ca9-15cb-4cad-9e99-06685f803507.png,normal
SARS-10.1148rg.242035193-g04mr34g0-Fig8a-day0.jpeg,pneumonia
8eb094cd-bd84-4453-b6f0-ceead0fffdbf.png,normal
covid-19-pneumonia-12.jpg,COVID-19
7EF28E12-F628-4BEC-A8C5-E6277C2E4F60.png,COVID-19
7E335538-2F86-424E-A0AB-6397783A38D0.jpeg,COVID-19
ece78603-3d21-4940-b651-88130093645b.png,pneumonia
aa83f3e7-4711-40ec-934a-6ea66add2196.png,normal
9683c5bf-fd40-4716-b7a2-1927b1f13319.png,pneumonia
c2d24770-1698-4506-83d1-94e5ca8dbfc8.png,pneumonia
f144c677-5c2f-48a3-bcd9-158f87e71af0.png,normal
covid-19-pneumonia-evolution-over-a-week-1-day4.jpg,COVID-19
all14238-fig-0001-m-b.jpg,COVID-19
ryct.2020200034.fig5-day7.jpeg,COVID-19
62085d82-9754-475d-942c-5ed62ba711f9.png,normal
93b78406-31f3-4cd2-a7be-843fe55b9ce7.png,normal
e49d1683-b3d9-4a75-9b30-779201943f1a.png,pneumonia
1acc13bc-a199-49bf-8360-c20314fd85fd.png,pneumonia
ba10a732-1bd2-4336-b85c-37da347a70ad.png,normal
0c235f29-e4c5-4cb1-ad36-80ace7249062.png,normal
b37165c7-7ab1-4101-a755-49dd95eb6766.png,normal
21afc084-1c98-42f5-b767-edb5cb8f2884.png,pneumonia
ba0cb1e8-7198-4465-9498-1a650c0a6402.png,pneumonia
covid-19-pneumonia-23-day9.jpg,COVID-19
1e6c28f1-f8d3-4d49-bb82-0cc8709a86f1.png,pneumonia
a44d7678-cd73-4462-8c4a-6a3059208132.png,normal
3fb5525f-edfa-4217-81f9-df59b3e94135.png,normal
a392cdea-a4ca-4eb5-9922-ca15f9db0cee.png,normal
6541f0d9-af95-4f70-8ed9-bad9b4a5a731.png,normal
0965f1e9-2905-40ef-8612-4984e2c7e9ea.png,pneumonia
5bd07c9a-3670-4a4e-b5be-edc6d8a3a127.png,normal
99599993-5aca-43f8-b9f8-220ec7fbe4da.png,normal
all14238-fig-0001-m-c.jpg,COVID-19
491ff1d8-9dc1-4855-96b0-874870c611e0.png,pneumonia
6c43dfcc-13ea-41d1-8d6d-9b872969140c.png,normal
fe6ae853-4277-42f5-a0fe-09bb32bbdf56.png,normal
pneumocystis-jiroveci-pneumonia-4-L.png,pneumonia
83fa70a8-a58d-47d3-a95a-633f035d14b3.png,normal
fab52177-1e88-4f19-adbf-8af72570ee48.png,normal
7b97b922-5080-41ed-b64c-213b634e792a.png,normal
7c142fbc-8cd2-4b09-a687-c0253a2a3b06.png,pneumonia
d0a82689-3088-4fc2-a348-7d3cc19c6ffa.png,pneumonia
a522d9a6-5460-44c0-aa7e-219d2143feb4.png,normal
covid-19-pneumonia-49-day8.jpg,COVID-19
385ecf1e-e97c-4d79-b80c-6d0c04f8bfe9.png,normal
1-s2.0-S0140673620303706-fx1_lrg.jpg,COVID-19
radiol.2020201160.fig3d.jpeg,COVID-19
a3b6bc70-8f6b-42b2-8a93-2b5676270ab6.png,normal
6756a810-a4d0-4e64-9ea0-df78a7dd0cc8.png,pneumonia
1-s2.0-S1684118220300608-main.pdf-001.jpg,COVID-19
74e774b3-ca7c-47c7-b580-393f6a432206.png,pneumonia
5bfab74f-cadc-48e5-ab52-48f97642acad.png,normal
streptococcus-pneumoniae-pneumonia-1.jpg,pneumonia
1-s2.0-S1684118220300682-main.pdf-003-b2.png,COVID-19
covid-19-pneumonia-22-day2-pa.png,COVID-19
b3cbe758-859f-4ace-8968-4953ca48dfc7.png,pneumonia
159745fa-e4f0-4e8d-8d1d-b64aee7cbb3e.png,pneumonia
0ccff729-ee71-4a5f-ad01-ce12ab162afa.png,pneumonia
covid-19-pneumonia-35-2.jpg,COVID-19
7639c65f-52bf-4040-8907-729964dc5563.png,pneumonia
e5a478b2-b843-4e25-b35f-2a4ce3f08c0c.png,normal
5d886aac-426e-454c-9092-56edd7fe1808.png,normal
38158e52-8b85-4a90-b09b-92cb9ebaf70b.png,normal
c1f7889a-9ea9-4acb-b64c-b737c929599a.png,pneumonia
b6962866-8206-446b-92d9-a028283c2e07.png,pneumonia
26f62d1f-5b9f-4eed-af49-d6a48e8ff3f7.png,pneumonia
c8f3473c-8c28-4d6a-8565-a12479d2623c.png,normal
f1bdcb61-a159-40d8-83a8-d08e47202289.png,normal
da9e9aac-de8c-44c7-ba57-e7cc8e4caaba.annot.original.jpeg,COVID-19
7d80378b-b46b-4dbc-a8b5-70982536ea06.png,pneumonia
1.CXRCTThoraximagesofCOVID-19fromSingapore.pdf-002-fig3b.png,COVID-19
covid-19-pneumonia-7-PA.jpg,COVID-19
b0788a2f-3edc-467b-85df-768481a02b67.png,normal
ecbe84f7-1283-4131-bea3-d8b380179c47.png,normal
13f8bb2b-9c21-4131-aee1-eef3bc0cf88b.png,normal
cf81cc61-16b5-496f-999d-d34b434a9cde.png,pneumonia
a7a30231-a1b4-4305-ad66-6a707a27a1a4.png,pneumonia
SARS-10.1148rg.242035193-g04mr34g09a-Fig9a-day17.jpeg,pneumonia
1.CXRCTThoraximagesofCOVID-19fromSingapore.pdf-003-fig4a.png,COVID-19
56879516-a43e-49f8-a482-8df58d7c4c3b.png,pneumonia
7d351015-e0a1-4ba9-a310-1b1f8dc72256.png,normal
1.CXRCTThoraximagesofCOVID-19fromSingapore.pdf-000-fig1b.png,COVID-19
8dae91d8-3c8b-46ec-9e18-ecdec5f7a91d.png,normal
0bad68b0-b67c-47c9-bb8b-b9513a326394.png,normal
37e04b5c-b7ad-4074-81ee-7dad137fe063.png,normal
covid-19-caso-70-1-PA.jpg,COVID-19
b11a86fc-8db1-4a1e-90f5-8c07ab29cd99.png,pneumonia
cd7ed4b2-eae7-4fef-ba8d-5c1825efc0f7.png,pneumonia
bc0ad774-adb9-4251-ba69-63286c338bd8.png,normal
826361cd-08ae-49c4-b535-25a4f14026f8.png,pneumonia
SARS-10.1148rg.242035193-g04mr34g0-Fig8c-day10.jpeg,pneumonia
6207b736-fe0c-4f73-ad9b-9ef1e81aa885.png,normal
9272f957-f709-4f8b-929a-643c4e461d48.png,normal
nejmc2001573_f1b.jpeg,COVID-19
covid-19-pneumonia-20-pa-on-admission.jpg,COVID-19
af126ce1-a5d6-43bb-b5d1-5fef9bcbeda2.png,pneumonia
ryct.2020200034.fig5-day4.jpeg,COVID-19
c48ca8e1-8c2c-4982-b997-233635f9cfaa.png,normal
5e61818e-7ea7-4580-85e4-b1d0e3b88ed3.png,pneumonia
wong-0000.jpg,pneumonia
a36e7bd8-9836-4870-bc9b-bd1119b81cd0.png,normal
wong-0005.jpg,pneumonia
pneumocystis-jirovecii-pneumonia-3-2.jpg,pneumonia
f04fe181-ce05-4610-a226-dd6a44107f43.png,normal
pneumocystis-pneumonia-1.jpg,pneumonia
3aa9b5ba-df5a-485a-952d-3a7900c80b2e.png,normal
ef97b154-20bd-49be-b9b7-f7d2ddf3ec42.png,normal
e2afc0f1-dd1f-4de6-8e82-8cb89e1d7463.png,pneumonia
jkms-35-e79-g001-l-a.jpg,COVID-19
1.CXRCTThoraximagesofCOVID-19fromSingapore.pdf-000-fig1a.png,COVID-19
fbbd1c86-6545-4cf7-8273-0c77161c847c.png,normal
radiol.2020201160.fig3a.jpeg,COVID-19
4494f836-6e06-4941-ba85-612d48c55810.png,normal
9f296b8c-fa45-4914-a69e-900ae19118ba.png,normal
b188b6d2-3f51-4962-b70b-3e4f31b43a00.png,pneumonia
85E52EB3-56E9-4D67-82DA-DEA247C82886.jpeg,COVID-19
50cb1cac-baba-4a4a-bad1-d12cee21b2ca.png,pneumonia
9937dc6d-2541-4b08-90c9-7d9e5231d6b0.png,pneumonia
a9640dbb-05f9-462c-85ec-8fefecd9a235.png,normal
99fb4f16-8f58-4393-a53b-43b5b73c8936.png,normal
5415656d-d814-46c2-a8c7-ab2831c42a91.png,pneumonia
44a23bfa-5c34-4919-9b41-a31f1ff4fcf8.png,pneumonia
3a4b7e29-be9d-406f-ab6a-a624e94f727a.png,normal
covid-19-pneumonia-evolution-over-a-week-1-day3.jpg,COVID-19
f336113a-6002-41da-8451-997d62e36a34.png,pneumonia
b180a83e-0a9f-4ce6-9b9b-adf28f7420b8.png,pneumonia
figure1-5e73d7ae897e27ff066a30cb-98.jpeg,COVID-19
d44096fd-8f79-4823-8b54-59604ccb08dd.png,normal
937caf29-fe3b-4fbe-a859-1d3843c4caad.png,normal
8d874b22-aa70-4680-9316-bc53f777b887.png,normal
a51ffe46-62bd-448b-8e8f-b32c2b08011c.png,normal
0174c4bb-28f5-41e3-a13f-a396badc18bd.png,pneumonia
post-intubuation-pneumomediastium-and-pneumothorax-background-covid-19-pneumonia-day6-1.jpg,COVID-19
988324bf-9f09-409d-ab39-3d54aeef0a79.png,normal
90e7387a-be9f-4560-8155-e8f17d7c96f3.png,pneumonia
e6e93d3a-571d-4c1c-9c62-cbb043d9cc49.png,pneumonia
all14238-fig-0002-m-e.jpg,COVID-19
b2bf46fd-5c27-40ef-9f97-a56b9012d31b.png,pneumonia
c63e2132-aaa3-4d1b-aba9-ce7ea8d1c7f3.png,pneumonia
ryct.2020003.fig2-b.png,COVID-19
7c9c96d6-47f9-4ab5-ad10-9be7371ac649.png,pneumonia
8fac79af-3246-404c-a493-32dc42903900.png,normal
7469db63-0c15-4e73-b6c4-9df8c2b9dd6c.png,pneumonia
7d166cdc-61e2-4741-93da-52e954f4d2ae.png,normal
a2b6217a-2c7b-4cc3-b313-ec48bf272a2f.png,pneumonia
6f27fe76-2a4b-4679-8381-664160325373.png,normal
bc6dbf80-6754-4d9e-8bd8-2c225594cf7c.png,pneumonia
4b1e8ad7-2487-4689-a952-0818fa8713d1.png,normal
19b1f7ba-bd40-4e8d-813d-da977b2306b3.png,pneumonia
covid-19-pneumonia-49-day4.jpg,COVID-19
figure1-5e75d0940b71e1b702629659-98-right.jpeg,COVID-19
5b0c3016-c88d-4b19-82f8-bee204b8e12c.png,pneumonia
a10735b4-e069-4df3-b1e4-5e54825ebfe1.png,pneumonia
314b6a0c-897a-4769-8e91-64816d8e5d8a.png,pneumonia
339907f7-5f76-40b4-8476-9c3460417d16.png,pneumonia
56e7c708-fe02-4da2-a0d1-63c2d422836f.png,normal
fa8f46e9-4e03-49b8-92c5-3432a300cb7e.png,pneumonia
6180c3ac-645e-41c2-8705-8358b2fcb6d9.png,normal
parapneumonic-effusion-1-PA.png,pneumonia
8db71a26-a5b2-46fd-b069-933c7a68e2bd.png,normal
63590dff-7b12-4aeb-b747-6f7f7ad23f23.png,normal
nejmc2001573_f1a.jpeg,COVID-19
c78daf52-c33b-4367-a28f-5bc60a92e7d9.png,pneumonia
bb6cbc52-ec52-4086-80d4-976d78842d77.png,normal
a0c64b6b-5c91-422e-96a6-5389d9c23cec.png,pneumonia
covid-19-pneumonia-44-day-0.jpeg,COVID-19
e5e49f6f-0ca4-44bd-b092-e15ddc944cba.png,pneumonia
post-intubuation-pneumomediastium-and-pneumothorax-background-covid-19-pneumonia-day6-2.jpg,COVID-19
1-s2.0-S1684118220300682-main.pdf-003-b1.png,COVID-19
b7d5bd44-6d2f-433d-be65-4d7a7759864f.png,normal
c6844aa5-d3ae-4aa3-ace1-d358c469f9f4.png,normal
9693f4cd-6af5-4736-ab7a-7a186c13a046.png,normal
6f3953f5-5129-4a74-b8f9-cf386f919930.png,pneumonia
SARS-10.1148rg.242035193-g04mr34g09c-Fig9c-day27.jpeg,pneumonia
ea934f35-5c3c-4d50-8bb7-d0ad15d48a37.png,normal
699aa162-5dfe-487a-a8e5-5ca7fa3efa20.png,pneumonia
96cc7100-3c4a-41ae-a2d3-e1faed4340b1.png,normal
7b7fe26a-8791-4ed0-a129-fb647b375699.png,normal
9b838133-a269-416a-a0b5-9dc3ea7d585e.png,pneumonia
55ea944b-984b-4f0d-a84d-e6b8b6660edc.png,normal
E1724330-1866-4581-8CD8-CEC9B8AFEDDE.jpeg,COVID-19
01E392EE-69F9-4E33-BFCE-E5C968654078.jpeg,COVID-19
1F6343EE-AFEC-4B7D-97F5-62797EE18767.jpeg,COVID-19
d5f2f97c-394b-4bb2-aada-5d58419f7a33.png,normal
a9a248f5-833d-4ed0-945d-b242b4095ec7.png,normal
7AF6C1AF-D249-4BD2-8C26-449304105D03.jpeg,COVID-19
d7ce9623-4433-4bd7-b8c2-a1d2e7ac49f5.png,pneumonia
4a5bc00d-f353-47dd-b014-cd1e7b28bed7.png,pneumonia
covid-19-pneumonia-35-1.jpg,COVID-19
686f3f50-0432-4f11-9bd8-63dd369af840.png,pneumonia
fe16b6d8-add2-4d0d-b052-96b1986b67e0.png,pneumonia
fff49165-b22d-4bb4-b9d1-d5d62c52436c.annot.original.png,COVID-19
afb87feb-0409-42d0-b5cf-7e6a820f67c0.png,pneumonia
b8dd7d32-b177-4d1e-982f-6f0a743828fa.png,normal
c89dddd6-a7c1-48a4-80e1-891670389b97.png,normal
3b4a83a5-e755-4b20-b21c-0a0424095325.png,pneumonia
radiol.2020200490.fig3.jpeg,COVID-19
aef66833-841d-40c8-84f8-acfc81c2f9b8.png,pneumonia
7f13b986-d939-4988-b2b9-30d34d88d3ac.png,normal
lancet-case2b.jpg,COVID-19
covid-19-rapidly-progressive-acute-respiratory-distress-syndrome-ards-day-2.jpg,COVID-19
bd59abda-3e57-4be0-9140-22c8f6de8c3c.png,normal
097aa88c-3228-4b27-8d30-2071fdb6a37d.png,normal
covid-19-rapidly-progressive-acute-respiratory-distress-syndrome-ards-admission.jpg,COVID-19
ee820aa5-4804-4984-97b3-f0a71d69702f.png,pneumonia
7908d3ae-c10c-4bc1-a256-42a6b16e90d0.png,normal
8c9f3f8a-e276-4afc-8005-e770a332c3e7.png,normal
9d801278-8699-4eee-ac13-14de9cc773d1.png,pneumonia
8cc53b02-b1cf-46da-a20e-2f0aeda4f848.png,normal
5f501a1e-4313-457e-90f7-c3fdb631ddd0.png,normal
bec35362-40e8-4f43-99aa-8d1eec483456.png,pneumonia
03BF7561-A9BA-4C3C-B8A0-D3E585F73F3C.jpeg,COVID-19
731074a1-40f5-43cf-ad03-8c69bfbc1636.png,normal
329e55d1-2e27-4ffe-95b1-df5f5015aae6.png,normal
auntminnie-a-2020_01_28_23_51_6665_2020_01_28_Vietnam_coronavirus.jpeg,COVID-19
covid-19-pneumonia-evolution-over-a-week-1-day6.jpg,COVID-19
d9757da0-d3ec-4b3c-ad3f-a258b10339ff.png,normal
4ad30bc6-2da0-4f84-bc9b-62acabfd518a.annot.original.png,COVID-19
radiol.2020201160.fig2c.jpeg,COVID-19
64b3e733-0567-4c97-b68c-3760dc45bab6.png,normal
c2e8ee67-6311-4b8f-9426-ac538972fed8.png,normal
57dc292a-8273-4eb8-87e2-2faad0a23288.png,normal
bd2f14f1-1aac-428a-a08b-23257a5a361c.png,normal
414b65dc-d48a-43eb-bfe8-176b3f423520.png,normal
79f85434-48b2-4910-b861-bdd0e3f7d042.png,normal
f9a571b8-65a5-463c-8ee7-db2f3728f5d2.png,pneumonia
9e9f1dfe-7412-4fef-9f6d-f344e157815c.png,normal
b2761cd1-6932-4d3b-a9dc-88f5a79a98ed.png,pneumonia
B59DD164-51D5-40DF-A926-6A42DD52EBE8.jpeg,COVID-19
post-intubuation-pneumomediastium-and-pneumothorax-background-covid-19-pneumonia-day1.jpg,COVID-19
8f0e79ea-5db6-4a83-9886-c7d58f5f4825.png,pneumonia
a281a261-8435-4861-bea0-0bca497dc5a2.png,pneumonia
9a7493e4-4a5b-4fcd-a3bb-13e724d02ace.png,normal
covid-19-pneumonia-14-PA.png,COVID-19
6135977c-f19e-4a7f-9e11-6fe03805e750.png,pneumonia
f14a89e5-643f-403b-9147-88eabb3af0a5.png,normal
covid-19-caso-70-2-APS.jpg,COVID-19
covid-19-pneumonia-8.jpg,COVID-19
F63AB6CE-1968-4154-A70F-913AF154F53D.jpeg,COVID-19
8322e3ba-7639-4479-af10-2d96ea3b6a6a.png,normal
bfbd4ed3-1d78-437b-b5dc-09ab063b55fa.png,pneumonia
b071fe9e-d11b-4672-8c4a-bbef34635b7c.png,normal
c34ea5d9-c6ef-43bc-8df1-30918c113d99.png,normal
31d34fd3-7d8f-4b3d-86bc-6b060f20d8ee.png,pneumonia
67b858ef-f3ff-4c13-b473-3d8ec8ef889a.png,pneumonia
lancet-case2a.jpg,COVID-19
79137c4d-9ec7-458e-872c-918afe670912.png,normal
caa545b4-4eea-4e3a-90b1-c4c0789a1109.png,pneumonia
d84a14db-b31a-45f6-83de-5323036f823c.png,pneumonia
5e01e86a-d042-4644-a101-359fc9c8f59e.png,normal
1-s2.0-S1684118220300682-main.pdf-002-a1.png,COVID-19
4c268764-b5e5-4417-85a3-da52916984d8.png,normal
f121c24f-3b09-468f-a097-29a73036c61f.png,normal
d3ebec27-0938-46c2-80fa-85ad7871421f.png,normal
c243175d-547b-4990-accf-31c7a2f58427.png,normal
1.CXRCTThoraximagesofCOVID-19fromSingapore.pdf-001-fig2a.png,COVID-19
245d1104-6524-4d44-ace9-e54f0645a46e.png,pneumonia
radiol.2020201160.fig6b.jpeg,COVID-19
a058e58a-be32-4941-86ce-b01a36285658.png,pneumonia
fade17b1-04f4-41a0-8c75-bdf69e31e0a7.png,normal
4ebf07c6-2380-4dcb-beeb-f6aa2bc007bc.png,normal
17a5ce04-809a-42ed-9e58-100cfb33de7a.png,pneumonia
3690bde1-7419-46a5-baa2-14b88feed1ea.png,pneumonia
e32e9454-f0f6-4eb3-844b-0593c2c248c8.png,normal
73f20de7-2234-406e-be6a-9ab82c6f068b.png,normal
f5dc76a7-237a-419c-a28a-c3fc7ff43b65.png,pneumonia
585f5059-8938-4885-accb-d7d0b1097c60.png,normal
d7b55359-5045-410e-9820-4776cdaa137b.png,normal
f87332a3-9e9b-4405-bcb2-d52652adbaba.png,pneumonia
1794b7b4-de8c-479a-bfa7-2ab868c3061b.png,pneumonia
353889E0-A1E8-4F9E-A0B8-F24F36BCFBFB.jpeg,COVID-19
3c802c6f-8d58-4087-aa01-eaea934368b8.png,normal
6ce8af4e-7d9f-4dc1-9caa-7b06b72ed863.png,pneumonia
dfddf479-6e12-4df3-9c57-02182546a182.png,normal
9ede7426-5aa9-4b4a-85a5-ed3ffd486640.png,normal
728a62fc-4310-4aca-9d68-72c8a829d69e.png,pneumonia
1.CXRCTThoraximagesofCOVID-19fromSingapore.pdf-003-fig4b.png,COVID-19
71a7ea29-d36f-4d9d-adaa-505c4618da0a.png,normal
A7E260CE-8A00-4C5F-A7F5-27336527A981.jpeg,COVID-19
a6d4b5c8-eae6-4ac2-a7ca-7264c1727c8a.png,normal
SARS-10.1148rg.242035193-g04mr34g04a-Fig4a-day7.jpeg,pneumonia
52816546-4463-4a7f-a120-7d492a86a524.png,pneumonia
ciaa199.pdf-001-a.png,COVID-19
CD50BA96-6982-4C80-AE7B-5F67ACDBFA56.jpeg,COVID-19
covid-19-pneumonia-2.jpg,COVID-19
55bf665e-e53b-4320-baa7-4fdaa54447db.png,pneumonia
56c529d6-a358-4556-b9a0-315fd0ca1446.png,normal
1-s2.0-S1684118220300682-main.pdf-002-a2.png,COVID-19
83b91807-5f6e-4938-b9c4-b8ce8b64cbf4.png,normal
kjr-21-e24-g001-l-a.jpg,COVID-19
dcba68e6-4f04-409c-a20d-311448813f5c.png,normal
44cb1e82-07aa-491a-b55a-ec03773ecad4.png,normal
pneumocystis-jirovecii-pneumonia-3-3.jpg,pneumonia
covid-19-pneumonia-28.png,COVID-19
876b6810-5df3-45c8-9d5a-9e3cd1d59022.png,normal
post-intubuation-pneumomediastium-and-pneumothorax-background-covid-19-pneumonia-day7.jpg,COVID-19
ebd4509c-0b8f-4be2-aa51-bebad08235be.png,pneumonia
9173958b-6d82-4a00-8acc-60f1d27ca667.png,normal
777a8a88-5c76-4de9-96fa-7cdd9149e59e.png,pneumonia
9f65dff1-52fc-4d14-b918-a931ce1f91aa.png,normal
1-s2.0-S1684118220300608-main.pdf-002.jpg,COVID-19
8a4673b4-243c-432d-b2d6-fbc7500c2cd9.png,pneumonia
radiol.2020200274.fig3d.png,COVID-19
ba174e17-bdad-4a4e-98dc-21e270b93248.png,pneumonia
9fdd3c3032296fd04d2cad5d9070d4_jumbo.jpeg,COVID-19
2C26F453-AF3B-4517-BB9E-802CF2179543.jpeg,COVID-19
39008738-cdf0-4380-8137-2e37d234ae70.png,normal
pneumococcal-pneumonia-day0.jpg,pneumonia
327684d0-5fb9-405d-826f-5c8954cea401.png,pneumonia
covid-19-pneumonia-43-day2.jpeg,COVID-19
6b44464d-73a7-4cf3-bbb6-ffe7168300e3.annot.original.jpeg,COVID-19
41591_2020_819_Fig1_HTML.webp-day5.png,COVID-19
f9a3c734-1483-4385-ab4f-e45853f3f00e.png,pneumonia
23fe6bf8-de06-4041-a3b9-beb2fe73b455.png,pneumonia
5cba9f5e-623a-4857-988f-e08ce086f36c.png,normal
pneumococcal-pneumonia-day35.jpg,pneumonia
54b55fd2-35b2-47ae-80df-795c0f99f652.png,normal
3a2438c7-e9a2-4c7e-8292-3c7bb99d3569.png,normal
39a544f1-29e2-4af5-9b72-40c75ded4020.png,normal
SARS-10.1148rg.242035193-g04mr34g04b-Fig4b-day12.jpeg,pneumonia
9960c058-8c83-46c9-b311-5dd7e927eb34.png,pneumonia
80446565-E090-4187-A031-9D3CEAA586C8.jpeg,COVID-19
pneumonia-7.jpg,pneumonia
cab072ec-3242-434f-bb89-cf2afbd65674.png,normal
f0bc4c9b-48f7-40a7-b5f2-5de61422dd41.png,normal
b5272c50-696d-4b11-8d2e-cb1618f1d3cc.png,pneumonia
aaf35f7b-67a4-472b-85f1-fd87bdf13080.png,pneumonia
gr1_lrg-b.jpg,COVID-19
5860110f-acc0-4361-9c51-7da5f5c102ce.png,pneumonia
c07f52df-d481-434f-84c1-04263926ac40.png,pneumonia
1.CXRCTThoraximagesofCOVID-19fromSingapore.pdf-001-fig2b.png,COVID-19
88b5a0c7-4f3b-4a3a-9882-617c1b87c187.png,pneumonia
covid-19-pneumonia-30-PA.jpg,COVID-19
covid-19-rapidly-progressive-acute-respiratory-distress-syndrome-ards-day-1.jpg,COVID-19
52e21c71-71d1-40cb-9b5c-389fd41db723.png,normal
SARS-10.1148rg.242035193-g04mr34g07a-Fig7a-day5.jpeg,pneumonia
1e616583-e09d-476d-ac25-8fa620f4298a.png,normal
F2DE909F-E19C-4900-92F5-8F435B031AC6.jpeg,COVID-19
3d0bca0d-9a01-4379-b8e9-3af3b021ad79.png,pneumonia
8a0d16d4-5824-4bd6-a6b9-987e2bf71f3c.png,pneumonia
b8eef91b-bbe7-443c-9e05-b756108d7344.png,pneumonia
7c8b9b44-5d6c-4e18-a42a-8a57e4273651.png,pneumonia
722503cf-a801-415b-a10e-848bfea55911.png,pneumonia
60dabf7b-68bb-46df-892a-7ceb8c14515f.png,normal
fb8a32a0-d1e5-4057-b1e0-2c26d5645d32.png,normal
0a66f58c-f98d-41d1-89af-4e0136888e13.png,pneumonia
fde168d7-af3d-4213-9fb5-e0ae8b09c786.png,normal
6b36b729-a050-42b7-afdf-47aefddd81c1.png,normal
446B2CB6-B572-40AB-B01F-1910CA07086A.jpeg,COVID-19
5CBC2E94-D358-401E-8928-965CCD965C5C.jpeg,COVID-19
ecc176d8-c3c7-43d8-bcd8-355bbfb84971.png,pneumonia
15b66169-1cbc-40a5-bbd6-3acbad9f6445.png,pneumonia
d31b42c9-c5d0-4d65-978f-b75e6ff3b7d9.png,pneumonia
8acd8910-499e-4698-86fd-f4031de9c2b3.png,normal
67949b55-7b2b-41be-becc-70f86797db4e.png,pneumonia
6833b49a-ee76-46ec-b620-cda72affbd4d.png,normal
ryct.2020200028.fig1a.jpeg,COVID-19
covid-19-pneumonia-20.jpg,COVID-19
5931B64A-7B97-485D-BE60-3F1EA76BC4F0.jpeg,COVID-19
covid-19-pneumonia-22-day1-pa.png,COVID-19
b2ad3c85-a873-422c-b75b-f449a7228549.png,normal
3594b48f-fcc1-4947-93f5-64be66467147.png,pneumonia
31BA3780-2323-493F-8AED-62081B9C383B.jpeg,COVID-19
6a82ef54-9e27-4c55-afba-47298ad088c9.png,pneumonia
SARS-10.1148rg.242035193-g04mr34g0-Fig8b-day5.jpeg,pneumonia
radiol.2020201160.fig3c.jpeg,COVID-19
c21fd129-8438-42d2-9a6c-1284fecb4338.png,pneumonia
3e1b619a-cdd9-495a-bcbf-a9d62b418991.png,normal
b75aac14-6da7-4b40-9e68-674f50c98a3a.png,pneumonia
71c5e5fa-6d92-44a3-a9fa-1e3421b27a07.png,pneumonia
b6f979aa-64e3-4211-a69d-fbe8151f6ac4.png,pneumonia
7aca2dfc-2ab6-4bc2-aaa4-3e4cba6d95e5.png,normal
a8d21d6b-c91f-4ed1-97cc-9f5b9f138146.png,pneumonia
9d7eada8-ca73-4814-b5fe-81e1bd3dc540.png,normal
00293de0-a530-41dc-9621-0b3def01d06d.png,normal
90710ba1-7628-4b4c-ac71-a61944ba3825.png,normal
171CB377-62FF-4B76-906C-F3787A01CB2E.jpeg,COVID-19
3d777b7d-4dd4-40f2-96cd-0652a37dbc51.png,normal
d85118d0-c7de-4397-a6da-b60ff8a249f0.png,pneumonia
pneumocystis-pneumonia-8.jpg,pneumonia
ab335009-3c56-4dc0-8280-77dee7889d5d.png,pneumonia
3857408a-0d0c-4389-bf01-6284b714193b.png,normal
4e43e48d52c9e2d4c6c1fb9bc1544f_jumbo.jpeg,COVID-19
d8795f44-d739-42a7-8f94-5dd3cce71869.png,normal
covid-19-pneumonia-23-day1.jpg,COVID-19
e7f182ac-e84e-4e0a-89f9-be61ea3c66c2.png,pneumonia
all14238-fig-0002-m-d.jpg,COVID-19
63d464dd-2789-41db-8b2d-a067a02677d2.png,normal
cavitating-pneumonia-4-day0-PA.jpg,pneumonia
8915ce9d-e920-4a9a-a4c6-4c40ab8af51e.png,pneumonia
882fddd7-ed8c-4790-a645-4e4b7deb0696.png,normal
50cf5554-e277-4311-a793-d978bafce018.png,normal
pneumocystis-carinii-pneumonia-1-PA.jpg,pneumonia
ea2f5da1-f25e-4f5b-9e3e-c2e49e93cbac.png,normal
ryct.2020200034.fig2.jpeg,COVID-19
3b547956-1d00-47b0-8dbb-fe0c40bf6bbf.png,normal
b97e1021-d9fc-41f6-86e4-4a673babf442.png,normal
b5744059-ed7f-4d37-be1d-293a62518c1d.png,normal
621bb38e-ec55-40c2-9a48-fed62f44cd45.png,normal
e32a1a4c-1b84-49d7-b32a-6f3f632e1937.png,normal
covid-19-pneumonia-19.jpg,COVID-19
e6ec8809-e44d-4802-9386-8f5ec351f03f.png,pneumonia
655aff3f-1f68-4148-9d5e-c82548653b36.png,pneumonia
ab212af5-998c-44bd-8581-b608b6545855.png,pneumonia
90ec4fa0-4405-4fcd-926c-6323158fded2.png,normal
kjr-21-e24-g002-l-a.jpg,COVID-19
88510d89-5d17-4e12-8e60-77721bb40966.png,normal
d9c72e53-3295-43f0-b3b4-cb8725252a6c.png,normal
covid-19-pneumonia-53.jpg,COVID-19
f0646657-7174-461b-9ab4-07242c759384.png,pneumonia
e6f345b0-b16f-485e-8b1a-bb9cd329bfac.png,normal
radiol.2020201160.fig3b.jpeg,COVID-19
covid-19-pneumonia-23-day3.jpg,COVID-19
c7c66f99-3440-42a6-9d7e-3f66b1f6481a.png,pneumonia
7aa7ec60-510d-4ed9-94cf-da1fa6f1f2e5.png,pneumonia
1833bbfb-e89d-42b9-9b13-02fdb6045e5f.png,normal
9c15f135-c48f-4436-a60b-a9d24415bbb1.png,normal
7f11cf49-7b97-4d39-82a1-18411a4599cd.png,normal
6ad0b1b1-255b-4c39-8950-f3ce7f9440d5.png,normal
6d5dd0d3-ca66-43ca-b4bf-46784adcce2c.png,normal
b66d2c1c-4bd2-422f-827b-b6edd7f1d41d.png,normal
b458af85-4d9b-4722-b2ff-464d65b3c811.png,normal
ae710da6-ac50-4de7-891e-d9a7a180ee05.png,pneumonia
84309ddd-319f-4e6d-b312-2bc70537b074.png,pneumonia
09b0df7c-90bc-499d-a7c7-5474199da4e6.png,pneumonia
9a1a620f-7089-42f3-aff9-4220286b60eb.png,pneumonia
1d80b0ab-2dfe-4d28-bb01-e0b60a3ce972.png,normal
fd7bad9a-1bff-49ec-9c6c-c9aae9e65726.png,normal
e8293694-de0e-46bf-b062-a32647c42c6b.png,normal
e66b040a-ecac-4667-9022-11e11d10d1ff.png,normal
ab09b1a0-4585-4917-9214-bc688caba9fa.png,normal
5e528963-b34e-4605-be13-8faaa2b0c65b.png,pneumonia
covid-19-pneumonia-34.png,COVID-19
9e6bd994-d868-4805-8511-08ddcbe33c14.png,pneumonia
d8ebd2aa-c8b9-44cb-bb8e-32e03b355c55.png,normal
d7545025-6654-4cc3-83d1-99a34476c72a.png,pneumonia
c26c0bb6-125b-497f-a3fa-04a5729b36c0.png,pneumonia
94975092-e29f-42a9-a05a-afa80385b66e.png,normal
jkms-35-e79-g001-l-b.jpg,COVID-19
right-upper-lobe-pneumonia-9-PA.jpg,pneumonia
8a9eb130-2d16-4a85-9f57-c8795d068f01.png,pneumonia
d0ef1d89-651a-4eea-9731-d42579d138cb.png,normal
ae657240-1b69-4b1d-af95-673af661fecf.png,pneumonia
4c53a757-190d-40b5-9d98-cacbb547874c.png,normal
89b60fb5-b6a2-49a1-ac55-7defb6126414.png,normal
23E99E2E-447C-46E5-8EB2-D35D12473C39.png,COVID-19
f5544779-e6b9-456b-a475-867e41212602.png,pneumonia
497eff38-4ade-4b6d-a140-a5187a07f9fa.png,normal
SARS-10.1148rg.242035193-g04mr34g07b-Fig7b-day12.jpeg,pneumonia
46f29f87-46bc-4d72-bc3e-56c6936abece.png,normal
2C10A413-AABE-4807-8CCE-6A2025594067.jpeg,COVID-19
088d4414-e057-45cb-a206-4dd3bb02dd6c.png,pneumonia
3f34c48c-80e6-4a04-9351-6ad809760b70.png,pneumonia
5e7a197f-e287-4d83-8094-9d7eee2d1269.png,normal
63ffaa0f-b764-4d5c-8462-8935d6389bb3.png,normal
C6EA0BE5-B01E-4113-B194-18D956675E25.jpeg,COVID-19
pneumocystis-pneumonia-2-PA.png,pneumonia
radiol.2020201160.fig2b.jpeg,COVID-19
caaa9115-3afe-4f23-91b4-a6a7246c4401.png,normal
4f5d55bc-af17-4774-a3aa-abcbde934944.png,normal
5A78BCA9-5B7A-440D-8A4E-AE7710EA6EAD.jpeg,COVID-19
e6817988-1f0b-4341-bc2a-99ffea80a000.png,normal
covid-19-pneumonia-40.jpg,COVID-19
156d13c3-5e52-475d-a903-74e48be63fef.png,normal
89af4d95-4a0d-4fb3-a4e1-75d470fd3cbd.png,normal
2B8649B2-00C4-4233-85D5-1CE240CF233B.jpeg,COVID-19
737030d6-07d1-43de-9e11-82b31accd240.png,pneumonia
pneumocystis-pneumonia-12.png,pneumonia
covid-19-pneumonia-42.jpeg,COVID-19
39EE8E69-5801-48DE-B6E3-BE7D1BCF3092.jpeg,COVID-19
bec77715-a15a-4725-9adc-792af4dcc1d4.png,pneumonia
ddbc86c3-4b6c-45cd-bd7c-d8b67e7d769b.png,normal
auntminnie-b-2020_01_28_23_51_6665_2020_01_28_Vietnam_coronavirus.jpeg,COVID-19
8e23bf2a-03c6-448f-9bca-57b505ff27fe.png,normal
af1d13fe-4442-418a-ab7d-01983275a99a.png,pneumonia
98cd0b89-202e-4b22-83e3-ea843488ea6c.png,pneumonia
d57b47b7-2324-4bdc-a0ee-27ad6925d9e0.png,pneumonia
covid-19-pneumonia-38-pa.jpg,COVID-19
34bf2fcd-131a-428c-9a21-cd2fa9041f9b.png,normal
0022073f-cec8-42ec-ab5f-bc2314649235.png,pneumonia
3fdcd01b-1029-40c9-be8a-a72876d0323b.png,pneumonia
a2d558ab-cfac-40e4-89cd-65e3b16a0178.png,normal
770cdd04-9045-43dd-acb5-ea9c8b488d34.png,normal
4769fa12-e694-48ce-ad4e-0628e5dd75f0.png,normal
ryct.2020003.fig2-c.png,COVID-19
35477f5b-9747-4f99-b1ce-7c97150cccfd.png,pneumonia
f284125d-d931-4e20-a65a-0931c722c46b.png,normal
d785002f-cf75-46a9-a944-adfc6f368ec2.png,normal
408d434d-3508-4059-a1d5-2805859bbe46.png,pneumonia
67702847-2e38-4864-acd6-5ca69941ee68.png,normal
b18f7658-00da-4668-bfe8-9a3d2b2d2c33.png,pneumonia
53EC07C9-5CC6-4BE4-9B6F-D7B0D72AAA7E.jpeg,COVID-19
1312A392-67A3-4EBF-9319-810CF6DA5EF6.jpeg,COVID-19
df59ce30-d6ce-4942-8ed1-7475a5267539.png,pneumonia
91e1a785-38cf-426d-a735-91c019aa2c09.png,normal
661f42bd-2094-45f6-b106-9461968fdfc4.png,normal
b4af3d43-07ed-4e3c-8a32-762ed8c21cd4.png,normal
283be94e-ba07-4525-aaf4-3a4b6d884cdc.png,normal
f0343afa-3b37-47d4-93d0-9ee56c30952e.png,pneumonia
980cb5b1-e014-4d25-9fbb-ee5b495f58d4.png,normal
pneumocystis-jirovecii-pneumonia-2.jpg,pneumonia
408b3f65-d607-4875-aa59-ed9d4de04953.png,normal
5e6dd879fde9502400e58b2f.jpeg,COVID-19
all14238-fig-0002-m-f.jpg,COVID-19
jkms-35-e79-g001-l-c.jpg,COVID-19
58cb9263f16e94305c730685358e4e_jumbo.jpeg,COVID-19
45370643-ec58-4da1-a1f7-4bd179483766.png,normal
48d31260-a62e-4b8a-9d3c-cdc6da1a962f.png,pneumonia
7C69C012-7479-493F-8722-ABC29C60A2DD.jpeg,COVID-19
37a09cbb-e618-486f-bf4c-011cb5b5d69c.png,normal
65c77a9f-d874-47b4-83c8-3468e5100908.png,pneumonia
ef448138-3bf9-40ab-ba5f-0b5fbe90eb64.png,normal
ryct.2020003.fig2-a.png,COVID-19
c3b6e7e1-e54b-4b82-8a82-cccd17bad098.png,normal
b178a56d-0194-4475-af25-4caa97eedd38.png,normal
b73be0ac-9f24-4635-9935-f64c89a07c57.png,normal
822ac3a2-71b5-4540-9139-2dcca518f09f.png,pneumonia
474d1df2-4567-4b12-ac6f-3f6693f53fc1.png,normal
dcc879b2-a7f1-4526-95af-e87539dc4925.png,pneumonia
8a545321-245d-4e23-a4ca-634a90c5ba89.png,pneumonia
9bee3282-0fee-4c09-ba91-14dbab17adaf.png,normal
pneumococcal-pneumonia-day7.jpg,pneumonia
2398ea30-8cf0-4265-b374-0300a5181759.png,pneumonia
SARS-10.1148rg.242035193-g04mr34g09b-Fig9b-day19.jpeg,pneumonia
06df5d57-6f34-43c0-99ad-b9b5f9346cbd.png,pneumonia
6329ef20-a219-43c4-a437-e15622f8c0ac.png,pneumonia
d76d709c-ec60-4c66-9002-2d0420b80073.png,normal
ac38e730-300e-4267-88ec-5247c0b90ed5.png,normal
9e8f3a46-5bd0-450c-bb36-5abd2e0f5ac3.png,normal
radiol.2020201160.fig2d.jpeg,COVID-19
1c187dbf-3fa4-4a39-914a-39994b76d4c5.png,pneumonia
pneumocystis-jiroveci-pneumonia-4-PA.png,pneumonia
6CB4EFC6-68FA-4CD5-940C-BEFA8DAFE9A7.jpeg,COVID-19
ebd50daa-0332-4674-8cdf-fa02e558fd20.png,normal
pneumocystis-jiroveci-pneumonia-2.png,pneumonia
f8fda666-c689-4416-bd0b-9c690511ca69.png,normal
a1d1d277-41a0-43ec-bee0-6d4bde45cca1.png,normal
3b8cd35a-1eed-4056-9191-5710a9081fed.png,normal
covid-19-infection-exclusive-gastrointestinal-symptoms-l.png,COVID-19
kjr-21-e24-g003-l-a.jpg,COVID-19
58dddcca-2f38-4556-8a72-326f8113ebb5.png,normal
figure1-5e71be566aa8714a04de3386-98-left.jpeg,COVID-19
2397b2f6-3dfa-476c-89ea-e9992c5bd9a9.png,pneumonia
90e0bb9c-20a2-4a20-ab79-57ad5c2386aa.png,normal
auntminnie-d-2020_01_28_23_51_6665_2020_01_28_Vietnam_coronavirus.jpeg,COVID-19
ff241103-be64-4022-b8b1-71a1cec279a3.png,normal
38a2d9bc-5487-4abd-8431-698574ab58be.png,normal
33df5e75-0b13-4c2b-b217-a0b32e3fc396.png,pneumonia
f8529eb0-34f1-4ea5-8c72-30fcb80eb33e.png,normal
covid-19-pneumonia-evolution-over-a-week-1-day0-PA.jpg,COVID-19
1dfd8737-ff04-49c6-bd1a-808d682ddc19.png,pneumonia
74ffdc4f-388a-4829-b240-19a7d2e8a1a9.png,normal
582137b4-6d8f-4933-b461-2cb08a7187c6.png,normal
72e35063-f91d-4110-83e0-07daa736fc7b.png,pneumonia
35d5dba1-22ee-4f68-b28f-bd16ae96ae00.png,pneumonia
737aa32f-2044-45a6-b50c-b3aadb51394a.png,pneumonia
38ffaafc-11bb-4ca1-8242-dbb576fc8cc6.png,pneumonia
gr1_lrg-a.jpg,COVID-19
f44b65ac-fe69-411e-be10-56a8498fc620.png,normal
e09dbb79-cdc9-44a1-9547-6f5969a170dc.png,pneumonia
3d2dc6e4-e1d4-4872-a417-5f640ddbb064.png,normal
5885c03d-7eb8-4472-8ad1-646e7d41fd48.png,normal
3cbd12c8-6302-43b1-a28c-fcc892540c2e.png,pneumonia
94808997-3c67-4d45-bf6e-423f3705d30d.png,pneumonia
fedfb751-4365-4ea3-a4d9-ac761534aca3.png,normal
00a05408-8291-4231-886e-13763e103161.png,pneumonia
RX-torace-a-letto-del-paziente-in-unica-proiezione-AP-1-1.jpeg,COVID-19
a14ac79f-dbcc-41aa-98fc-3f1440891839.png,pneumonia
X-ray_of_cyst_in_pneumocystis_pneumonia_1.jpg,pneumonia
kjr-21-e25-g001-l-a.jpg,COVID-19
auntminnie-c-2020_01_28_23_51_6665_2020_01_28_Vietnam_coronavirus.jpeg,COVID-19
b1ee3437-1d7a-4a85-a406-f2f7bca754dc.png,pneumonia
3a48ce85-63f3-4443-857c-1d180ed52e7d.png,pneumonia
661ca6dc-2132-4e8b-bac6-67add068a186.png,pneumonia
2966893D-5DDF-4B68-9E2B-4979D5956C8E.jpeg,COVID-19
e5ee965b-7a79-4ceb-986c-a775a3c1d7a8.png,pneumonia
9341907e-9b62-4197-a0b3-3ddd3c55a884.png,pneumonia
0f4b80b6-fd39-451f-aebf-7cdb1b655c0b.png,normal
98692be3-a420-4f98-bffb-4f98187059a8.png,pneumonia
ec525238-c296-4a6d-a351-ce760c7111d9.png,pneumonia
f23d7784-06b4-4e44-8dcd-e1eec3e7d7cf.png,pneumonia
2bd2f688-6bed-4f0c-a385-9eed1b1027de.png,pneumonia
covid-19-pneumonia-44-day-8.jpeg,COVID-19
cavitating-pneumonia-4-day28-PA.png,pneumonia
8522f781-3c10-41c5-860b-dcdfb6746bbd.png,pneumonia
7be81f81-e1d1-441f-b352-168f1827e298.png,normal
bdc61d06-50cb-4f97-914e-eba06a7f6552.png,pneumonia
5ca7b965-3241-4b44-b6cb-32ad06bcca84.png,pneumonia
18792f05-1f16-4343-884c-c33420e6b104.png,pneumonia
