filename,class
b84112a1-ffcd-4897-baa1-652f4e460287.png,pneumonia
1312A392-67A3-4EBF-9319-810CF6DA5EF6.jpeg,COVID-19
covid-19-pneumonia-evolution-over-a-week-1-day4.jpg,COVID-19
2a9035ed-ec09-404d-adc3-d37688adf50a.png,pneumonia
gr1_lrg-b.jpg,COVID-19
3a54fc42-0d7a-460e-8f19-2e353a01795a.png,normal
bdbf26d1-2706-49bf-9554-84a881440880.png,pneumonia
4b561094-0f23-4040-801f-2dede46354cd.png,normal
446B2CB6-B572-40AB-B01F-1910CA07086A.jpeg,COVID-19
e53f9c40-3d4d-4053-886b-4e786d6535fa.png,normal
SARS-10.1148rg.242035193-g04mr34g09b-Fig9b-day19.jpeg,pneumonia
8a404c9d-91fd-4cee-891c-a896e60815b5.png,normal
d18074c3-5ac2-46d4-91e4-f13f9284115f.png,pneumonia
f470193d-f1f2-4a18-bf81-6e937c607ed8.png,normal
01a4059c-22f7-4f51-8a27-50aff0b3aeb3.png,normal
783d1dfc-ece5-4b84-8da5-dc836ae869a9.png,normal
188713c0-6005-47fd-a5b4-62d3c9119c0d.png,pneumonia
8ca3384a-3b54-4b22-8c97-628d45a715ab.png,normal
covid-19-pneumonia-evolution-over-a-week-1-day3.jpg,COVID-19
jkms-35-e79-g001-l-a.jpg,COVID-19
f0e7dd4e-e25c-43b1-a433-4c3189321cf1.png,normal
6d662191-3763-416d-a8c4-f4e5c910199a.png,normal
2dfde10a-53c1-4c69-b49a-43aa4543b7f4.png,normal
1.CXRCTThoraximagesofCOVID-19fromSingapore.pdf-000-fig1b.png,COVID-19
bd7be642-660a-4c53-9125-303be8fb9659.png,pneumonia
e7c99332-9671-4a8a-b2b6-3fe896cd8b43.png,normal
1b52079c-b9ef-42d3-9e9a-17aea3bc6031.png,normal
38a60ce9-5adc-4875-9fb6-05ea5d44b557.png,normal
CD50BA96-6982-4C80-AE7B-5F67ACDBFA56.jpeg,COVID-19
covid-19-caso-70-2-APS.jpg,COVID-19
8b5c52fa-61d9-4d89-acaf-20a1b63a309d.png,normal
SARS-10.1148rg.242035193-g04mr34g04b-Fig4b-day12.jpeg,pneumonia
74075cca-a426-4710-92de-e23aa74b76ac.png,pneumonia
d9645d7c-415f-420d-b82a-675062674282.png,normal
85ae17cb-e7dd-4d77-9bf5-8bccdae0f9a4.png,pneumonia
142123c9-a348-48c0-9650-e53eb09be171.png,normal
77930e57-af33-462a-be75-35bcfadd8127.png,normal
3698b8bd-311e-4784-b9c3-dbe1d5296dc5.png,pneumonia
9131bb85-6251-4f0e-9ccb-4a4189f84087.png,pneumonia
0d9b1283-fc24-4fd3-a520-bc5d563e13e1.png,pneumonia
39d69ac2-14d7-4659-af55-125893812ad8.png,pneumonia
84c1722d-960c-4191-aee0-54909e2a9814.png,normal
960e8747-cfc9-49d5-8bb5-47513f50be0c.png,pneumonia
8c4c3e98-8341-4897-ab39-6d0c92045c45.png,normal
178ab0a6-5c4c-4cae-8572-3705352f20fc.png,normal
92b8dc8c-907c-4cc4-8caf-db571ee8f087.png,normal
60ae6dde-b322-4c93-ad89-1b061fa48098.png,pneumonia
ff3258f3-2c66-40cf-9d5d-fe77f8036fa6.png,pneumonia
568694ec-5807-407a-8c10-40d0831e367d.png,pneumonia
ac38760f-7332-4278-b011-982c9615f3cf.png,pneumonia
pneumocystis-pneumonia-12.png,pneumonia
d1e0d69c-a4df-485a-983c-535494221d1a.png,normal
1-s2.0-S1684118220300682-main.pdf-002-a1.png,COVID-19
ciaa199.pdf-001-b.png,COVID-19
629df578-2436-419b-9393-8ed83e2bda8a.png,pneumonia
142c7419-9cd2-4436-8860-cd2c4355abff.png,pneumonia
70b6a2e6-77aa-4678-a3df-901dc49394a5.png,normal
auntminnie-d-2020_01_28_23_51_6665_2020_01_28_Vietnam_coronavirus.jpeg,COVID-19
604a0eca-1494-47b8-a49b-713d24d070f9.png,pneumonia
c322bad3-84f7-4cd0-ad65-7ea7874196bb.png,normal
7EF28E12-F628-4BEC-A8C5-E6277C2E4F60.png,COVID-19
d0ab662d-827a-456d-ae90-f1aa5f7e3650.png,normal
covid-19-pneumonia-28.png,COVID-19
31BA3780-2323-493F-8AED-62081B9C383B.jpeg,COVID-19
dff4a1e0-849a-4bf0-9895-a8bacaf9f44d.png,normal
335d1349-f547-4c69-a2fe-ab0da3230f44.png,normal
fb4b98af-d6d1-468f-8194-ceffd09d9fb0.png,normal
892c13e2-8d5a-4a4d-b7a6-6992714ab94c.png,normal
7AF6C1AF-D249-4BD2-8C26-449304105D03.jpeg,COVID-19
dedc62fb-20d8-4609-a5da-96bb6e27d5c0.png,normal
8cf9fffd-08ef-448b-b9ec-1074d9e5691e.png,pneumonia
647b7bbc-5cfb-4776-b157-838a4264d318.png,pneumonia
38c884d4-086b-4489-b6f5-689e379a2a9c.png,normal
53EC07C9-5CC6-4BE4-9B6F-D7B0D72AAA7E.jpeg,COVID-19
b6c715e6-7367-4189-a44a-42a8e085fdd5.png,normal
60f25384-f542-4670-88a3-ce73277da658.png,normal
7462adfa-a0fc-4489-8d58-89f1d012c26a.png,normal
49c6d263-2d57-435f-a75c-1dd20f0bf4cf.png,normal
covid-19-rapidly-progressive-acute-respiratory-distress-syndrome-ards-day-2.jpg,COVID-19
ryct.2020003.fig2-c.png,COVID-19
3b1bead0-08fc-4f1c-acad-7fef601ebeaa.png,normal
35a379c4-1e56-41f7-8a25-a1c2e9b88464.png,pneumonia
33d5f226-17f5-4c1a-a5c2-423f022dda61.png,normal
203b7f39-41eb-4b06-ae00-387fbfa45dd8.png,pneumonia
f1c7109d-34c0-4483-bf2d-a42fa909eba0.png,normal
7E335538-2F86-424E-A0AB-6397783A38D0.jpeg,COVID-19
wong-0000.jpg,pneumonia
bb0fbd66-925e-487a-bdb6-9f172febd768.png,normal
b5a22c51-47f2-4091-af34-ea9b59b298fe.png,pneumonia
35ea4d86-1da8-4426-be35-c526c5cede93.png,normal
e5c3b5c2-7f2f-426c-bf4f-ea8862da8dc3.png,pneumonia
5A78BCA9-5B7A-440D-8A4E-AE7710EA6EAD.jpeg,COVID-19
86784b68-1b60-419a-ad02-6db2723902f3.png,pneumonia
b50d8c2a-f6aa-407a-9df9-2a52cc027f45.png,pneumonia
covid-19-pneumonia-8.jpg,COVID-19
97e3d9f2-fa1a-46cc-932c-b96879e199f6.png,pneumonia
f02b8370-0e08-47af-b4d4-6dbb681f219e.png,pneumonia
3c6cc4e8-ab85-4053-9844-4f9eded69eec.png,pneumonia
87bc496f-9b7e-4282-9cdc-95f848908c84.png,normal
85a38f61-752c-4a5a-9a9a-eabc2889bc06.png,normal
37703850-bddc-4c43-b1f4-18d40c5b6229.png,normal
0cc66f3f-6bfb-4f99-bbc6-ed28bf3f740c.png,pneumonia
48a74e9c-c0bb-4eeb-85f7-6ca980152001.png,normal
34956207-2ebf-4a47-bc56-faf23701adf2.png,pneumonia
e6465833-2118-4dcf-a6e6-388320ab55c2.png,normal
25ba8a50-bc9a-4ca8-81c3-9f635f52243b.png,pneumonia
9f2cf186-cae2-4b29-8312-d20cd1df7d25.png,pneumonia
b9356c81-3ed6-464f-b638-f71c07f1dd20.png,pneumonia
f2bc6d71-2f5b-49ed-941c-2cd7068a83de.png,normal
3a7bffef-ed40-4764-a8ab-2b0ec8820e8b.png,normal
ryct.2020003.fig2-b.png,COVID-19
e75f84e3-8223-47db-bc5b-3f93e5eba5c6.png,normal
a6ddf02c-c828-4c91-b0c6-3af3f01469b8.png,normal
73c48214-24be-4f07-9d5b-f3774de98ddb.png,normal
1839045f-af6a-430b-8771-c984f87799b0.png,pneumonia
c8d05349-0e98-41f9-89d8-f4b27b5c93ea.png,normal
821692fd-9659-4179-b408-e4dda2e10dae.png,normal
8d469ff7-e46f-4102-9e95-fdd63753b34c.png,pneumonia
8c69bdc1-3290-485d-adde-edb625349837.png,normal
ryct.2020200028.fig1a.jpeg,COVID-19
C6EA0BE5-B01E-4113-B194-18D956675E25.jpeg,COVID-19
kjr-21-e24-g003-l-a.jpg,COVID-19
8c984367-b094-429a-b8cf-a9aba99e8ff9.png,pneumonia
e66c1d35-110b-499c-b030-66e223aaa282.png,normal
901716f2-fb2b-4d72-b738-811cf337476c.png,normal
covid-19-pneumonia-30-PA.jpg,COVID-19
08307845-ccbd-4616-b8e9-58532a766dbe.png,pneumonia
36ca4185-52e1-4cf3-b007-5c7680d2ae74.png,pneumonia
975f414b-16ec-44bd-9e61-97faa1433a15.png,normal
9353a231-323a-469f-a7ad-706f900b1202.png,pneumonia
bf1e2342-1f62-4f96-a616-e0a279d9ba42.png,pneumonia
covid-19-rapidly-progressive-acute-respiratory-distress-syndrome-ards-day-1.jpg,COVID-19
38bf2119-427c-4ae4-810d-db5d9a8ba275.png,normal
ad410976-c87b-444f-abd7-36b1292d680b.png,pneumonia
6a6a1253-1b0b-49d2-ac38-f5823de76c9a.png,normal
a6148502-53a7-4916-93c1-9fa49c9a953b.png,pneumonia
caa5f43e-2050-41a6-b0d5-2775d1fa6cb2.png,pneumonia
4ac6590a-ecdb-47b7-92f3-cfc6fa405955.png,normal
7d3d4832-3384-488d-8717-073b80f98b7d.png,normal
1.CXRCTThoraximagesofCOVID-19fromSingapore.pdf-003-fig4b.png,COVID-19
6357baa1-71ad-47a3-ab64-42a83908db99.png,normal
37a63005-ac07-4f34-a770-3ffa029478c6.png,pneumonia
57a3b6a4-4b5d-4436-b526-275ba2586b46.png,pneumonia
ryct.2020200034.fig2.jpeg,COVID-19
18221e7c-d8f0-4d76-b9b0-eee4aff2a191.png,pneumonia
aabc6613-e421-4402-8e28-53dea1fde054.png,pneumonia
e300292a-1edb-42c2-921e-7f3c507119e0.png,normal
covid-19-pneumonia-49-day4.jpg,COVID-19
2d107d75-46d8-4679-8086-f23f28872982.png,normal
7f015127-0907-4ba7-8021-cf868a210d4c.png,normal
post-intubuation-pneumomediastium-and-pneumothorax-background-covid-19-pneumonia-day1.jpg,COVID-19
1.CXRCTThoraximagesofCOVID-19fromSingapore.pdf-002-fig3b.png,COVID-19
e37fe7f9-b06c-495f-9f25-31939b140e48.png,normal
40de7d48-6a58-44e5-bfe0-1300057f8d85.png,normal
1707921a-8b1d-419e-b5de-6e069bc9e4eb.png,pneumonia
85E52EB3-56E9-4D67-82DA-DEA247C82886.jpeg,COVID-19
eec8e710-926d-4a7e-9500-51ab5722a3a4.png,normal
91cc9818-4778-4659-978c-a5a472e3c416.png,normal
0777be71-3ed5-4d03-a073-d34ae7426838.png,normal
2966893D-5DDF-4B68-9E2B-4979D5956C8E.jpeg,COVID-19
SARS-10.1148rg.242035193-g04mr34g0-Fig8c-day10.jpeg,pneumonia
e16597e4-4bad-4d6b-819a-3f94dac2454d.png,pneumonia
4ae5c39d-a13d-44f0-b274-185dc31036c1.png,normal
pneumococcal-pneumonia-day7.jpg,pneumonia
381f5739-96aa-417b-9074-a4e5f94ec0cc.png,normal
09b2d54e-3a85-4efd-8204-ea73bc70c405.png,pneumonia
9c24de6b-63ba-4f9d-b517-10b362a0446a.png,normal
6c916756-059c-4001-bb3a-8c1ac7c9a062.png,normal
6b44464d-73a7-4cf3-bbb6-ffe7168300e3.annot.original.jpeg,COVID-19
dad6c631-7bff-4bcf-bdbe-a91a9be2ac01.png,pneumonia
a3fe4e01-9d56-4963-8dbf-5b69c1d87284.png,normal
701ee1cc-5bb4-4b0d-b1df-437d8a5fdcb3.png,pneumonia
664cb381-ccdf-4c19-8a86-a664d402221c.png,pneumonia
2e12816f-48d5-4a6c-a8ac-c3c2ae7ba059.png,normal
covid-19-pneumonia-evolution-over-a-week-1-day0-PA.jpg,COVID-19
c3ed4cdc-183a-4b8f-a51f-d915d912abab.png,pneumonia
8de41cf8-f749-4fc4-8a3f-8f451497b030.png,normal
5f866831-9057-4be0-ae41-8164062a0a22.png,normal
6f558e12-6030-4774-a18f-e7e7f5618bdb.png,pneumonia
666a08b6-a4e2-4dc0-ad8d-122d609e6188.png,normal
d41483f3-c7d6-4793-9699-0f115190cce5.png,normal
covid-19-pneumonia-7-PA.jpg,COVID-19
688a3275-9225-4e2e-b719-0c754d6b222b.png,pneumonia
1e334125-d0bf-4229-bf47-c7739ec3bf5b.png,normal
8d0ab9e0-e16d-4394-8b14-5cb4992282be.png,normal
ae4d1747-9c85-413e-9e9c-c269e379354a.png,normal
d6f778c4-3a9a-4b12-a4d5-a74d04ec431b.png,normal
radiol.2020201160.fig2b.jpeg,COVID-19
pneumocystis-jiroveci-pneumonia-4-PA.png,pneumonia
774d6e2f-bf8e-4587-99d2-b9feb8d53f33.png,normal
615b878f-b17c-4453-aa71-53638e9981c8.png,normal
b3e97d1d-0b1b-42c0-9a5a-52222414ff10.png,pneumonia
dc486475-0698-4f27-8b21-5a9eaa0e157f.png,normal
1.CXRCTThoraximagesofCOVID-19fromSingapore.pdf-001-fig2b.png,COVID-19
c31be560-cec0-4ada-b2e1-be51c2e8bb22.png,pneumonia
157cdcc6-85da-4280-abac-46afe2ed9138.png,normal
5e6dd879fde9502400e58b2f.jpeg,COVID-19
b8a8a107-1797-4437-b71a-ed1f980fa4a6.png,pneumonia
03BF7561-A9BA-4C3C-B8A0-D3E585F73F3C.jpeg,COVID-19
B59DD164-51D5-40DF-A926-6A42DD52EBE8.jpeg,COVID-19
353889E0-A1E8-4F9E-A0B8-F24F36BCFBFB.jpeg,COVID-19
b47d39df-6c53-4b24-8f63-6577deb5e798.png,pneumonia
6CB4EFC6-68FA-4CD5-940C-BEFA8DAFE9A7.jpeg,COVID-19
covid-19-pneumonia-35-2.jpg,COVID-19
5e67cab7-41f5-4708-a6a1-37000ad8bc52.png,normal
5CBC2E94-D358-401E-8928-965CCD965C5C.jpeg,COVID-19
59491c73-0991-4643-9ddc-3475e02b14d0.png,pneumonia
covid-19-pneumonia-43-day0.jpeg,COVID-19
73c83dfb-5e65-4dd5-a5e1-58372c922259.png,normal
d79e7709-3d77-4be2-9f22-a81a1999067a.png,normal
e29fb13b-57b7-4489-a8c7-34e72799134b.png,normal
6be9c747-a96b-4c54-a8a8-62483c92dd97.png,normal
covid-19-pneumonia-43-day2.jpeg,COVID-19
6fd5262a-db7f-43b9-b29d-cfba322b8ba1.png,normal
39EE8E69-5801-48DE-B6E3-BE7D1BCF3092.jpeg,COVID-19
f7bd2b79-ca7e-4787-9d78-7041d7aa7498.png,pneumonia
b2a1a665-acaa-491f-9164-58a248045c81.png,normal
ad35d03d-1c19-462d-91f2-81921d409a05.png,normal
68f5af12-3276-404c-8b82-97e4945575dd.png,normal
covid-19-pneumonia-22-day1-pa.png,COVID-19
eb113a51-ca16-4ef9-84bd-5b4c7edd4129.png,normal
9ed655dd-cc93-4bde-be51-804bac051f25.png,pneumonia
6a9eeb3f-54e8-4acc-b30a-026684451e62.png,normal
pneumococcal-pneumonia-day0.jpg,pneumonia
316a6692-4321-44a2-b27f-ad96b2758088.png,normal
SARS-10.1148rg.242035193-g04mr34g07a-Fig7a-day5.jpeg,pneumonia
E1724330-1866-4581-8CD8-CEC9B8AFEDDE.jpeg,COVID-19
36698ec6-be46-4899-9465-2bfe70780ba2.png,pneumonia
6174fe6b-d274-45a9-b720-a79c824beccd.png,normal
b781a0a9-6e35-485e-9548-66c55bcc9c8a.png,normal
52d1f158-6cde-4676-94bf-bc5f8bab0cc6.png,normal
f0e0da1c-1f11-4a28-bcce-1509c528715a.png,normal
f25757a4-1613-4ebb-b0b2-c09d28908c73.png,normal
41e6698f-96a6-4072-ade5-e018a57c0460.png,normal
covid-19-rapidly-progressive-acute-respiratory-distress-syndrome-ards-day-3.jpg,COVID-19
1-s2.0-S1684118220300682-main.pdf-003-b2.png,COVID-19
c578b8e4-4d93-4ab7-877e-3b6c4a583030.png,normal
radiol.2020201160.fig6b.jpeg,COVID-19
5b3b6dbd-73a2-42c7-b3cd-83d811c6502d.png,normal
ad69b71d-7005-4f1e-a6d8-27d84106c9af.png,pneumonia
58cb9263f16e94305c730685358e4e_jumbo.jpeg,COVID-19
SARS-10.1148rg.242035193-g04mr34g0-Fig8b-day5.jpeg,pneumonia
pneumonia-7.jpg,pneumonia
4240c194-667f-498b-989f-ae7bd19e68a0.png,pneumonia
5e3da45b-f7b6-4948-aad4-7a37cf9cae5b.png,pneumonia
62b4b084-06c5-413b-a365-ef2882ca98ab.png,pneumonia
94c4e247-1228-4f50-b8b4-316754d5828f.png,pneumonia
bc76251c-6b0a-40ec-8097-b21c50a3026c.png,normal
33eed7ed-1ee6-45d6-b5fe-a1cb92196847.png,normal
de2b54b9-114f-4f68-9a5f-4602e843cc31.png,normal
13e4a88e-245a-491b-9cd7-a8672c98175e.png,normal
8d2a4ca8-58bd-48d1-afb3-836de5372e6c.png,normal
befd3b4c-d0a6-48fd-87ee-db4340ba4abb.png,normal
01027bc3-dc40-4165-a6c3-d6be2cb7ca34.png,normal
a6a94200-33a0-410a-9e4b-bb080cfed624.png,pneumonia
7c384cd2-0f07-4f26-b1e3-9383570ee82a.png,normal
ac7a86f8-447e-4062-9ed3-2361a6ea7fdc.png,pneumonia
dc265f1b-aca5-44d8-91a6-8aa4d7f7ae2f.png,pneumonia
parapneumonic-effusion-1-PA.png,pneumonia
d7442200-deb2-4b6a-88dc-2a5e2180dedc.png,normal
4ea6ac6b-f0bd-4f26-9251-13aedb44db40.png,normal
auntminnie-a-2020_01_28_23_51_6665_2020_01_28_Vietnam_coronavirus.jpeg,COVID-19
ciaa199.pdf-001-a.png,COVID-19
d727db91-5f22-424f-8f18-3f8c7de40869.png,pneumonia
35c98046-1334-4b50-8232-41fcc65d150e.png,pneumonia
d34b14ec-9bc4-4f71-b720-0ccb3ae58f84.png,pneumonia
94a6538f-68d4-4edd-ba10-fa157fd9a21f.png,normal
covid-19-pneumonia-23-day1.jpg,COVID-19
A7E260CE-8A00-4C5F-A7F5-27336527A981.jpeg,COVID-19
62ba66c2-7154-4b82-af96-09feb7b91e00.png,normal
3d48f4d3-7a90-4ead-8634-b2d394575284.png,pneumonia
b0fbd4ac-3ab4-44fe-9c2f-4179bbf4260e.png,pneumonia
34af7b68-8982-4bfd-bd8a-af266418906c.png,normal
9207c26e-330b-44ca-a632-451b1e4fc175.png,normal
860da4ca-ffdd-41fe-b3a3-511ee42a61db.png,normal
78b4b710-15b7-4ea3-b761-c2371594cbf1.png,pneumonia
0f7c7af4-5ef8-43fe-a598-e9929fd76f5c.png,normal
d0a352fb-62eb-4ebc-9dae-ebcca2bda6c4.png,normal
a129ce0b-cd13-4625-b58c-5b5c5bf909f5.png,pneumonia
7c622f41-c326-4138-8305-8b5d51f456e4.png,normal
09137a8c-017a-4bc3-8195-1d152b992cd0.png,pneumonia
e50ef848-ecce-454d-908e-17fa314f1959.png,normal
7d9e027d-8e9b-47b9-9771-1f75e0410c74.png,normal
376b255a-82a3-4105-a546-36a477bfe8e3.png,pneumonia
e1f8ab90-954e-4254-b8e3-07608bace40d.png,normal
radiol.2020201160.fig2c.jpeg,COVID-19
23E99E2E-447C-46E5-8EB2-D35D12473C39.png,COVID-19
afe29620-410d-4491-999e-470040899f0e.png,pneumonia
483d087d-712d-46eb-8f5f-eaa1a53ec2ed.png,pneumonia
aa636938-1fb2-4d4c-9678-b703388552e7.png,pneumonia
cb67e947-3b76-4a29-b818-8993c8971f09.png,normal
post-intubuation-pneumomediastium-and-pneumothorax-background-covid-19-pneumonia-day6-2.jpg,COVID-19
32c41ed0-6704-465c-94d3-3073b9b4415e.png,pneumonia
a6037427-488c-4ea1-8ea8-d81f804bd974.png,normal
98210fa6-3780-4640-ae65-bb3e83fd99ac.png,normal
104c55a0-70a6-49a7-a677-c170d356372a.png,pneumonia
77dd5230-6316-4a60-9246-514f556ec185.png,normal
83ad1194-5a47-46fa-aa3c-39453ebe6896.png,normal
0c58209f-4484-4be8-a687-c8a1419aefcb.png,normal
33b72cc6-9c86-4664-91f9-df8bb63e349e.png,pneumonia
SARS-10.1148rg.242035193-g04mr34g04a-Fig4a-day7.jpeg,pneumonia
all14238-fig-0001-m-b.jpg,COVID-19
936cae03-d766-4566-a42b-0e6b3360d2a4.png,normal
ae00e0cf-f575-44ce-8188-a611b464eb38.png,pneumonia
f34899e1-3927-4191-b50c-bec95808139c.png,pneumonia
74219aa7-b9e9-41dc-9ee7-0ce254a7818c.png,normal
dd91e59d-0206-4bd6-a9c0-91ddac91c013.png,normal
9aebf925-a875-4849-b395-7ac6952aa86f.png,normal
eb9bf555-1859-47a9-a95f-e86246ce2bd9.png,pneumonia
covid-19-pneumonia-evolution-over-a-week-1-day6.jpg,COVID-19
post-intubuation-pneumomediastium-and-pneumothorax-background-covid-19-pneumonia-day6-1.jpg,COVID-19
153b7c2b-4909-4dca-8579-9523582bc4fe.png,normal
covid-19-pneumonia-40.jpg,COVID-19
lancet-case2a.jpg,COVID-19
b7e7ff76-b5ea-4ac0-acc7-2acd41f7aa83.png,normal
9f2e86d5-cf74-4c4f-84f9-c9e842c8ef0d.png,pneumonia
1.CXRCTThoraximagesofCOVID-19fromSingapore.pdf-001-fig2a.png,COVID-19
26ae031c-b211-45f4-ac4d-b2983db93aa6.png,pneumonia
nejmc2001573_f1a.jpeg,COVID-19
6d13500d-05ee-4f4f-bc08-aeda019858fe.png,pneumonia
638d492d-3d8f-4ee1-b912-9c2896544737.png,normal
f12bd21d-e5d5-4387-9f0c-03427516439b.png,normal
covid-19-pneumonia-38-pa.jpg,COVID-19
79e61065-3922-4c61-a56b-eaa574f406f2.png,normal
f73629d1-43c0-4ce9-91c4-28081f532e1f.png,pneumonia
23997b8b-5726-4b2d-bd45-b15fc1c4c2af.png,pneumonia
1.CXRCTThoraximagesofCOVID-19fromSingapore.pdf-000-fig1a.png,COVID-19
f403aa91-e52c-41b5-8d86-af6c5546cbf1.png,normal
38be1bd3-9535-4c1d-ad3b-65e8caebfce9.png,pneumonia
pneumocystis-pneumonia-2-PA.png,pneumonia
9fd3c2a2-47c8-437d-a05d-e893fee688c9.png,normal
jkms-35-e79-g001-l-b.jpg,COVID-19
76561551-efee-4492-bbd1-8465560ab1ed.png,normal
0582f503-a451-448f-87a5-a67589c5f7c5.png,normal
45652e61-bfd3-4057-b5eb-895cd4e2899a.png,normal
ba87678d-df8e-42eb-9a2b-3f8a6b34722a.png,pneumonia
all14238-fig-0002-m-e.jpg,COVID-19
9df0ffa3-c37d-4058-98ae-a7fd8c5cb8ed.png,normal
0ae93f35-2954-41a2-a33b-6614f36dd1c3.png,normal
88dfac4d-30d4-42fe-9122-82246ecee401.png,pneumonia
78c36a61-954f-4730-8b76-c66e5db4d464.png,normal
covid-19-pneumonia-20-pa-on-admission.jpg,COVID-19
81a51c71-28ab-4a62-bb1b-458117d8234c.png,pneumonia
covid-19-pneumonia-22-day2-pa.png,COVID-19
48a44f52-7fb3-4384-a76b-f6170b03a357.png,normal
covid-19-infection-exclusive-gastrointestinal-symptoms-l.png,COVID-19
b7b1abfd-c7e8-4404-aeed-b3a3b489443f.png,pneumonia
171CB377-62FF-4B76-906C-F3787A01CB2E.jpeg,COVID-19
b9db0f75-18af-49e4-b547-71e0d302c4aa.png,pneumonia
f7250628-0db8-4baa-adbf-fd694cbd3b7d.png,pneumonia
6d6d115a-6cb2-4653-b446-8c425ba035b7.png,normal
b9e5b5ab-0f77-418d-bd5b-ecce5da142e8.png,normal
c919262d-e632-4d1b-9d92-7a8923258ae3.png,normal
9349039d-f052-418e-be33-181237ca8a60.png,normal
post-intubuation-pneumomediastium-and-pneumothorax-background-covid-19-pneumonia-day7.jpg,COVID-19
f661fe70-2fc1-4564-9f53-45504c0b0688.png,pneumonia
816cef8f-cbf7-43c7-8386-609bd95c78e6.png,pneumonia
radiol.2020201160.fig2d.jpeg,COVID-19
742365a8-d9a5-41e4-b8a3-24a03a894f9f.png,pneumonia
bb6164ee-9b30-4b94-85ca-5f9d94b2ce4a.png,pneumonia
9aa7851f-8f7b-4087-9506-0b003006f153.png,normal
9575f8d4-6d15-448e-a615-da0d60c2a961.png,normal
7812e0b0-c149-4bd3-a957-a78848024780.png,normal
1.CXRCTThoraximagesofCOVID-19fromSingapore.pdf-002-fig3a.png,COVID-19
jkms-35-e79-g001-l-c.jpg,COVID-19
3d7fb4b4-5e62-4591-aa4d-cbbc1ca3ffb7.png,pneumonia
7eb0abcb-860e-4745-b311-28657770c038.png,pneumonia
a024d155-a276-4395-826b-193fcf6a5b9c.png,pneumonia
6d0b86ac-4d99-4a45-8558-20de59ad39b0.png,pneumonia
3e8b04ac-40e4-499b-8677-8c0cf1c43c05.png,normal
cavitating-pneumonia-4-day0-PA.jpg,pneumonia
46589ee8-5fe8-4b85-91bb-b5e99bdc8cc3.png,normal
pneumococcal-pneumonia-day35.jpg,pneumonia
9de81172-a002-46fc-b17c-8701f04c2647.png,normal
fa9acd74-3b4a-42a4-9726-fae933108fe8.png,normal
dad1f755-59e5-48b3-a3a7-a61c308d02bc.png,normal
3be6a4c5-7c20-48cf-ae13-e18a828b3868.png,pneumonia
a3a2bb07-b700-4ce4-824c-03859b93e5b3.png,pneumonia
2449f649-1a19-40b4-8d17-bd6f272377bb.png,normal
covid-19-pneumonia-44-day-0.jpeg,COVID-19
4eef70d7-6390-4ac7-8293-c1a98d24ce41.png,normal
e6dfc127-5e23-4a60-b784-efa008f59587.png,pneumonia
ccfe0d0f-f75e-48ef-b754-4c2030a94c7b.png,pneumonia
1557bea3-b9f0-4235-b06f-49de5ee8d194.png,normal
7ebe2430-3932-4c0e-882c-7e72b290ba76.png,normal
a0d6ccfc-3f60-41a8-8e11-4fa091384129.png,pneumonia
76c77e8d-bfc4-47b9-bffd-0d136fa06302.png,pneumonia
b020af54-1c80-4f36-829e-a5c9515802fd.png,pneumonia
ea872d0d-d42c-4330-9c09-799bc3b0ab09.png,normal
pneumocystis-jiroveci-pneumonia-2.png,pneumonia
F2DE909F-E19C-4900-92F5-8F435B031AC6.jpeg,COVID-19
94a021aa-e34c-439f-b30d-0c5a1a0c8539.png,normal
0c9be296-285f-44dc-8599-afde00848e9d.png,normal
b05766ae-c0d4-4e29-855b-1112c7ae956e.png,pneumonia
nejmc2001573_f1b.jpeg,COVID-19
67604c51-1e73-41b3-b268-d136308d7f60.png,normal
2C10A413-AABE-4807-8CCE-6A2025594067.jpeg,COVID-19
pneumocystis-jirovecii-pneumonia-3-2.jpg,pneumonia
bfea966c-f72f-42f7-9712-9cf77b66bad6.png,pneumonia
883b3236-d2c9-456e-9653-f0a5a27de37b.png,normal
cavitating-pneumonia-4-day28-PA.png,pneumonia
figure1-5e75d0940b71e1b702629659-98-right.jpeg,COVID-19
584eed9b-18ad-4647-aa9b-9e795353610c.png,normal
c575102e-4fc8-4152-84d4-0936b89217b3.png,pneumonia
pneumocystis-pneumonia-8.jpg,pneumonia
SARS-10.1148rg.242035193-g04mr34g0-Fig8a-day0.jpeg,pneumonia
b6dccc84-8b90-4d44-bcf0-12d038c09df4.png,normal
covid-19-pneumonia-53.jpg,COVID-19
figure1-5e73d7ae897e27ff066a30cb-98.jpeg,COVID-19
4e344db4-ca5e-4421-9677-2014a9ba8e42.png,normal
acc17db4-7fc3-4657-a8c1-0555bcbeba48.png,pneumonia
SARS-10.1148rg.242035193-g04mr34g09c-Fig9c-day27.jpeg,pneumonia
2B8649B2-00C4-4233-85D5-1CE240CF233B.jpeg,COVID-19
ddf7ead9-5391-4fae-b43a-22adde99042b.png,normal
9eb988cd-aecc-4335-ad09-b580be434377.png,pneumonia
c5ba46fb-eddc-4824-b779-0620b0cd855c.png,pneumonia
all14238-fig-0001-m-c.jpg,COVID-19
bf2703e3-8466-431a-85ea-15a1f6976d0f.png,pneumonia
e02593b3-d430-4be2-aca5-7ad1f9e2fe13.png,normal
34f497c2-3b1b-4ab5-a517-eee658885313.png,normal
b84cd9ad-7357-47f3-910e-626667c183e5.png,pneumonia
radiol.2020201160.fig3b.jpeg,COVID-19
a9552aa7-691e-40ab-835b-16237c608b03.png,pneumonia
f26ede75-cee6-4248-9219-017f327b25ca.png,pneumonia
f26e5df0-bd0d-4d54-86b6-ea40ca0952a3.png,pneumonia
b9e7ae4f-33bb-4a8b-91f8-227ccc992a7e.png,normal
da9e9aac-de8c-44c7-ba57-e7cc8e4caaba.annot.original.jpeg,COVID-19
e4033a4f-d346-4820-9905-1f9dc55998db.png,normal
d5523ffc-1c8a-4250-939a-3f5215397ff2.png,pneumonia
e0227184-955d-4bfd-8eeb-0bc0b2a21a66.png,pneumonia
77b4e9ec-9002-444f-b3a5-9e5ab9dacaa5.png,pneumonia
b2314db2-44f7-4fea-9a4a-a0d22f518ac6.png,pneumonia
6797dfe0-ba4e-464c-9644-8c1022b68a25.png,pneumonia
2e8d7684-3d6d-4516-b849-3666030db7b7.png,normal
covid-19-pneumonia-44-day-8.jpeg,COVID-19
radiol.2020201160.fig3a.jpeg,COVID-19
5cdd56f1-9ad7-4b45-81e2-6f5c0a890cec.png,normal
6caa9d84-36c3-48b5-9170-adb736c53e5c.png,normal
RX-torace-a-letto-del-paziente-in-unica-proiezione-AP-1-1.jpeg,COVID-19
78221b16-5fd9-4a99-a966-56b693c2e5d7.png,pneumonia
4ad30bc6-2da0-4f84-bc9b-62acabfd518a.annot.original.png,COVID-19
e0a86d60-2d8c-4e72-acd8-ccf7924bdefa.png,normal
d73404b9-b882-4d8f-a14f-876aa52c9559.png,pneumonia
cf66c8ce-d79a-42c2-b9b3-31f279bcf1bc.png,normal
9fdd3c3032296fd04d2cad5d9070d4_jumbo.jpeg,COVID-19
d83439d1-089a-4d53-8113-ede4c79adac6.png,normal
80446565-E090-4187-A031-9D3CEAA586C8.jpeg,COVID-19
a6a38450-9151-4178-a830-a08e0223f8a5.png,pneumonia
2af2b9f2-500a-429f-a7cf-7b47ee4f3220.png,normal
b565e2e7-cc3d-4fd3-8354-0ad7655f6200.png,pneumonia
647318b9-ffbd-4f35-8deb-f570410046db.png,normal
3f25e62e-b79f-4cdd-8607-adc010808d4c.png,pneumonia
1-s2.0-S0140673620303706-fx1_lrg.jpg,COVID-19
nCoV-radiol.2020200269.fig1-day7.jpeg,COVID-19
ryct.2020200034.fig5-day4.jpeg,COVID-19
e93f2956-8f17-4822-a5d3-3efa7bfd0074.png,normal
ecdb0b5e-bfab-42cd-842c-d1226a2f707f.png,pneumonia
1-s2.0-S1684118220300682-main.pdf-003-b1.png,COVID-19
de5d15a5-7c00-45b0-a783-71f5184b84a4.png,pneumonia
2ee27b62-e1d7-4341-bf2b-9d45dc4068a1.png,normal
fa42a65d-581e-44bf-a8de-b89e9a6c17fb.png,pneumonia
0b2057bc-4c6d-4c90-8975-94c02392e460.png,pneumonia
covid-19-rapidly-progressive-acute-respiratory-distress-syndrome-ards-admission.jpg,COVID-19
f1c1c792-af12-4b8a-bc67-317347a7e8d8.png,pneumonia
7afd770d-99e3-4f37-a3ef-006d56637f89.png,normal
fe539da9-f41c-404f-bf48-cc20a30a201b.png,pneumonia
51702d7b-bbda-42f0-90a8-cb7cb1812a58.png,normal
8242a3be-6f16-42ab-aed7-ee61b3ebedd3.png,normal
5f9bfb92-2930-414a-bbeb-8f63a9c73de3.png,normal
9891a93e-d52e-4854-8eb5-5c8f42884e69.png,normal
b4686a9f-c3a6-4cba-9400-b35ba566b74e.png,pneumonia
cc2448c1-4102-4d04-90eb-4bf2385f3328.png,normal
50971dbd-3084-4684-b25a-b7194e8745a8.png,normal
3747c54e-e425-451d-90c0-943e99b873d4.png,pneumonia
radiol.2020200490.fig3.jpeg,COVID-19
covid-19-pneumonia-42.jpeg,COVID-19
gr1_lrg-a.jpg,COVID-19
9fd4b2e7-d443-417a-8436-b5921152ddd7.png,pneumonia
1-s2.0-S1684118220300682-main.pdf-002-a2.png,COVID-19
4ba09dcd-acd3-4ef2-9b27-7cfce5adf04e.png,normal
c88d5bf1-aac9-4d2e-87ab-c3a0d8028f12.png,pneumonia
a23ac27d-83b3-48b7-837a-dbbe83752ce3.png,pneumonia
covid-19-pneumonia-2.jpg,COVID-19
covid-19-pneumonia-23-day9.jpg,COVID-19
5e87c22b-dcda-4e24-aedb-113216cf5dbf.png,normal
515f5bba-0fd3-4c02-9edc-8a7631e7047a.png,normal
91d66175-55d7-4a72-ac9f-e07604dde06a.png,normal
pneumocystis-jiroveci-pneumonia-4-L.png,pneumonia
348699f9-4eb2-42b7-b9e8-8bc3230b32a5.png,pneumonia
6a3a3e2d-6b76-44b0-8426-cd1fdccd2a71.png,normal
af2cd4c9-097a-464f-8956-3e1a977696af.png,pneumonia
auntminnie-b-2020_01_28_23_51_6665_2020_01_28_Vietnam_coronavirus.jpeg,COVID-19
1-s2.0-S1684118220300608-main.pdf-002.jpg,COVID-19
b5de935d-902c-441d-bf47-cde979d6f9eb.png,normal
009482dc-3db5-48d4-8580-5c89c4f01334.png,normal
addbc711-3a90-4f6d-94ff-e43b491685ae.png,normal
df10aee9-878c-4782-8aea-de4369355fd6.png,pneumonia
23ca6e02-56e8-4872-b323-ded9792a7fa9.png,normal
71a747b4-d566-4590-8a69-4176501f6884.png,pneumonia
covid-19-pneumonia-12.jpg,COVID-19
pneumocystis-carinii-pneumonia-1-PA.jpg,pneumonia
b680c111-22a5-4ad1-94b7-34e866815e79.png,pneumonia
93149c11-97ed-4f89-94ec-f8c41041dde8.png,normal
ciaa199.pdf-001-c.png,COVID-19
all14238-fig-0002-m-d.jpg,COVID-19
a4761e68-6192-4d9c-994f-21bb2ff7b822.png,normal
pneumocystis-jirovecii-pneumonia-3-3.jpg,pneumonia
95fe7234-02a4-4757-92bb-c6faf3f25f5f.png,normal
F63AB6CE-1968-4154-A70F-913AF154F53D.jpeg,COVID-19
right-upper-lobe-pneumonia-9-PA.jpg,pneumonia
lancet-case2b.jpg,COVID-19
1-s2.0-S1684118220300608-main.pdf-001.jpg,COVID-19
auntminnie-c-2020_01_28_23_51_6665_2020_01_28_Vietnam_coronavirus.jpeg,COVID-19
489a175a-4c5c-4b7f-8fdc-cd8514404dbe.png,pneumonia
c907dcd1-6011-430b-9515-009900b4a98f.png,pneumonia
4e43e48d52c9e2d4c6c1fb9bc1544f_jumbo.jpeg,COVID-19
1.CXRCTThoraximagesofCOVID-19fromSingapore.pdf-003-fig4a.png,COVID-19
b344e7ac-52f9-418c-a5a1-bba1f5b543bf.png,pneumonia
45841aa4-bf0e-4f6f-92ef-13b0c35d9787.png,normal
X-ray_of_cyst_in_pneumocystis_pneumonia_1.jpg,pneumonia
408c1583-d078-45f4-9369-2fbaf03be8a8.png,pneumonia
95c3f6b9-46e7-4450-82ef-4455d9afb789.png,normal
pneumocystis-jirovecii-pneumonia-3-1.jpg,pneumonia
figure1-5e71be566aa8714a04de3386-98-left.jpeg,COVID-19
kjr-21-e24-g002-l-a.jpg,COVID-19
5931B64A-7B97-485D-BE60-3F1EA76BC4F0.jpeg,COVID-19
d393adf2-8a12-4ded-a842-6e4f4289fcc1.png,normal
wong-0005.jpg,pneumonia
6a35c51e-1d5b-4a08-b863-071916d08d79.png,normal
01E392EE-69F9-4E33-BFCE-E5C968654078.jpeg,COVID-19
1cee8f22-8603-49a8-a69c-ea807158db1b.png,pneumonia
41591_2020_819_Fig1_HTML.webp-day5.png,COVID-19
fff49165-b22d-4bb4-b9d1-d5d62c52436c.annot.original.png,COVID-19
covid-19-infection-exclusive-gastrointestinal-symptoms-pa.png,COVID-19
9e2df0fb-8488-4301-9e4c-8ca2457fca54.png,pneumonia
ac720376-3ba0-4d34-9743-cd152ddcee2c.png,normal
1f724a40-9826-4e46-84df-bf4c333c676e.png,normal
covid-19-pneumonia-23-day3.jpg,COVID-19
677b6db0-31ab-47d4-bb96-5cd301c8f6ac.png,normal
pneumocystis-pneumonia-1.jpg,pneumonia
radiol.2020201160.fig3c.jpeg,COVID-19
85345d2f-2530-42cc-8d2a-e660fd8f6236.png,normal
covid-19-pneumonia-35-1.jpg,COVID-19
3b6ec358-1b18-41ca-9941-3d9f60739b7a.png,normal
2bbcad9d-9dce-41f6-8642-d0fdce90abd5.png,normal
cb510a17-89c1-4fad-9a47-89952abd7aae.png,pneumonia
7281c876-beb7-4371-bbb4-4269bd00f767.png,normal
aeb99fe0-d9f2-4122-8abf-e7f933f71f80.png,normal
covid-19-pneumonia-19.jpg,COVID-19
17f54918-66ce-491f-b674-97c2e365f1ef.png,normal
pneumocystis-jirovecii-pneumonia-2.jpg,pneumonia
2f1f42a8-c2c1-40c1-8b62-2ffeb551e768.png,normal
covid-19-pneumonia-49-day8.jpg,COVID-19
57880594-01e6-4768-bd1c-b943840d6040.png,pneumonia
all14238-fig-0002-m-f.jpg,COVID-19
7f9859ae-f79c-495a-b5ab-f717e2bde686.png,pneumonia
6987c71c-07ed-40e2-99e8-bf75fd78523a.png,normal
3e05a42a-757f-47bc-b968-acd340e29ec2.png,pneumonia
08725d04-9db2-4b52-87fe-6cdb150a4bb3.png,pneumonia
1F6343EE-AFEC-4B7D-97F5-62797EE18767.jpeg,COVID-19
78e99774-4538-4cee-aa1e-f7c64c2dbac2.png,normal
e6115487-cda4-4314-8132-fa8dc6655afc.png,normal
13fce2c5-6834-485f-8280-c3b0c1b952b5.png,pneumonia
d9763aaf-7377-45e0-a112-2ad0f3bb73ef.png,normal
kjr-21-e25-g001-l-a.jpg,COVID-19
bd7b4e6e-5384-4cce-9732-0dd7f9d15da8.png,pneumonia
740e0410-19ae-4fb0-a0cb-3c6e1ca6d16a.png,normal
5893d5cd-50f1-402a-a8ad-55a49f0f5ebf.png,pneumonia
3b368413-f2a0-41d7-a204-b55121e9ff75.png,normal
covid-19-pneumonia-20.jpg,COVID-19
3473faaf-3f36-433b-aa8f-4e69a9948d18.png,normal
f7cc8800-27a2-4aca-b9d2-d07030ecbd7f.png,pneumonia
b20b2346-f86c-45b5-aeea-a4b10e35b764.png,pneumonia
831dbfc0-b9b0-4201-9609-ace98fa96deb.png,pneumonia
c801ebd5-8032-473d-8a47-de337f59c904.png,pneumonia
f06be57f-963c-4516-8b46-2f6895c79710.png,normal
covid-19-pneumonia-34.png,COVID-19
505db6f2-1a55-4766-b72d-120d1a6dfdee.png,normal
182d2f6f-1cf5-42a9-a178-9ae0786c9236.png,pneumonia
11a2e0cb-ee1f-4d53-a211-b8faff6bf888.png,pneumonia
covid-19-caso-70-1-PA.jpg,COVID-19
608623de-7a7a-4988-8e94-61d8a0a1cbd3.png,pneumonia
b43dbfe0-cea8-4ce6-b608-e8ab671f09a4.png,pneumonia
48f302f9-b35e-42fa-9298-2563a0d9beb5.png,normal
9445481b-7d18-4afa-a5d6-335ff7a560fb.png,normal
d2b66ae1-3978-40bb-97e7-70a2f23689fa.png,normal
b829458e-0a00-4d7f-9b19-0efd59f2cd7a.png,pneumonia
8f664785-3fed-4146-a80b-e844738feff0.png,pneumonia
3866065a-3fb7-4253-97ef-930ab899a723.png,pneumonia
radiol.2020200274.fig3d.png,COVID-19
86e9848d-dd57-48b4-b016-5b1447fdbd58.png,pneumonia
5ec4ad99-e026-442b-965d-5394b59dcdbc.png,normal
b75e156c-58d8-41f1-90a2-4ec23a55afd8.png,normal
c848c8e3-50ac-4185-8317-e8baecaabc0e.png,normal
59107a2b-10d8-4c2f-90b6-ef6c6a8e4d83.png,normal
3b4bd4e1-b078-4d51-84c5-7e5e3905fb24.png,pneumonia
4f1112bd-389c-4689-988f-14f6ff4687ce.png,pneumonia
bfff04d1-f510-4c26-9525-57e4b6b27c62.png,normal
radiol.2020201160.fig3d.jpeg,COVID-19
SARS-10.1148rg.242035193-g04mr34g09a-Fig9a-day17.jpeg,pneumonia
2e8dae63-1cbd-4361-bb5d-3baba942bbc2.png,normal
4455076a-577d-4531-afed-17f91bca0ffc.png,pneumonia
b457ca36-8d41-4382-8488-b74f944e8a6e.png,pneumonia
7C69C012-7479-493F-8722-ABC29C60A2DD.jpeg,COVID-19
3f13b743-77e0-46a8-8f1a-12caa6007b16.png,pneumonia
b9cd9ce8-2450-44bc-8e83-9cab6b7b35ef.png,pneumonia
SARS-10.1148rg.242035193-g04mr34g07b-Fig7b-day12.jpeg,pneumonia
0c153d93-d65b-4d3e-90bc-8b26350e3476.png,pneumonia
covid-19-pneumonia-14-PA.png,COVID-19
abc5356a-b8b2-4a0b-9dab-14c54efb4f29.png,pneumonia
8b871c89-a13e-4778-9aad-c1a6d6f2ff82.png,normal
2bb1db95-73ad-46b0-8567-8a03d9a83def.png,pneumonia
629c147a-375d-4776-a230-57ef6892468f.png,normal
0bc7f47a-ecea-4b66-811e-096004721a63.png,pneumonia
ryct.2020200034.fig5-day7.jpeg,COVID-19
9e37fa75-a5c0-47e3-b069-f4b255e77c62.png,normal
ryct.2020200034.fig5-day0.jpeg,COVID-19
93550df9-7f67-404f-a974-516acecd5c48.png,pneumonia
a232cfa5-b1de-4178-9de1-d506c8db2f62.png,pneumonia
b0172af7-ae97-41a4-a848-cdea0fc1866b.png,pneumonia
cd0ae273-2dc6-4093-975c-b33e8982e441.png,pneumonia
df56b32e-332d-4edb-aeb0-518f41ee8586.png,normal
c14d9ceb-019f-45f6-9299-281b58de57df.png,pneumonia
kjr-21-e24-g001-l-a.jpg,COVID-19
streptococcus-pneumoniae-pneumonia-1.jpg,pneumonia
41591_2020_819_Fig1_HTML.webp-day10.png,COVID-19
e24b6a01-19a2-4b29-a2fa-780e09347e2a.png,normal
2C26F453-AF3B-4517-BB9E-802CF2179543.jpeg,COVID-19
04707463-aae0-4989-ae73-f9162275444e.png,normal
ryct.2020003.fig2-a.png,COVID-19
48b5f206-d246-4b30-abc1-aa640692fb75.png,normal
ad07e798-4dea-419f-94c3-f6ae51875465.png,pneumonia
8f88e942-6de5-4c75-96eb-edff7ded7a8d.png,pneumonia
