filename,class
80a57687-c167-429b-84b5-3ed038c18e38.png,pneumonia
kjr-21-e25-g001-l-a.jpg,COVID-19
41591_2020_819_Fig1_HTML.webp-day5.png,COVID-19
8f02a470-8b8a-4cbe-93da-06b39a41db32.png,normal
446B2CB6-B572-40AB-B01F-1910CA07086A.jpeg,COVID-19
radiol.2020201160.fig3a.jpeg,COVID-19
353889E0-A1E8-4F9E-A0B8-F24F36BCFBFB.jpeg,COVID-19
auntminnie-c-2020_01_28_23_51_6665_2020_01_28_Vietnam_coronavirus.jpeg,COVID-19
beb63eac-b9ba-40b5-89b1-8aed84ab43b6.png,pneumonia
bcb3a190-1449-47b4-a24d-ffd8701723d5.png,pneumonia
d84420c3-ad2e-4308-8686-22cf5035c65a.png,normal
4444f78e-c9ec-40c3-b8e4-867279366c8b.png,normal
radiol.2020201160.fig3c.jpeg,COVID-19
f277360c-a13a-4189-ac46-7125796e1628.png,normal
dee34d09-f146-45ec-a1c1-4cb4686878b8.png,pneumonia
15b28846-3e6f-40d1-b497-cea5abed3766.png,pneumonia
18774506-f9cb-497c-898f-0bade580f342.png,pneumonia
359ce100-a41f-40e2-ba95-c91b83725a35.png,pneumonia
dc1813b1-0576-4560-95ab-fd4a2b509823.png,pneumonia
2B8649B2-00C4-4233-85D5-1CE240CF233B.jpeg,COVID-19
b2592a14-6876-4e33-a1c3-ab09cd7c774f.png,pneumonia
1-s2.0-S1684118220300682-main.pdf-003-b1.png,COVID-19
cd928ddc-4bd4-4307-a659-4900fd70507e.png,pneumonia
b98714cf-6270-4394-a9eb-05454d7799df.png,normal
bdfd8e85-cf42-4353-add4-2cb713d87bd5.png,pneumonia
f326a7ef-e7f7-43e0-8c9b-e8ab6033a567.png,normal
SARS-10.1148rg.242035193-g04mr34g07a-Fig7a-day5.jpeg,pneumonia
da9e9aac-de8c-44c7-ba57-e7cc8e4caaba.annot.original.jpeg,COVID-19
9b19d8e9-16b4-4a69-bcf0-181d4709d3f0.png,pneumonia
cefe76c1-d7c8-4f95-830e-6491791f208e.png,normal
55521950-18eb-4dd0-abc3-52e52466fcdb.png,pneumonia
covid-19-infection-exclusive-gastrointestinal-symptoms-l.png,COVID-19
1-s2.0-S0140673620303706-fx1_lrg.jpg,COVID-19
dc719597-53f8-476f-a11e-0defa93be275.png,normal
aac5e3c9-f621-4193-8818-ca6ca3ba8320.png,pneumonia
covid-19-rapidly-progressive-acute-respiratory-distress-syndrome-ards-day-1.jpg,COVID-19
RX-torace-a-letto-del-paziente-in-unica-proiezione-AP-1-1.jpeg,COVID-19
bc52caa9-dd7a-4afb-bd3b-e66666ee0f12.png,normal
d20338e0-8ae9-4a30-9a0e-8225aae32073.png,pneumonia
0cac94e3-15f2-4657-beae-b508b5e0d176.png,pneumonia
861527f9-8aa7-4c7f-81b7-c8bf6fb68222.png,normal
bebc91e5-e9df-44c0-ad4f-305cddf7d98c.png,normal
covid-19-pneumonia-12.jpg,COVID-19
9d069a7a-0f05-45fc-8e03-d60eb960c3ef.png,normal
7EF28E12-F628-4BEC-A8C5-E6277C2E4F60.png,COVID-19
457e1b0b-89f5-4f7f-b752-fd8420414b97.png,pneumonia
covid-19-pneumonia-42.jpeg,COVID-19
617d8a06-9de7-4b9e-b7c8-a9c234a44602.png,pneumonia
e1bcfa18-5fed-4a92-85fb-14438a17719b.png,normal
e56ccd69-f456-4b20-8b39-d369c3b0164a.png,normal
22576a85-b417-4d9a-ad80-115b92a3975a.png,normal
b479635e-4c58-4d27-879b-fb0e87b2a1aa.png,pneumonia
6809dbcb-6f77-46de-beef-b9bb6fa06224.png,normal
dd43fb26-3526-4202-9612-25386e9495bb.png,normal
0353021e-7391-4aa5-80ca-d57a51123304.png,normal
covid-19-pneumonia-23-day1.jpg,COVID-19
163956ec-35f4-4df2-a3e4-0f9d8eab4066.png,normal
kjr-21-e24-g001-l-a.jpg,COVID-19
72667b71-9dee-478c-b49d-cade9780abd7.png,pneumonia
770b8908-24e0-4c1d-a3c0-4d75065b02b7.png,pneumonia
SARS-10.1148rg.242035193-g04mr34g09a-Fig9a-day17.jpeg,pneumonia
bc7585a2-4fd2-45fe-bbd6-3fbd5bc0d30e.png,normal
4566cfe1-c7bf-43be-9b25-013ff55f4370.png,normal
b270f32c-a58e-4e35-97ac-01540b2140e9.png,normal
right-upper-lobe-pneumonia-9-PA.jpg,pneumonia
SARS-10.1148rg.242035193-g04mr34g04b-Fig4b-day12.jpeg,pneumonia
2dd692a5-a60c-443e-8299-af5d03949b60.png,pneumonia
31BA3780-2323-493F-8AED-62081B9C383B.jpeg,COVID-19
ba38bcd7-f0bd-4ebf-9f5e-c63c8cb612c6.png,pneumonia
6f3854f2-65c0-4760-a1b3-7879bb7fc75f.png,normal
1-s2.0-S1684118220300608-main.pdf-001.jpg,COVID-19
covid-19-pneumonia-30-PA.jpg,COVID-19
3cdd4c46-2476-4203-9161-1bdfd56c4278.png,pneumonia
be367de2-d888-41df-90bd-82baaa80541f.png,pneumonia
f284005b-1ff5-4eec-b56e-87e0acfc247b.png,normal
99147d86-515a-47f7-a537-1692f2276564.png,pneumonia
pneumococcal-pneumonia-day0.jpg,pneumonia
804249b1-2260-408b-9aaf-3f2e3eeae93f.png,pneumonia
figure1-5e71be566aa8714a04de3386-98-left.jpeg,COVID-19
905cf7dc-9b4f-4c3d-816c-65c3b6be7237.png,pneumonia
aead3682-bdf4-4f43-8468-8e6ac3cd41fa.png,pneumonia
ded94391-8388-4a59-8e28-5c24729fe636.png,pneumonia
c422054e-4ce3-46ff-a45c-1a6c243236c7.png,pneumonia
1-s2.0-S1684118220300682-main.pdf-002-a1.png,COVID-19
d5be0945-b546-4640-b0a0-d2dd209122e8.png,pneumonia
fade31f3-4cee-4fe6-8d42-f858a2636eac.png,normal
8af8df8b-d98b-4e5b-a025-891708527dc7.png,normal
all14238-fig-0002-m-d.jpg,COVID-19
a89d0ed5-5c57-4769-855e-6cfb7b9958c1.png,pneumonia
af2a57e7-e519-470c-9dcb-2916e34e986b.png,pneumonia
3c6c4fae-aa8c-4fc9-ac6f-d0970cd37d79.png,pneumonia
figure1-5e73d7ae897e27ff066a30cb-98.jpeg,COVID-19
covid-19-pneumonia-evolution-over-a-week-1-day3.jpg,COVID-19
79001124-36d7-4eb5-b68c-7dcd7d8f54cf.png,normal
df5797ca-9b18-45c4-9dd6-301975a7903e.png,normal
3fc0ad26-a4e5-47a1-8074-80686ef85821.png,normal
cf63d55f-512b-43c8-8c84-0aedfc89f3a0.png,pneumonia
b1cd1f20-1ea8-4520-8875-97fa8c83dd9f.png,pneumonia
covid-19-pneumonia-22-day2-pa.png,COVID-19
c9814a4b-8bd5-4583-b968-d78138131baa.png,normal
574e8310-2477-4a25-992a-6f9511afd61b.png,normal
a6d1218c-2486-4468-95fe-0587409fae29.png,normal
3c0f1edd-10c2-46da-a01c-a151aa88f2df.png,pneumonia
aa1ab66a-081e-4c5f-a6b8-791a5182466e.png,pneumonia
28a2d8aa-9e29-48d4-b1e3-029e3451ce0b.png,pneumonia
97354b7f-c36c-4e81-a6ef-cbce71682715.png,pneumonia
14f630ba-5e88-4944-9040-9861c91dc362.png,pneumonia
ciaa199.pdf-001-a.png,COVID-19
cc5e82f4-2797-49c4-bcf9-643fdd46e85b.png,normal
804618f5-47f7-486f-a9d9-9da332ab8761.png,normal
53EC07C9-5CC6-4BE4-9B6F-D7B0D72AAA7E.jpeg,COVID-19
84c7222e-0f68-4de6-9f85-9e3fd1089f79.png,pneumonia
b2682847-53c4-490e-8549-c0aaf59d4af3.png,normal
f970005f-e300-4102-a486-f9bbf30849bb.png,normal
4ad30bc6-2da0-4f84-bc9b-62acabfd518a.annot.original.png,COVID-19
pneumocystis-jiroveci-pneumonia-4-L.png,pneumonia
covid-19-pneumonia-49-day8.jpg,COVID-19
ba083f79-b065-432d-b2b6-95850c35e9f0.png,normal
c681fe7c-61b6-4f94-a2d8-7790e0248d4a.png,normal
covid-19-pneumonia-20.jpg,COVID-19
39EE8E69-5801-48DE-B6E3-BE7D1BCF3092.jpeg,COVID-19
jkms-35-e79-g001-l-b.jpg,COVID-19
0befe74c-5802-4fd4-aa1a-e5487d685558.png,pneumonia
eb8ef9d5-adbc-40b9-b1a7-4d652eb95e27.png,normal
covid-19-pneumonia-23-day3.jpg,COVID-19
SARS-10.1148rg.242035193-g04mr34g09b-Fig9b-day19.jpeg,pneumonia
e260b5f7-5cce-41bd-a63b-baef4cdfd3bb.png,pneumonia
499d40ec-e646-4e4b-a864-a95f47b10413.png,normal
081a1f56-6c47-4b80-988a-3d357c977d65.png,pneumonia
3dcd7335-7ae9-48cc-99be-0839820485c7.png,normal
635058f5-90a8-46b6-8c4c-0989a3a82afb.png,normal
8d9fb29f-9dc8-4e56-8498-1f4d50ed4ec6.png,normal
3b6538ab-c405-4a7b-9e2e-239a97e224ef.png,pneumonia
e578f3f6-1eee-4a5b-8b5a-83b262c4e4ba.png,normal
4477cd9d-b6af-4e33-aea5-687bcd5f446e.png,normal
F63AB6CE-1968-4154-A70F-913AF154F53D.jpeg,COVID-19
d9f275f9-4f05-485d-8401-810b9f07a13c.png,normal
d7aaead6-13ee-4289-8791-beb5ab117da4.png,normal
ae5ace0c-758d-4f0d-9acd-3f4817b0634c.png,pneumonia
a5282399-d86c-4e4a-a91e-bd62a535d2ad.png,pneumonia
f530bed2-b5bf-4240-892d-ced0140d1a8e.png,pneumonia
covid-19-pneumonia-7-PA.jpg,COVID-19
11e13a2f-fc65-40c6-82d8-fa5aa88495a0.png,normal
bed364d9-7bad-4de8-b618-9de875b73d67.png,pneumonia
06634f15-9c78-47a1-97eb-f10f4c210765.png,pneumonia
b1c607c2-6651-4bfa-8a6c-ba85c349927a.png,pneumonia
572904bd-04f5-4378-aba3-994135ad7c61.png,normal
3cd1620d-069f-40cf-a63a-197a3eda9c66.png,pneumonia
1-s2.0-S1684118220300682-main.pdf-002-a2.png,COVID-19
3c8ebe92-dc43-48b9-bbfd-03dbc128d2af.png,pneumonia
ffae40ab-fcfe-4311-a74a-89f605dba48b.png,pneumonia
8c68ceb7-2d5c-450e-bfda-052b862de063.png,pneumonia
3b0e8d0a-230a-4483-96c9-d91bb17be632.png,pneumonia
covid-19-pneumonia-22-day1-pa.png,COVID-19
ed6e3fd5-ac11-4733-befd-aac7c6db0a7b.png,pneumonia
9fdd3c3032296fd04d2cad5d9070d4_jumbo.jpeg,COVID-19
af15d432-68fc-4a2f-b456-a0366722799f.png,pneumonia
fc0912c2-0cfc-420e-8c77-0fae34451d7e.png,pneumonia
5e6dd879fde9502400e58b2f.jpeg,COVID-19
32b0d04e-72fd-429a-8f71-6d1089e24415.png,pneumonia
35621d68-0915-463c-b0f8-2365c6e56e11.png,normal
ryct.2020200034.fig2.jpeg,COVID-19
7c919028-8325-42d6-8d89-c88595251616.png,normal
08cbc4cf-9efb-47e4-a77f-d734e6a273c5.png,normal
7f745324-a44d-440c-b964-d50208fb1e18.png,normal
904289e4-96a1-43c8-9eed-6cec2e9c8ddd.png,normal
1.CXRCTThoraximagesofCOVID-19fromSingapore.pdf-002-fig3b.png,COVID-19
d4a0c298-aed3-48ad-8f81-4ab8ba07fa78.png,normal
8c2b6caa-41cd-45c0-95f0-de71c3e9186b.png,normal
1b9d9477-b479-46bc-890a-663fad2e3358.png,pneumonia
eb8665d9-57d7-409a-a20d-51d0a7767adf.png,normal
3ac49fd1-c580-48f1-8e3c-6a50d3447ba7.png,normal
8cb08a13-17cf-4101-89c7-3ceebd0cad0d.png,normal
f59ae80d-d98e-465f-963a-1064764211f8.png,pneumonia
9cd4233f-b8c0-4c4f-82f2-5b7cfe3255d1.png,normal
378cab1a-12c4-4b24-a4f0-35f1d8eb8edc.png,normal
bcee03c8-2ff9-4b01-a6d6-a4ee99565d81.png,pneumonia
cf141763-efe6-4209-9b7c-fb8759e4ea50.png,normal
b2248f27-a5f1-427f-a84b-2e713da2ba9b.png,normal
f974aee2-90c8-4e12-bc06-6aa4a594e872.png,normal
covid-19-pneumonia-28.png,COVID-19
21b8cc03-edd2-4c5e-85e2-1c42c86b7d53.png,normal
85E52EB3-56E9-4D67-82DA-DEA247C82886.jpeg,COVID-19
8f8e6d37-39ce-483c-9611-2657275fd212.png,normal
ee48da1b-9ce9-4f57-90eb-5c131c285e84.png,pneumonia
f4ed7de6-fcbb-425f-9a20-9ef2dda05d78.png,pneumonia
79fdfa10-9752-4ab8-a1ca-7f33037dd5aa.png,pneumonia
11a41e42-fdb4-4216-9e04-d4914fe2186e.png,pneumonia
c538cfaa-3ee3-4a05-a67d-0224e244bf34.png,normal
fdfed7e0-ef79-4e38-ad9e-4da108f89543.png,normal
b0048d9d-6e9d-4a32-b852-12a696cb677a.png,pneumonia
aaab7a82-b63a-46eb-9d03-b9fba96ca983.png,normal
ea1a2c78-9e85-41ae-a7b2-19e8b60a752d.png,normal
auntminnie-d-2020_01_28_23_51_6665_2020_01_28_Vietnam_coronavirus.jpeg,COVID-19
7c5add91-0e35-4f1e-920a-9ea4d1335be0.png,normal
b776a863-b1da-4a7e-b688-b9a6ce6c3e75.png,pneumonia
14aee86e-0d8f-4fc3-b3ec-7ca26fc782bc.png,normal
all14238-fig-0002-m-f.jpg,COVID-19
d9e9d65f-dd61-4e76-aec0-0cc27e5c583e.png,normal
d0b2d5c0-e578-4520-b3e5-da57e93498e2.png,normal
b8fa31a7-52ba-4bd1-8b63-0568b6935306.png,pneumonia
bb9dbf74-41fa-4d03-bd77-26ad57c7f361.png,normal
5d21cecc-051e-4ac9-aaf3-12394e3ad6ae.png,normal
b82728f7-354b-4176-8908-8edbf3327e0b.png,normal
f058ba1f-6cf1-4127-9372-d93a5459a339.png,pneumonia
covid-19-pneumonia-40.jpg,COVID-19
06b52ffd-71b8-429a-a284-bb39240ed343.png,pneumonia
8b839eb7-342a-4739-af1e-5402a1b338b0.png,normal
5a4e67d2-ce41-426c-a695-b98fb6e0a276.png,pneumonia
d900e7db-3bf7-44a9-863b-19346fb05cdf.png,normal
d40f1544-3c94-4030-97ba-246ec42239d1.png,normal
686b3071-ceee-45c2-ad48-f091f4f5db78.png,normal
5A78BCA9-5B7A-440D-8A4E-AE7710EA6EAD.jpeg,COVID-19
402de17f-6c1c-4b1c-9ae8-d255ad23713d.png,normal
56443211-949a-46fd-a677-8faa8afdad28.png,normal
ddbca073-a2df-4012-bdcf-428e3c159188.png,normal
85ea73b8-aef6-43a1-819d-0ceb0af633f5.png,pneumonia
pneumocystis-jirovecii-pneumonia-2.jpg,pneumonia
bc054c4c-280f-4e1d-9b93-9563cd368aae.png,pneumonia
ada57dae-a677-4d5e-a9b5-1143893e9154.png,pneumonia
52f18c9e-7262-4fcc-a6bc-78e707214886.png,normal
a1328407-1ce1-492e-b014-27e30077cc27.png,pneumonia
a131840e-a6b9-4672-a837-e244596447ce.png,normal
60533df3-637f-4da8-955b-be149df0a192.png,normal
8e643402-fea2-4355-b577-56fdb7041f21.png,normal
covid-19-caso-70-2-APS.jpg,COVID-19
e98cc7dc-6a5c-4b3a-ab05-67351a18e3b2.png,normal
4b9908cd-9433-431c-9626-7e7590ff5978.png,pneumonia
41591_2020_819_Fig1_HTML.webp-day10.png,COVID-19
f566c3b0-cfd0-4857-8155-6e4c44e5c442.png,normal
72a10e64-2d93-4b61-8b90-8efef7284ced.png,pneumonia
88c25715-03f5-474e-9cee-5ad1f7beb4ce.png,pneumonia
gr1_lrg-b.jpg,COVID-19
aa49ed8f-c583-41e7-9fed-d5f930e19366.png,pneumonia
post-intubuation-pneumomediastium-and-pneumothorax-background-covid-19-pneumonia-day6-1.jpg,COVID-19
a6aa1429-135a-49ed-bbaa-ebede9b1b63c.png,pneumonia
659311dc-e5f9-4150-90c6-65e762f170e6.png,pneumonia
78c6e09e-25c0-45b0-974e-e314d2bdd4ec.png,pneumonia
ee3d45f9-5a4c-421d-a171-be0d8129e43d.png,pneumonia
50a23843-cbdb-4570-9033-fdd9e015d9e9.png,normal
01f0f4bf-e678-430e-b43d-2968e2c4976c.png,normal
pneumocystis-jiroveci-pneumonia-4-PA.png,pneumonia
931b6fb9-e53d-4748-8d66-0d0cf92c96ce.png,pneumonia
6dc49720-b500-4b82-8909-08bc243ea4df.png,pneumonia
a1538feb-5647-463b-9876-ca6e5ff00f48.png,pneumonia
ciaa199.pdf-001-b.png,COVID-19
radiol.2020201160.fig3b.jpeg,COVID-19
e77e8d88-11e5-4d15-8dfb-abcd5c09c9f0.png,pneumonia
9ee07fd5-612d-4a33-89a6-12fa8ce9bb48.png,pneumonia
2721b917-061a-489b-8580-db98f0e80d60.png,normal
84f26613-70e0-4161-8804-65835801f185.png,normal
702dd374-879d-4b8e-ad5b-7729f16a9ae2.png,pneumonia
82c630ab-a9f1-4655-88ca-9d48d3a80bfd.png,normal
d5c0eb30-b101-4bcc-a8c0-f08675b45efa.png,normal
35129138-f9bb-40cb-bce0-927b0116faf7.png,pneumonia
fff0b503-72a5-446a-843d-f3d152e39053.png,pneumonia
03BF7561-A9BA-4C3C-B8A0-D3E585F73F3C.jpeg,COVID-19
e21bd38d-504c-4256-9168-2f1ccc10ad94.png,pneumonia
87f8135a-b41c-4e39-83b1-ffd421057f82.png,normal
bf7bc9a6-d454-4edd-8752-9273448a3b10.png,pneumonia
2C26F453-AF3B-4517-BB9E-802CF2179543.jpeg,COVID-19
1ac5f0e8-f431-4400-b3f5-4a2224e540b2.png,pneumonia
15bd1033-0a76-4f21-a6e2-ce3dc0ec41e0.png,normal
bc6dd946-0b3f-445f-8d78-3cc39a0b14ae.png,pneumonia
all14238-fig-0001-m-c.jpg,COVID-19
b01cc638-77dc-4d41-b88a-1c7a9d041b17.png,normal
X-ray_of_cyst_in_pneumocystis_pneumonia_1.jpg,pneumonia
0d5478d8-151a-4ce9-85b4-87645d2f8bdc.png,normal
1172e6d2-4207-4b90-b66e-bf2b3af86462.png,normal
3478ea20-8761-4222-9c49-e738dffd4e77.png,normal
E1724330-1866-4581-8CD8-CEC9B8AFEDDE.jpeg,COVID-19
covid-19-rapidly-progressive-acute-respiratory-distress-syndrome-ards-day-2.jpg,COVID-19
7AF6C1AF-D249-4BD2-8C26-449304105D03.jpeg,COVID-19
9d33381f-6428-462c-a2bf-2b87d276f0eb.png,pneumonia
covid-19-caso-70-1-PA.jpg,COVID-19
f9bf7579-e589-4953-bd68-d92f44f0aa95.png,pneumonia
ba14333d-9629-4a0f-9517-b5899fecbe89.png,pneumonia
7C69C012-7479-493F-8722-ABC29C60A2DD.jpeg,COVID-19
b695950b-fcfd-47a6-8766-ce287cc3d415.png,normal
6a564802-a75c-4a40-957b-110303263bf7.png,normal
05632b7f-f4c5-4d67-aa93-8f3c04eb7937.png,pneumonia
1312A392-67A3-4EBF-9319-810CF6DA5EF6.jpeg,COVID-19
76d2bb0c-5802-4909-8e70-079710022536.png,normal
6CB4EFC6-68FA-4CD5-940C-BEFA8DAFE9A7.jpeg,COVID-19
f62488bf-6241-453e-af87-c7649ec75780.png,normal
3df0327c-2a52-4e32-ac15-1f0d287a9744.png,normal
3ed451f4-ff11-489e-9d3f-c7abf1c696be.png,normal
3022b5a2-88d8-48b8-8f90-55e037f4e86b.png,normal
a771930c-cb2d-4fcd-8ee4-8ce2acdd1115.png,pneumonia
pneumocystis-jirovecii-pneumonia-3-1.jpg,pneumonia
3a7feaee-a0fb-4db7-814d-ebc3a9f98824.png,normal
radiol.2020201160.fig3d.jpeg,COVID-19
72692f34-7a4b-4252-80fb-9d77b6288a47.png,normal
561d7e11-d3ac-4503-97fc-45b48e99afee.png,normal
9b3f2b9a-5f17-43b5-9a01-279de84c174c.png,normal
gr1_lrg-a.jpg,COVID-19
5fef0c10-048f-430c-a4c6-4a38fbc4be6a.png,normal
ab5af9ff-8001-4442-af29-693abdb98e14.png,pneumonia
40668cfa-55dd-40a3-86c4-805dd9d32202.png,pneumonia
17802f46-96cb-4658-ae3d-16be89ac69f5.png,pneumonia
C6EA0BE5-B01E-4113-B194-18D956675E25.jpeg,COVID-19
27532c20-7a0b-45b2-b229-496126a327ad.png,pneumonia
e96a0239-5630-4b54-8e34-d17a3bed5841.png,normal
bf999eaa-6bce-46f8-be87-1dc34ca20e97.png,pneumonia
28b800b9-9a1f-452a-a13f-381369f4d8f7.png,normal
616f7796-b973-4da5-9a6d-59988640d84d.png,normal
ryct.2020200034.fig5-day0.jpeg,COVID-19
b6b1bec8-7b77-470b-8c8b-0ed42482b347.png,normal
c252b18a-102c-463c-96e7-5c48dede71dd.png,normal
cbbb9dff-783f-4776-a06b-e1ff22cd6ad2.png,normal
2f801269-70c2-4987-a479-e25b91767ee1.png,normal
b98df72f-9bd3-4523-940a-b4075f1ff311.png,pneumonia
kjr-21-e24-g003-l-a.jpg,COVID-19
pneumocystis-pneumonia-1.jpg,pneumonia
covid-19-pneumonia-34.png,COVID-19
96cd8d5a-06ba-4229-9ecd-d6eab12eb19e.png,normal
pneumocystis-jiroveci-pneumonia-2.png,pneumonia
29b0895a-a35b-4681-9706-71bf3c50f857.png,pneumonia
pneumocystis-carinii-pneumonia-1-PA.jpg,pneumonia
44f25bee-b705-4e42-a599-abb8a9ec9221.png,normal
covid-19-infection-exclusive-gastrointestinal-symptoms-pa.png,COVID-19
9713425e-67ed-466f-8ff0-be9fed6729b3.png,normal
f32e03a8-4c73-49dc-a142-c6d8d55dff94.png,pneumonia
eb55e5c1-0065-4478-960d-fdd19793fb96.png,normal
b34524bc-e812-4067-a0e8-bd7185bfb814.png,pneumonia
5eaecd80-a0c5-4b3d-afda-9ca41e81976e.png,normal
jkms-35-e79-g001-l-a.jpg,COVID-19
e0207a1f-72f6-4f6a-912d-1fe58b1c7e30.png,normal
SARS-10.1148rg.242035193-g04mr34g0-Fig8c-day10.jpeg,pneumonia
349b7754-b129-4fba-a058-6568ffc131e1.png,normal
9e250ad1-581b-402a-a7df-dece604e7764.png,pneumonia
f218fda3-c484-4836-867d-b7ad037bfe4e.png,pneumonia
eba80948-4a28-4909-9b2d-06a0175c830f.png,pneumonia
3766b0a6-1769-4d82-b081-fa53531de34e.png,pneumonia
2966893D-5DDF-4B68-9E2B-4979D5956C8E.jpeg,COVID-19
SARS-10.1148rg.242035193-g04mr34g0-Fig8b-day5.jpeg,pneumonia
703bcb21-559a-4c64-9d9b-6ff164c06218.png,pneumonia
B59DD164-51D5-40DF-A926-6A42DD52EBE8.jpeg,COVID-19
covid-19-pneumonia-44-day-8.jpeg,COVID-19
covid-19-pneumonia-20-pa-on-admission.jpg,COVID-19
e9d5d7c2-0f97-4084-8702-1704e44083b6.png,pneumonia
b3332044-d191-4d1d-8cca-b11c30c79fa8.png,pneumonia
cc2b8292-35f6-484b-99b2-4afe247b1675.png,normal
b26151b2-5f68-4af1-9730-4d608dfde81a.png,pneumonia
covid-19-rapidly-progressive-acute-respiratory-distress-syndrome-ards-admission.jpg,COVID-19
SARS-10.1148rg.242035193-g04mr34g0-Fig8a-day0.jpeg,pneumonia
14fb269f-0b01-43c0-ac49-74f8394a6353.png,pneumonia
1-s2.0-S1684118220300682-main.pdf-003-b2.png,COVID-19
bca2cc4f-0482-4a86-9bee-2ed85b8dbd75.png,pneumonia
01E392EE-69F9-4E33-BFCE-E5C968654078.jpeg,COVID-19
ea230a52-b0d4-4aab-9bcb-73bf5fd46fb4.png,normal
71a4ce50-744f-49f2-8e17-6f39946b44f5.png,normal
1.CXRCTThoraximagesofCOVID-19fromSingapore.pdf-001-fig2a.png,COVID-19
9de7304a-bda3-4aa7-8002-c7b1b662745d.png,pneumonia
pneumocystis-pneumonia-12.png,pneumonia
65902ad5-4a64-4307-b87a-6eeae470d22b.png,normal
339728a0-cc96-409e-af99-8af5c6ce5f23.png,pneumonia
3e38095f-34af-4320-9e2f-a1979b96787f.png,normal
ef3ed802-8380-49e9-92d8-7750e6a7fe82.png,normal
171CB377-62FF-4B76-906C-F3787A01CB2E.jpeg,COVID-19
ba66a843-4afd-473a-82a6-7cc80bb74757.png,pneumonia
cavitating-pneumonia-4-day0-PA.jpg,pneumonia
808d5693-0d8a-4ed3-9407-1f842997e35f.png,pneumonia
post-intubuation-pneumomediastium-and-pneumothorax-background-covid-19-pneumonia-day1.jpg,COVID-19
pneumonia-7.jpg,pneumonia
b94eba02-b414-4186-8740-13e2696fb7a4.png,normal
b18b104d-6a96-4402-9e0f-64ca63b4f1ec.png,pneumonia
be55fd48-82bb-4996-91fa-b81a37f0db6b.png,normal
5f65bee6-5413-4c82-9f73-415793e1bef4.png,pneumonia
7E335538-2F86-424E-A0AB-6397783A38D0.jpeg,COVID-19
8be6c294-7297-4b1c-947d-11816b0ad1e4.png,normal
78906ef4-a605-4295-828e-4c853357e86f.png,normal
0c122fd9-6dc8-4224-baae-812ed5c4bd12.png,pneumonia
radiol.2020201160.fig6b.jpeg,COVID-19
F2DE909F-E19C-4900-92F5-8F435B031AC6.jpeg,COVID-19
f938d936-8c4a-497e-9b73-244a22786490.png,normal
32c3e235-1885-4aad-b4ad-2ef8583fbb78.png,pneumonia
a47c09af-6f13-4057-a0e6-6e1f422b584d.png,pneumonia
covid-19-pneumonia-23-day9.jpg,COVID-19
2847bf15-c5f4-47fc-ab15-0fec98933128.png,normal
lancet-case2a.jpg,COVID-19
66412414-434a-4a66-97e3-68bf804d8a4a.png,pneumonia
covid-19-pneumonia-19.jpg,COVID-19
covid-19-pneumonia-43-day0.jpeg,COVID-19
post-intubuation-pneumomediastium-and-pneumothorax-background-covid-19-pneumonia-day7.jpg,COVID-19
ffe16061-b19f-4333-8a03-b41aab42b47d.png,normal
f6ae6a07-2f67-49cc-92ac-c84daae85ba3.png,normal
180f5079-9805-4482-973c-f043aaeb2035.png,normal
78f9f5cf-ffc4-48a0-8895-bde50f783bfa.png,normal
covid-19-pneumonia-35-1.jpg,COVID-19
1.CXRCTThoraximagesofCOVID-19fromSingapore.pdf-000-fig1a.png,COVID-19
1.CXRCTThoraximagesofCOVID-19fromSingapore.pdf-003-fig4b.png,COVID-19
ea9d7193-35cb-4e5b-91d5-34a5509f7508.png,normal
ryct.2020200028.fig1a.jpeg,COVID-19
e319ed0d-cd63-4bd0-828e-9acca7997565.png,normal
3c0f0186-b2c2-4b74-b6c0-47eaf4a3b47b.png,normal
4699eae3-390a-4a76-9be0-7646d1a36425.png,pneumonia
covid-19-pneumonia-38-pa.jpg,COVID-19
15caed66-ea48-488f-8c54-4f6debd7645d.png,normal
SARS-10.1148rg.242035193-g04mr34g09c-Fig9c-day27.jpeg,pneumonia
e3fab001-eee9-4edc-b6be-9a60c912e2e5.png,normal
417553fa-ac96-4f78-bb07-e9e0d0c00ff2.png,pneumonia
41f305b0-0d5b-4378-9b40-91e1359ac22e.png,normal
fcb06a43-8652-4bbf-bdf8-bb961137302a.png,pneumonia
pneumocystis-pneumonia-2-PA.png,pneumonia
83219e04-36d6-435a-a51e-62cd90cb6401.png,normal
9a2a10ba-093b-48a4-a79d-d7e45dc9d29e.png,normal
4e43e48d52c9e2d4c6c1fb9bc1544f_jumbo.jpeg,COVID-19
all14238-fig-0002-m-e.jpg,COVID-19
40696bda-f0b2-492f-ad2b-f904a7967866.png,pneumonia
1.CXRCTThoraximagesofCOVID-19fromSingapore.pdf-002-fig3a.png,COVID-19
d29308aa-1deb-4c2c-b414-fdc0f49ef74f.png,normal
3b935aac-701f-406e-a4e8-eab033f2cc38.png,pneumonia
58cb9263f16e94305c730685358e4e_jumbo.jpeg,COVID-19
8fab5ace-cecc-4f99-9586-ac7329a571a3.png,normal
post-intubuation-pneumomediastium-and-pneumothorax-background-covid-19-pneumonia-day6-2.jpg,COVID-19
dbd636a9-a182-4bec-9998-07959ebb8484.png,normal
pneumococcal-pneumonia-day35.jpg,pneumonia
74bf8577-46a5-4066-bdaf-8952dacb2712.png,normal
auntminnie-b-2020_01_28_23_51_6665_2020_01_28_Vietnam_coronavirus.jpeg,COVID-19
e9837763-07fd-428b-8cd1-2bcaf05f7162.png,normal
d01efc31-f83e-46dd-a3a1-1eb73f60ddcc.png,pneumonia
radiol.2020201160.fig2c.jpeg,COVID-19
radiol.2020201160.fig2b.jpeg,COVID-19
ae2e618e-ca4d-4fbc-aae5-d6f39e4b484f.png,pneumonia
e7f67f50-2929-431f-a9fc-adc24518a87a.png,pneumonia
c601b6c1-5fee-4980-8dd9-69c4fa054aeb.png,normal
05bb6f8d-453b-4e56-ae92-2600e058ba65.png,pneumonia
da31f911-ffdc-4348-90a5-cbdccd644e67.png,pneumonia
41514a7f-f3ce-473e-a15d-cfd41b475aaf.png,normal
c106ddba-42f7-440c-9ba9-f3fa6692f06f.png,pneumonia
pneumocystis-pneumonia-8.jpg,pneumonia
74eb29cc-33a7-4ad4-b420-a4f4ba34cf19.png,normal
cad26b43-35ef-4bdf-8244-a7fd9172f9d4.png,normal
covid-19-pneumonia-44-day-0.jpeg,COVID-19
820a493d-b8cb-4724-9609-4db39b42f368.png,pneumonia
fa9279e7-29b5-4997-b30d-dcfa0a3ba47f.png,normal
nejmc2001573_f1a.jpeg,COVID-19
591bf0e7-3dc0-4d39-b4e7-e85bc8528516.png,normal
wong-0000.jpg,pneumonia
1.CXRCTThoraximagesofCOVID-19fromSingapore.pdf-001-fig2b.png,COVID-19
1015e103-bda6-4664-978d-f761cd2982cb.png,pneumonia
6b4bdb62-26f2-49c3-8177-7b9081b007df.png,normal
cee8b61a-d0aa-42f7-8f90-0be7aac05636.png,normal
5df1e543-92ca-42f2-94a8-7446f944a1ba.png,pneumonia
62ceada1-7d9e-4ad4-922c-14bee84f8a0f.png,normal
dd53ca39-9356-470c-b7e5-fa204a2de17f.png,normal
5d26f70c-8d1f-4a15-a618-c28ae3323c1a.png,normal
nejmc2001573_f1b.jpeg,COVID-19
4139d848-af6d-4264-84ee-599cece63d48.png,normal
1F6343EE-AFEC-4B7D-97F5-62797EE18767.jpeg,COVID-19
cc0be168-3b95-4a71-9e74-e2cf577dfb4d.png,pneumonia
e782f1a7-23b3-4167-be7f-1a959259af87.png,pneumonia
radiol.2020200274.fig3d.png,COVID-19
99ca1f62-afb3-4cea-9219-1e801bcef3f4.png,normal
1.CXRCTThoraximagesofCOVID-19fromSingapore.pdf-003-fig4a.png,COVID-19
b815bf0c-9150-4a9f-acd5-d278a35e505d.png,pneumonia
e115f3df-0b0e-4c22-8543-559f1945cffc.png,normal
cavitating-pneumonia-4-day28-PA.png,pneumonia
81d9d146-e9bb-478b-aeed-c2431780030e.png,pneumonia
2458bc6a-a46c-42f7-b25f-135c7db35a8b.png,normal
340e5ce5-5845-4c7d-be4d-a646c7e5c4ed.png,normal
377c27f9-b004-40b4-95b3-dc79b067314c.png,normal
5931B64A-7B97-485D-BE60-3F1EA76BC4F0.jpeg,COVID-19
radiol.2020201160.fig2d.jpeg,COVID-19
82edc80d-0b41-45e4-8460-e46f64c67dbf.png,pneumonia
4fbca954-47d2-4bcb-b0c4-3963548901f5.png,normal
5e30641a-d90c-47f8-a798-76155850846b.png,pneumonia
ryct.2020200034.fig5-day4.jpeg,COVID-19
e8a7fd94-3616-448a-a57d-f4507987f185.png,pneumonia
2877c9be-1665-4131-ac0f-7b145696ebc5.png,normal
e444b79e-a477-4668-9a69-7b5ade5bb214.png,pneumonia
ryct.2020003.fig2-a.png,COVID-19
76712baa-545a-42d8-8670-79a56926349f.png,pneumonia
pneumococcal-pneumonia-day7.jpg,pneumonia
b475fe0e-6ef4-4715-a783-c7cc710d4233.png,normal
covid-19-pneumonia-14-PA.png,COVID-19
wong-0005.jpg,pneumonia
covid-19-pneumonia-8.jpg,COVID-19
ab4e14e3-259f-4e54-8860-b2762e8374e9.png,pneumonia
9a739d03-2cb0-4cef-83af-62f23231042a.png,normal
743d1905-767a-4dc2-9082-b2f11df0ab39.png,normal
a32d9e87-b796-46de-89f8-adad0149ca1d.png,normal
d40018c2-05d5-4f61-8287-7f43580ea249.png,normal
c41e7aa1-860b-47fb-9cbd-8dfc3053edcf.png,normal
54e2c5a0-508f-4bbb-bac9-818d46166394.png,normal
f759e4b7-21fe-4f3a-aaeb-0b8b99cb103c.png,pneumonia
fc355455-f89c-4203-97da-50f007c2b7d8.png,normal
33d2956a-0501-471e-847f-ef9a0f4a18d2.png,pneumonia
covid-19-pneumonia-evolution-over-a-week-1-day6.jpg,COVID-19
A7E260CE-8A00-4C5F-A7F5-27336527A981.jpeg,COVID-19
730b6928-fd01-4955-b4be-bca1e1e9306f.png,pneumonia
CD50BA96-6982-4C80-AE7B-5F67ACDBFA56.jpeg,COVID-19
78e4c1ad-8adf-4620-acac-7675c7da1ee8.png,normal
3c1a0a47-72ef-44df-bc99-88af8a191c4d.png,normal
4d33b7db-3776-4ddb-8f60-f3a87bd80b16.png,normal
ryct.2020200034.fig5-day7.jpeg,COVID-19
df4470f6-216e-4636-9f88-47e3adca6e56.png,normal
5CBC2E94-D358-401E-8928-965CCD965C5C.jpeg,COVID-19
1-s2.0-S1684118220300608-main.pdf-002.jpg,COVID-19
4a0ac288-abcc-4e82-9080-c8d921cc35c5.png,normal
77158193-070f-420c-aa5a-1610601ef4ce.png,normal
b9685ffa-8248-4135-9f26-27a485ec601f.png,normal
ad587880-a108-4b52-bf4a-28d248bb1539.png,pneumonia
915023f7-c83f-4819-9982-7d5fd43296e0.png,normal
SARS-10.1148rg.242035193-g04mr34g07b-Fig7b-day12.jpeg,pneumonia
nCoV-radiol.2020200269.fig1-day7.jpeg,COVID-19
565ebdfa-d002-4503-a1fe-855657522eb8.png,pneumonia
covid-19-pneumonia-evolution-over-a-week-1-day4.jpg,COVID-19
bb6697ee-46a6-47ee-8ed5-5ba295327702.png,pneumonia
ad04815f-f706-4323-bc71-a99cf971db8a.png,normal
40346c30-cf4a-4fe3-a6a1-935ac182a551.png,pneumonia
eb0cc4c8-4ce7-46b9-9ad2-c4bb71fcbf59.png,pneumonia
3fbcdd00-8633-4bcc-a264-9a013073443d.png,normal
bee9c557-4bce-435f-8de8-bfb37663ccc6.png,pneumonia
4e38d9d2-617a-4615-bdc1-dd0575e6586a.png,normal
7342f4bc-2ce8-4d13-b820-7d90f8804a1b.png,pneumonia
b4abc0a4-600c-4834-bd71-c9dbb21eaaf0.png,pneumonia
7c517917-3359-419d-910d-b0ab4865d65f.png,normal
90c94044-f079-4967-ab35-665ba19bbf6e.png,normal
pneumocystis-jirovecii-pneumonia-3-2.jpg,pneumonia
d2e16b46-2400-4ff1-bdec-3ed42e49155b.png,pneumonia
8a16c996-0d96-42fb-a51b-c60807a37169.png,normal
e4f486ca-5331-400a-854b-c0bd2648c124.png,normal
37af3cbd-73c4-473d-bda7-5445d4cc6da9.png,normal
2C10A413-AABE-4807-8CCE-6A2025594067.jpeg,COVID-19
radiol.2020200490.fig3.jpeg,COVID-19
c6f1d032-6dcf-4ff6-a949-884b0416d7a0.png,normal
a7649c2a-2a7b-4fbe-8615-fc1346d526b4.png,normal
9dde630b-1f95-46e6-bcde-117eee4c7283.png,pneumonia
a649b923-8e6a-4bed-8874-582bbf5c4e6c.png,normal
8b007266-3691-4ac5-af94-79d8fe6f1bd5.png,normal
bdc799a8-41b5-49fc-b419-8759349acb8a.png,normal
293f4b7b-3a6e-44a6-b9d2-810b139094cf.png,pneumonia
34533320-e0b8-4286-9909-5587fee2a9d0.png,normal
6b44464d-73a7-4cf3-bbb6-ffe7168300e3.annot.original.jpeg,COVID-19
f5808231-bcfc-4205-95cd-9ba5ed5bed03.png,normal
660f30ba-71a2-4066-a469-0aeacd155d2c.png,pneumonia
fa12fd68-820d-450b-9e36-589caa97a286.png,normal
lancet-case2b.jpg,COVID-19
all14238-fig-0001-m-b.jpg,COVID-19
1bd9de29-597c-4cba-8581-83355af4c667.png,normal
655b50aa-398c-4021-b661-7625acdbdbc2.png,normal
32ceee8d-3208-4abc-b329-55f7d2264398.png,pneumonia
3a0c1a58-6d13-43f3-a5a0-07d8ecdf7fd5.png,pneumonia
figure1-5e75d0940b71e1b702629659-98-right.jpeg,COVID-19
90be7b6e-0db5-4395-843e-d38966f41412.png,pneumonia
7fb3e6fd-596b-41e7-815b-b2be3f856184.png,pneumonia
3e07be0a-9693-4f9c-9295-9e72b3e2a872.png,pneumonia
d4bee165-b0e1-416d-9a12-0291ff70384b.png,normal
covid-19-pneumonia-43-day2.jpeg,COVID-19
6df98c27-9d92-44de-a408-b67f5570add2.png,normal
095edab1-09c6-4f83-931e-f0a33b77639c.png,pneumonia
072e0dbf-11d7-4c57-8161-10c8e7b2f0bf.png,normal
c3b02a3e-916d-4b80-ada0-3dabc7d5fd60.png,normal
babdbcc1-8748-482f-b646-8034334fec25.png,normal
bc15c129-4d16-4190-83dc-a775dd982bd0.png,normal
0c8199bc-2634-4196-b81b-4732adac9926.png,pneumonia
parapneumonic-effusion-1-PA.png,pneumonia
auntminnie-a-2020_01_28_23_51_6665_2020_01_28_Vietnam_coronavirus.jpeg,COVID-19
covid-19-pneumonia-53.jpg,COVID-19
pneumocystis-jirovecii-pneumonia-3-3.jpg,pneumonia
931a0cfd-5353-4f3e-9891-83aef97d321a.png,normal
6adaad70-4f68-478b-b489-6824830a7688.png,normal
4c0aedf3-846f-4895-8296-27d19a566917.png,normal
covid-19-pneumonia-evolution-over-a-week-1-day0-PA.jpg,COVID-19
4803e92d-e9e1-46e3-adca-986a789a380e.png,normal
jkms-35-e79-g001-l-c.jpg,COVID-19
SARS-10.1148rg.242035193-g04mr34g04a-Fig4a-day7.jpeg,pneumonia
dceacfbe-4f6c-4c1c-9fbe-67a4afde854b.png,normal
ciaa199.pdf-001-c.png,COVID-19
0103fadb-1663-40a6-8a9e-09d626cd2091.png,normal
c654fc41-f1d0-46d9-8fe1-cc56e09cdefa.png,normal
4a699c93-97ed-4b6e-b36b-e58088eb24e4.png,pneumonia
7a58ecf6-9b13-4a3b-b27a-53365378156f.png,normal
32696785-8a96-4e01-977e-03559d1afd71.png,normal
d6f13820-9629-4032-9aa3-c4ef8f8fa996.png,normal
eb211810-c51d-42c7-913b-d327c8ca4dd7.png,pneumonia
7478b0de-d067-48b2-b3e2-fd34319e0690.png,normal
d9957c75-1071-4e38-914b-b152f89c3b57.png,normal
7be096ac-d43e-47e6-8325-4d404ed8106b.png,pneumonia
63001e5c-b9ec-4df2-913a-540f18912428.png,normal
covid-19-pneumonia-35-2.jpg,COVID-19
afd36690-c66b-435b-8f10-bbf7dd5a2216.png,normal
dff97b36-425f-457e-9284-65efe8ac5852.png,normal
8917b2df-a22a-4da0-935c-397926ad5a1a.png,pneumonia
d6b6027b-bf05-4ca7-a1d6-8b8bf40cf76e.png,normal
2e34adf2-9e00-4e46-8510-a8d0fc2d3b94.png,normal
covid-19-rapidly-progressive-acute-respiratory-distress-syndrome-ards-day-3.jpg,COVID-19
covid-19-pneumonia-2.jpg,COVID-19
dff6e362-b26f-4af8-8798-eb0609a137b5.png,normal
9388011e-2250-40d3-be0e-39bc418d984b.png,pneumonia
1ba35bfc-7641-42cd-9988-260fd0f82be1.png,normal
a24e4fa1-c3ee-4974-9c88-7b75b6a5138e.png,normal
166088ea-38d0-4881-8a1a-7e6d5fc442dd.png,pneumonia
165e4595-deeb-4910-b06b-89e2fba035f6.png,pneumonia
e8fe76e2-fef3-4d7b-8678-26fb32573f82.png,normal
a7caec7a-dd5a-48af-ab0e-817aa2617b9f.png,pneumonia
72848196-fd24-4106-9c33-9c29b7a66a04.png,pneumonia
174dea20-4712-4425-8328-b0a38e8f88ef.png,normal
000fe35a-2649-43d4-b027-e67796d412e0.png,pneumonia
87fc53e8-012a-48a9-8901-199587a01ba8.png,normal
fff49165-b22d-4bb4-b9d1-d5d62c52436c.annot.original.png,COVID-19
c74d5dc7-fa15-4bd7-bc0e-f3c590c92c10.png,normal
34ba0b9f-640e-4e8d-9f60-3e6094cd3e50.png,pneumonia
ryct.2020003.fig2-b.png,COVID-19
fa532a37-779b-4d09-af50-553d103ff4d2.png,pneumonia
1.CXRCTThoraximagesofCOVID-19fromSingapore.pdf-000-fig1b.png,COVID-19
ryct.2020003.fig2-c.png,COVID-19
f7d0e9c2-68d8-4742-9ce6-1ac3d250cb35.png,pneumonia
7d3b3dd0-2fa5-43dc-a84b-673bc0eebaa7.png,pneumonia
streptococcus-pneumoniae-pneumonia-1.jpg,pneumonia
1467b120-791b-4d54-a7ac-26c3f2201891.png,normal
7d674c82-5501-4730-92c5-d241fd6911e7.png,pneumonia
6c685c7d-2d48-4791-ba79-21136b30347b.png,normal
38266a50-cf99-4476-884a-da94f3c51cba.png,normal
9e763f85-b627-45b6-ad70-2982aae80d5d.png,pneumonia
a3d54ec1-68db-497a-ba57-b7feeb3b7739.png,pneumonia
17042665-a8a3-4538-a665-39126634f3dc.png,normal
kjr-21-e24-g002-l-a.jpg,COVID-19
9177fb1f-daa1-4ca3-8dd0-fa2dc7194bd8.png,normal
4176a497-89dd-454f-bbfe-db8d4c387432.png,normal
91b2dbb3-48bf-46fe-8d23-e74580133cd3.png,pneumonia
80446565-E090-4187-A031-9D3CEAA586C8.jpeg,COVID-19
23E99E2E-447C-46E5-8EB2-D35D12473C39.png,COVID-19
covid-19-pneumonia-49-day4.jpg,COVID-19
38247d25-1b31-438b-a0b1-53294160846f.png,pneumonia
928fedb8-0cf6-447f-b6f3-292ac06b2b35.png,normal
d815454a-5088-407c-8822-af205bec401d.png,pneumonia
60e569c0-cc9d-48b3-b554-c871e3107665.png,normal
8a0f1bf7-0ce8-4fff-b5ad-398aa0b6015a.png,normal
6480ace6-1b94-482a-8023-78f13c130c57.png,normal
8359edc2-7296-4807-91f2-97b6fa47bc7b.png,pneumonia
