filename,class
5388b543-b3cc-4d17-b620-e9defedd7715.png,pneumonia
73fdcfb6-42ad-4be4-92b4-641250252431.png,normal
2fa75092-e364-4326-b5b0-f1d61df464c8.png,pneumonia
f102abdd-ca61-4d8d-b2ed-753d523ebb3f.png,normal
7e722f23-4ffe-4448-96d2-a219b56d47ce.png,normal
56dd1ee4-9568-4763-9a1f-36b6df629329.png,pneumonia
096a447e-8908-432b-a713-a51d3cd2ae9e.png,pneumonia
5b5f544d-08a6-43c2-9543-68d0bef8e2cb.png,normal
auntminnie-a-2020_01_28_23_51_6665_2020_01_28_Vietnam_coronavirus.jpeg,COVID-19
covid-19-pneumonia-35-2.jpg,COVID-19
65139428-111f-4e09-82a6-14fafe18cbbe.png,normal
904070bc-c210-47ef-b886-abb6b0dd7ee3.png,pneumonia
1.CXRCTThoraximagesofCOVID-19fromSingapore.pdf-000-fig1b.png,COVID-19
1.CXRCTThoraximagesofCOVID-19fromSingapore.pdf-000-fig1a.png,COVID-19
e64850f0-0e2e-4dff-880a-b86992a6fca1.png,normal
1a04f083-d880-4493-87be-68521bc197c1.png,pneumonia
755c7169-e84a-4327-a4d6-b0ff906a88f8.png,pneumonia
ba18ab80-91fc-4c9b-9ec9-e59c0229f49b.png,pneumonia
27ee75df-d2e3-40c0-994f-3efd14e6dafb.png,pneumonia
73c536ff-9071-44d0-8b4e-1445ad87894b.png,normal
68c5169b-377b-4025-a26a-1e941a55a667.png,pneumonia
d0eddd98-9377-475a-94d8-6c9663fa8396.png,pneumonia
6a5d55af-fc99-4957-9404-f08e4150dc55.png,pneumonia
1-s2.0-S1684118220300682-main.pdf-002-a2.png,COVID-19
fc79453b-0369-4c86-9024-6f12b8d0ec86.png,normal
79cb4053-b062-4be9-8922-9585b170d8fc.png,normal
cfe656f2-a8e8-4bcb-a29a-511c9f2f7211.png,normal
a0c64b6b-5c91-422e-96a6-5389d9c23cec.png,pneumonia
5A78BCA9-5B7A-440D-8A4E-AE7710EA6EAD.jpeg,COVID-19
bfd8ef59-552b-479a-888c-1444384b828b.png,pneumonia
18f8382a-edb1-4e16-b0a0-9cccf86a895c.png,normal
512d246f-2480-4820-810a-dfa2d188f9b6.png,normal
798cc681-1bc3-4421-a2a3-eb6712925d7e.png,normal
b020667e-66c9-42f9-af4e-83fa346b60a2.png,normal
8c2b6caa-41cd-45c0-95f0-de71c3e9186b.png,normal
5fc43445-7ce7-49ec-9bb3-c768966056df.png,normal
47167140-49c9-4f83-b630-f0fe4f53a935.png,normal
SARS-10.1148rg.242035193-g04mr34g04b-Fig4b-day12.jpeg,pneumonia
nejmoa2001191_f1-PA.jpeg,COVID-19
d92599fd-687c-4f1a-b9be-5dc0852c0f2b.png,normal
f8cf5335-860a-4248-8ee6-fa92dde76ab8.png,normal
4f74bcc6-ba60-4ce3-bb99-d4c0cf024c4a.png,normal
ac36c55b-581a-4af8-bbf6-2334f565ce06.png,normal
aa886a54-00d6-4f04-91b8-498c5c1bbc65.png,normal
bf6e8629-59e7-4866-8033-65db70e55b14.png,pneumonia
42a2589c-761a-41e0-b7a4-331214140b5d.png,normal
dd28e18a-42fb-4bfd-a6c3-d1b146817ecf.png,pneumonia
ae61cc11-2e4c-4715-8048-408677485e60.png,normal
a680fb61-719f-4e22-af95-ce92c24277dd.png,normal
be55fd48-82bb-4996-91fa-b81a37f0db6b.png,normal
d2d34c67-2cea-46de-9fdd-1f0fca7f6741.png,normal
244ce2a0-21d8-4f75-a118-dd5a51658bc7.png,pneumonia
a33596ad-c382-4875-9c5a-5b30f3574549.png,normal
da681fc0-f813-484e-b4e5-5730f3fb5782.png,normal
36bd8ee6-cfb2-48ae-a57d-dcea7ba8deec.png,pneumonia
180f5079-9805-4482-973c-f043aaeb2035.png,normal
adbd0f93-b694-41f2-947e-44c7804cacb4.png,pneumonia
6c917d96-f4b2-4c0c-b4dc-fcb399cfcb87.png,pneumonia
1321f38d-adb7-491d-97eb-277d57ab6e59.png,pneumonia
9bb53dc0-28ed-47ed-bff3-9e6cc3c03d62.png,pneumonia
820a9541-f7cf-4b39-ab04-6d1befbd0835.png,normal
nejmoa2001191_f4.jpeg,COVID-19
751cf854-91ca-4bca-ada1-0442ccbda41a.png,normal
eef875e3-f6ce-457d-bb4f-7c42bf3cce09.png,pneumonia
add89c20-44cf-461a-9857-c41d753d4062.png,pneumonia
68cad8ac-5e8e-45d8-ab2f-8a119580087d.png,normal
ecfe3c96-fb4c-4e3c-b8aa-2594c971f5c6.png,normal
1fd15b31-7b21-483d-bbef-e9893d6a051b.png,pneumonia
aa819afb-106c-4d2a-a32e-e9ca8f5d63a6.png,normal
831dbfc0-b9b0-4201-9609-ace98fa96deb.png,pneumonia
right-upper-lobe-pneumonia-9-PA.jpg,pneumonia
6c64fe3d-2ee7-4c33-80f1-7860773428e5.png,normal
615aa2bd-c60b-473a-8e6f-d04f406dd034.png,normal
72a6910e-c0f2-422e-988b-dcbf1450f0e6.png,pneumonia
16e5a578-1e41-4fa1-ba13-bf18051625cc.png,pneumonia
c3678e72-ceb4-42d0-8e44-5a4de7ebfccb.png,pneumonia
37731818-2afa-4a22-bd18-db49152ae9b7.png,normal
3bd5e45e-886d-4d51-8bc5-f7714984e7c1.png,normal
3b4f98fa-8ade-41d8-a4a1-7779a17eac1e.png,normal
2C26F453-AF3B-4517-BB9E-802CF2179543.jpeg,COVID-19
2af7c7b5-4b57-470a-9b31-1f167e3e500a.png,pneumonia
35956b97-fd90-43fd-a2f3-670ba5ef779c.png,normal
1accb591-63ca-462d-8bd8-83be3cb91df2.png,pneumonia
e1d5a233-39ca-41dc-a289-b07c3e78cdb1.png,pneumonia
ciaa199.pdf-001-a.png,COVID-19
3f13b743-77e0-46a8-8f1a-12caa6007b16.png,pneumonia
9f579871-0644-4b33-8547-240b76dbccdd.png,pneumonia
af98dfd4-7155-481f-b07e-fbecf6ddc40d.png,pneumonia
ede555a5-32c3-4f33-8fe4-aba2e9255be4.png,normal
8b8369dc-4085-4e1d-b1ca-5e1de60c15f0.png,pneumonia
9fad94f8-dbcd-4858-9546-c6f19257bdfb.png,normal
c39dcf42-97d1-4be3-bdf1-15ec94e99c24.png,normal
C6EA0BE5-B01E-4113-B194-18D956675E25.jpeg,COVID-19
nCoV-radiol.2020200269.fig1-day7.jpeg,COVID-19
09db0213-0ad3-4062-bc7b-9a82e5a74097.png,pneumonia
9a3f2627-ed43-4666-9f27-01589d9c6d44.png,pneumonia
23bc2cd7-226a-4248-81e7-59816cdb3446.png,normal
ef9fb572-2914-4d16-982a-59eb99f5567b.png,pneumonia
8b1cd490-a9de-4c63-9fb6-3758d1413838.png,normal
lancet-case2a.jpg,COVID-19
77aead0b-3112-411b-ac8b-71b9b8fad3ee.png,normal
43fe8d49-f87f-4fbe-8e6b-d715ac8905db.png,normal
3fcc1a52-4329-4c61-9a79-f62c237387dc.png,pneumonia
680d309d-3aa5-4883-ae61-1b211286f5a4.png,pneumonia
2B8649B2-00C4-4233-85D5-1CE240CF233B.jpeg,COVID-19
covid-19-rapidly-progressive-acute-respiratory-distress-syndrome-ards-day-3.jpg,COVID-19
0c861344-c755-4072-ab28-1d29be4949f5.png,normal
radiol.2020201160.fig2d.jpeg,COVID-19
dcbc1eb6-52a1-41ab-862c-547f94f0ee05.png,pneumonia
e7a47a98-2dd9-45af-9818-1ebd88cfb700.png,pneumonia
covid-19-pneumonia-14-PA.png,COVID-19
697491a0-2dfb-4d33-ace5-e824a637215f.png,pneumonia
203b7f39-41eb-4b06-ae00-387fbfa45dd8.png,pneumonia
8eebaba1-9c84-4c23-b7b6-6307acc1cb6c.png,normal
850c772b-b01b-42e6-87f8-d097e92ae793.png,normal
post-intubuation-pneumomediastium-and-pneumothorax-background-covid-19-pneumonia-day6-1.jpg,COVID-19
ebf19d5c-7a4e-4192-8cc7-2bb14f20e48a.png,normal
925b38e7-1c45-41a7-a2ca-f09d5a547341.png,normal
cc7ab8d7-56f9-45e8-b585-c3dc132de8cf.png,pneumonia
7193cbb0-daf6-4ee6-90b4-1db93123040d.png,pneumonia
covid-19-pneumonia-30-PA.jpg,COVID-19
793903d1-6562-49e8-8db5-db0a53b0ebd0.png,normal
3cf4dbff-f5ff-407e-b902-be8040ed992a.png,pneumonia
0f510183-11b0-4356-b8ae-24ac9e3814c4.png,pneumonia
395f9b17-14bc-4f76-9632-f76eaf760e0a.png,normal
ff7e4f5e-9895-43c6-bb13-8a482c5a0c27.png,normal
pneumocystis-jirovecii-pneumonia-3-1.jpg,pneumonia
5b684669-0ee0-44ff-851b-e2f6146c7e30.png,pneumonia
b39fd1cb-b769-453b-84c9-3412d8d1138a.png,pneumonia
62304642-5873-472e-84cf-9c4f45fb4250.png,normal
79fa156c-c4f5-478d-a14d-80cc4db5cb8d.png,normal
f88b00fa-454b-4965-8279-bad3674a9909.png,normal
dc1ff256-d678-4d7d-b4b9-6254ed110f4b.png,normal
306ff5d4-1ea2-4ce1-9fc7-25a98fac5148.png,pneumonia
0637b804-e693-48d1-8716-f7c63ce6162a.png,pneumonia
pneumocystis-pneumonia-1.jpg,pneumonia
6eb8ad82-c8a2-42dd-9d02-f11c8544d7a7.png,normal
341983d7-a04e-4b75-a021-1c5562139301.png,pneumonia
72f5ea03-e82b-4062-8e3e-32bdd8d3229c.png,pneumonia
5CBC2E94-D358-401E-8928-965CCD965C5C.jpeg,COVID-19
9cc6707b-0793-492b-b59a-ededa08fb144.png,pneumonia
covid-19-caso-70-2-APS.jpg,COVID-19
all14238-fig-0002-m-e.jpg,COVID-19
80fa07f6-04fa-48b5-9383-8a1d273eaa42.png,normal
41591_2020_819_Fig1_HTML.webp-day5.png,COVID-19
341a6e43-a2cc-4b6b-8aa0-7766b661377b.png,pneumonia
e6063bd8-e46c-4430-a63c-03adc37511f7.png,pneumonia
E1724330-1866-4581-8CD8-CEC9B8AFEDDE.jpeg,COVID-19
93ce33ad-9123-4185-9b16-3b759a093027.png,normal
7ddece1d-137e-486e-a19b-8fce32365127.png,normal
90c94044-f079-4967-ab35-665ba19bbf6e.png,normal
6166a1c5-b6d2-48f5-b620-eb91ad325b15.png,normal
post-intubuation-pneumomediastium-and-pneumothorax-background-covid-19-pneumonia-day6-2.jpg,COVID-19
pneumocystis-pneumonia-8.jpg,pneumonia
f66549b1-f756-45d1-88cd-f0083e9a25ca.png,pneumonia
lancet-case2b.jpg,COVID-19
CD50BA96-6982-4C80-AE7B-5F67ACDBFA56.jpeg,COVID-19
7507bb99-a8cf-48c8-a4dd-859ad26e9e1a.png,pneumonia
7a513da3-c4cb-4551-a16e-2b2d6f0c42fa.png,normal
figure1-5e7c1b8d98c29ab001275405-98-later.jpeg,COVID-19
f7bd2b79-ca7e-4787-9d78-7041d7aa7498.png,pneumonia
1.CXRCTThoraximagesofCOVID-19fromSingapore.pdf-002-fig3a.png,COVID-19
covid-19-pneumonia-evolution-over-a-week-1-day4.jpg,COVID-19
4770b15c-5b12-462d-8949-0c59380c02b2.png,normal
ba30b9a4-bebd-4196-a972-e7178508b55e.png,pneumonia
5e3c7f02-5622-4d7d-83a3-6555eb5839d3.png,pneumonia
covid-19-rapidly-progressive-acute-respiratory-distress-syndrome-ards-day-2.jpg,COVID-19
71bc1722-acfb-4c2d-a774-eded24a34f9b.png,normal
F4341CE7-73C9-45C6-99C8-8567A5484B63.jpeg,COVID-19
parapneumonic-effusion-1-PA.png,pneumonia
7c622f41-c326-4138-8305-8b5d51f456e4.png,normal
1f15de5b-db66-4f98-95e2-ec108a5d5a27.png,normal
52592593-7ec1-4713-88c8-63636a61cc5c.png,normal
6cdf200f-5939-4864-a1c1-80062145133a.png,normal
covid-19-pneumonia-20-pa-on-admission.jpg,COVID-19
6e1764e6-6915-42d5-a893-e29a2fe69b30.png,normal
dbc3d286-4339-4d27-963b-4fb45347d053.png,normal
5da4ae85-379e-4c15-b67b-340296982a10.png,pneumonia
5e6dd879fde9502400e58b2f.jpeg,COVID-19
924f4f8b-fc27-4dfd-b5ae-59c40715e150.png,pneumonia
84453178-65f1-4dd3-9013-b14354640a3a.png,normal
RX-torace-a-letto-del-paziente-in-unica-proiezione-AP-1-1.jpeg,COVID-19
all14238-fig-0001-m-b.jpg,COVID-19
dec5c8de-c916-441c-a23d-16b8815658d1.png,normal
ae14bb5d-9134-43ab-ad0a-c44c4e52bd67.png,normal
covid-19-pneumonia-12.jpg,COVID-19
dc8826ad-9cdb-424f-9896-ec55bcaaffd6.png,pneumonia
bcaf0768-3841-4280-8de4-57e822f38c7a.png,pneumonia
pneumocystis-carinii-pneumonia-1-PA.jpg,pneumonia
83209510-bdcc-403e-aed9-baf492a93ff7.png,normal
f9651c64-a88f-46fd-9ca1-63a55f50873c.png,pneumonia
cavitating-pneumonia-4-day28-PA.png,pneumonia
85ea73b8-aef6-43a1-819d-0ceb0af633f5.png,pneumonia
pneumocystis-jirovecii-pneumonia-2.jpg,pneumonia
9353a231-323a-469f-a7ad-706f900b1202.png,pneumonia
ae1faebd-b5e2-4f43-93bb-9f3011e237a8.png,pneumonia
d13c4943-edb2-4bc7-a034-e6964bbbdbf9.png,normal
989f9f7f-3a72-4aae-afdc-9f3878518598.png,normal
SARS-10.1148rg.242035193-g04mr34g09b-Fig9b-day19.jpeg,pneumonia
4e43e48d52c9e2d4c6c1fb9bc1544f_jumbo.jpeg,COVID-19
1B734A89-A1BF-49A8-A1D3-66FAFA4FAC5D.jpeg,COVID-19
covid-19-pneumonia-19.jpg,COVID-19
80a57687-c167-429b-84b5-3ed038c18e38.png,pneumonia
a6236ddd-6367-4569-b5f1-07d2df9390ad.png,pneumonia
radiol.2020201160.fig2b.jpeg,COVID-19
fde9b6e5-382b-4fec-8406-70a279a4b696.png,pneumonia
covid-19-rapidly-progressive-acute-respiratory-distress-syndrome-ards-admission.jpg,COVID-19
49c8003f-80cc-4d41-b553-32aea9a95802.png,normal
b551156f-a0e0-4895-9bd5-c4e6307f077a.png,pneumonia
1013ded6-9505-4e1b-a923-f263ad013d0e.png,normal
dfc324e4-f843-49aa-b067-b51c82de4428.png,normal
a9d077f1-052e-4e05-ad10-92bff634a60d.png,normal
293f4b7b-3a6e-44a6-b9d2-810b139094cf.png,pneumonia
1-s2.0-S1684118220300682-main.pdf-003-b1.png,COVID-19
41591_2020_819_Fig1_HTML.webp-day10.png,COVID-19
36f51cc5-a28d-48f0-a086-df424f7f2c94.png,pneumonia
ec275056-a320-4a18-91ed-bb780e814bee.png,normal
figure1-5e7c1b8d98c29ab001275405-98.jpeg,COVID-19
pneumocystis-jiroveci-pneumonia-4-L.png,pneumonia
13bf28d4-fa19-4ba0-966a-938f676d6d04.png,pneumonia
8ae16e5d-5f8f-40a3-822f-1f7e780aa498.png,normal
6872208c-5e92-4a4d-873a-13b1bd23daba.png,normal
bf494059-4fe2-4f8f-a503-c340105e56ce.png,normal
a281a261-8435-4861-bea0-0bca497dc5a2.png,pneumonia
1c0a780d-1cac-4eee-b46d-470ecebc9ae0.png,pneumonia
79d6e398-6ee6-4c5a-b924-a082d3c1cce9.png,normal
9f3b98ca-4292-427b-8aa9-0b1c085b1c48.png,normal
cavitating-pneumonia-4-day0-PA.jpg,pneumonia
5e7119eb-01fd-4797-8125-b71320d1efd4.png,normal
ciaa199.pdf-001-c.png,COVID-19
a2a84bc3-c75b-4df6-840d-e118b61594d4.png,pneumonia
4fabf46a-ceec-421c-bb64-8527b44aa576.png,pneumonia
4f5bd645-8b4a-4377-9e31-1ee3b5ef0286.png,pneumonia
pneumocystis-jirovecii-pneumonia-3-2.jpg,pneumonia
radiol.2020201160.fig2c.jpeg,COVID-19
1.CXRCTThoraximagesofCOVID-19fromSingapore.pdf-001-fig2a.png,COVID-19
39EE8E69-5801-48DE-B6E3-BE7D1BCF3092.jpeg,COVID-19
c5635d90-8a85-482b-a862-82b0addf2a7d.png,normal
nejmoa2001191_f5-PA.jpeg,COVID-19
3e2f4083-d432-446c-8418-e8c46801d453.png,pneumonia
covid-19-caso-70-1-PA.jpg,COVID-19
6917d6dc-90c7-47cc-8169-f02d0df8a0aa.png,pneumonia
56291168-0cd9-4afc-b708-fc16400ceebe.png,normal
6800dc93-099c-48b3-8554-e934626de338.png,normal
covid-19-pneumonia-24-day6.jpg,COVID-19
8bcaf61e-7a7b-477e-9618-02c434998ffd.png,pneumonia
eaae0864-798c-4b37-a40f-36d5a573e467.png,normal
b769cfe3-12b8-4e18-ad65-63fe6c5fcba4.png,normal
446B2CB6-B572-40AB-B01F-1910CA07086A.jpeg,COVID-19
fa7f8cee-db31-4015-92c8-25d3f792c179.png,normal
d50b31c0-05b1-404d-a03f-330d2b13a1b5.png,pneumonia
f9bc0771-a7f0-47b5-8a70-3624bd3e8d6d.png,normal
1.CXRCTThoraximagesofCOVID-19fromSingapore.pdf-002-fig3b.png,COVID-19
d0d6b71a-7784-4b4b-b75a-637250c604c6.png,normal
2966893D-5DDF-4B68-9E2B-4979D5956C8E.jpeg,COVID-19
c560c63b-eb05-42e4-9cee-e98074b10c80.png,normal
gr1_lrg-a.jpg,COVID-19
all14238-fig-0002-m-d.jpg,COVID-19
kjr-21-e24-g002-l-a.jpg,COVID-19
47bff3a6-24eb-4dbc-8985-a9bda8fc4325.png,normal
SARS-10.1148rg.242035193-g04mr34g07a-Fig7a-day5.jpeg,pneumonia
53EC07C9-5CC6-4BE4-9B6F-D7B0D72AAA7E.jpeg,COVID-19
b7419f2a-9201-44ca-96d5-441bd3bf4534.png,normal
66ff514e-220e-4acd-97d7-1336a53feecd.png,normal
1.CXRCTThoraximagesofCOVID-19fromSingapore.pdf-001-fig2b.png,COVID-19
B59DD164-51D5-40DF-A926-6A42DD52EBE8.jpeg,COVID-19
b8db9c09-e681-4737-9ad8-e92ad618a5ca.png,pneumonia
covid-19-pneumonia-43-day0.jpeg,COVID-19
kjr-21-e25-g001-l-a.jpg,COVID-19
covid-19-pneumonia-evolution-over-a-week-1-day3.jpg,COVID-19
bd319ae5-2b35-4353-a82b-fa46563bff2e.png,normal
3df07ee3-c7ae-4bcb-8ee5-5d71c5c5cd6b.png,pneumonia
kjr-21-e24-g001-l-a.jpg,COVID-19
e63f1c8c-e4a5-427b-9c76-23241732376b.png,normal
593144fb-32bc-49ec-bc1b-2eee96c5af4a.png,normal
cd7158ee-b4bf-4255-a916-c4f49aa5dd44.png,normal
32e485ee-b61b-4ebc-8eed-e8a1c7671809.png,normal
69333c71-1675-48fa-a1d7-5a7d122293f4.png,normal
38942b51-6428-47bc-86e5-f974ebdb57a2.png,normal
covid-19-pneumonia-evolution-over-a-week-1-day6.jpg,COVID-19
575014d8-3cea-4d15-9c5b-5b7323131fca.png,pneumonia
ac81e9b6-5789-4797-ad85-510186cdd4a9.png,pneumonia
ba6d52f7-d113-48aa-8adc-49f963ed8979.png,normal
fd91c06f-552a-4f14-96a5-36c6dace4679.png,normal
c4400499-489b-4867-973a-06747a8261bb.png,pneumonia
0b68b596-41bd-425f-a9f6-43b84071b567.png,normal
1-s2.0-S1684118220300608-main.pdf-002.jpg,COVID-19
23aa6468-59f9-4ace-b656-9fea8d64764a.png,pneumonia
34418371-837a-42d1-89fa-842508cfb742.png,normal
588cad7d-1f13-48f1-8606-39a61bb41a76.png,normal
8dbe2174-b173-4e56-be9c-a2a1c29c0919.png,pneumonia
6ce63faf-9387-4c60-991b-11771dc50c98.png,pneumonia
bb47fccc-23c4-4264-bd35-616a3c44161e.png,pneumonia
9e4f11c9-edcf-48bb-adce-0b06d7ddda3d.png,normal
085a6486-c3b3-4ca2-80f1-be07d23e853b.png,pneumonia
covid-19-pneumonia-28.png,COVID-19
44da3869-4815-4f7c-9350-a396d9961443.png,pneumonia
a65ddf29-a6d5-430b-8096-4528c45b47b1.png,pneumonia
36144553-f906-4552-9d9e-e0c25885dcba.png,pneumonia
1d9ec3ad-0120-428b-9778-3805f9348092.png,pneumonia
SARS-10.1148rg.242035193-g04mr34g09a-Fig9a-day17.jpeg,pneumonia
349905eb-e0f8-4898-a029-75da0197394d.png,normal
cd4f439d-61be-4ecb-bc27-383f9cd29569.png,pneumonia
55e3d725-ec64-492d-81f4-b8caa6c4c539.png,pneumonia
1ffee791-10f6-4b8f-bfcd-35220e8e0003.png,pneumonia
c203f4e6-0963-4543-a34c-48b9d62b3e27.png,pneumonia
4ae0b788-62b6-486c-a95c-76764250c086.png,pneumonia
146c007e-546c-474f-8b28-9c321565e5e4.png,normal
b1323e3e-2460-4db7-a98e-f810c0004836.png,pneumonia
covid-19-pneumonia-rapidly-progressive-3-days.jpg,COVID-19
319c7cc1-72c8-4b0d-96b2-bf6de8c26021.png,pneumonia
covid-19-pneumonia-42.jpeg,COVID-19
3a61e62c-62b5-4f89-ba74-32e52ef8321d.png,normal
d29308aa-1deb-4c2c-b414-fdc0f49ef74f.png,normal
a5ecf3c8-4d5b-4cba-9390-2e708ad3a772.png,normal
de9dd83c-f6c2-4250-aaec-886987864d7f.png,normal
803c8455-d72a-4f0d-b20c-8f6e557a6072.png,normal
4954509b-d98d-4b66-94eb-548b89f9a582.png,normal
e0e6d81f-d19c-4e66-99a5-ebc202d727ce.png,pneumonia
d3fbcb3d-b39c-4c8b-a23d-ae786dc11bfe.png,pneumonia
632a88aa-2123-4bc6-92c7-b3dd7c91224c.png,pneumonia
bc84827e-f1af-43c8-a787-961139eb9940.png,pneumonia
dcadb2f5-7f98-43ae-83d6-e9e554b170c0.png,pneumonia
c53e009c-d663-45c3-b1be-a2c3806fc2e4.png,normal
3f79f27a-6d84-4ff1-88a2-eb05ff9a5f57.png,pneumonia
7bfc500f-2f54-42ab-ae52-50be710e1c08.png,pneumonia
93FE0BB1-022D-4F24-9727-987A07975FFB.jpeg,COVID-19
covid-19-pneumonia-35-1.jpg,COVID-19
90a4a31f-ffc0-440f-bdc9-975ef54bba40.png,normal
d7071fbe-b223-4a08-bab2-f378ed039c3e.png,normal
a6f7b5e6-398a-496b-8bae-c75d1d567d0d.png,normal
streptococcus-pneumoniae-pneumonia-1.jpg,pneumonia
b32a64b6-4185-4c87-bd47-729ee0c6e2af.png,normal
f58c7fae-cc03-4096-b181-ed0ef21cca33.png,normal
a31fd48e-8dd7-4a31-a197-ed1d67ec98cf.png,pneumonia
covid-19-pneumonia-rapidly-progressive-12-hours.jpg,COVID-19
3a5c1a62-279d-4c69-b3e5-394e34518b73.png,pneumonia
185d494c-3ec2-4317-bb8a-bcd0f9ce7615.png,normal
nejmc2001573_f1a.jpeg,COVID-19
nejmc2001573_f1b.jpeg,COVID-19
dbaf93da-7dca-444b-9df2-55314829595e.png,normal
11827075-47dd-4f3c-a7b5-aae992cce35b.png,pneumonia
figure1-5e71be566aa8714a04de3386-98-left.jpeg,COVID-19
0b352cce-b6f8-4130-adfe-38fcc180a952.png,normal
ciaa199.pdf-001-b.png,COVID-19
a38da508-e84e-4ba5-9977-1558133d8ea8.png,normal
pneumococcal-pneumonia-day0.jpg,pneumonia
SARS-10.1148rg.242035193-g04mr34g0-Fig8b-day5.jpeg,pneumonia
9bf4179b-45b9-4276-9217-92963748b049.png,normal
91a4c9e5-1800-42ca-87d1-6762cd65bf51.png,normal
c830b55a-ff12-40c7-9c3e-185b88982624.png,normal
4b561094-0f23-4040-801f-2dede46354cd.png,normal
b8d1e054-382a-42df-b371-596ea8886162.png,pneumonia
7AF6C1AF-D249-4BD2-8C26-449304105D03.jpeg,COVID-19
pneumocystis-jiroveci-pneumonia-2.png,pneumonia
b9a014f0-6ab0-449a-be4d-1911473dde10.png,pneumonia
d58bd53a-c69c-443e-851d-479a78d1c9b2.png,normal
B2D20576-00B7-4519-A415-72DE29C90C34.jpeg,COVID-19
23E99E2E-447C-46E5-8EB2-D35D12473C39.png,COVID-19
5f2b98cc-a7b5-46d5-9ea8-4fa260cb998c.png,normal
7ef283b8-9c5a-4ada-a575-f68289e338ae.png,normal
c241425c-418c-4958-8a18-c3425fe03f03.png,pneumonia
62085d82-9754-475d-942c-5ed62ba711f9.png,normal
e45705e8-3f37-4498-9efe-108a597947d6.png,normal
98d021cf-b9cc-4c73-8df4-f7650e496297.png,normal
fc35980f-918e-4f10-b3e4-d4202394e7da.png,normal
c87c655c-7aa0-475d-b764-8cf5831e1244.png,pneumonia
d9a6fe09-9ee9-4d64-bc42-cd903276f513.png,pneumonia
171CB377-62FF-4B76-906C-F3787A01CB2E.jpeg,COVID-19
03BF7561-A9BA-4C3C-B8A0-D3E585F73F3C.jpeg,COVID-19
SARS-10.1148rg.242035193-g04mr34g0-Fig8a-day0.jpeg,pneumonia
covid-19-pneumonia-43-day2.jpeg,COVID-19
dfb66f45-2a03-4f01-a881-2df6020f79af.png,normal
5b23de86-c4a5-4c55-b38f-18155a87930a.png,normal
fa087745-6e5e-414b-9900-f15f597c76ab.png,normal
b98ba929-fada-4ec9-bd10-1c0be267ee4d.png,pneumonia
99f7ad08-2189-452c-afab-6d7b1c62c049.png,pneumonia
b84fca75-6c3f-4026-b65f-c9130c409e4d.png,pneumonia
0a29f841-b738-499a-bc8e-0589de77ef82.png,normal
9608e9bd-9cf6-4707-b40c-6218f4ce0d4a.png,normal
1-s2.0-S0929664620300449-gr2_lrg-c.jpg,COVID-19
7c6a67fa-5eea-41b7-b3a6-23770ee6bccc.png,normal
FE9F9A5D-2830-46F9-851B-1FF4534959BE.jpeg,COVID-19
D7AF463C-2369-492D-908D-BE1911CCD74C.jpeg,COVID-19
32b35555-525c-41c4-8bbe-44ae86d3ab26.png,pneumonia
a72b9712-26dd-493b-a945-fc0e49d7845a.png,normal
e6e5cfd6-7ea6-4b79-97c8-3a1ee4670b2f.png,normal
1312A392-67A3-4EBF-9319-810CF6DA5EF6.jpeg,COVID-19
bcca16d2-1b10-4644-9724-701bb38c4790.png,normal
8fac79af-3246-404c-a493-32dc42903900.png,normal
86f92091-0f8b-400e-9a13-f3d61ad724a5.png,pneumonia
353889E0-A1E8-4F9E-A0B8-F24F36BCFBFB.jpeg,COVID-19
9960c058-8c83-46c9-b311-5dd7e927eb34.png,pneumonia
8ee80e18-162f-46f2-bd7d-5e7cc9404fe0.png,normal
covid-19-pneumonia-44-day-8.jpeg,COVID-19
7a6b03a2-68f3-4c26-9e8d-c2208505b352.png,normal
70d2139e-967a-4fa9-b44d-b1515b82af4b.png,pneumonia
pneumocystis-pneumonia-2-PA.png,pneumonia
4e725ee0-8013-4b82-963c-c61d7f38a4b8.png,normal
pneumococcal-pneumonia-day7.jpg,pneumonia
78ce6b9a-db15-4576-8e8b-4c52650a457f.png,pneumonia
7fd7ff85-31a2-4ff6-865e-610b81265b37.png,normal
f454d325-7967-4c13-ab5f-139dc0f1ecbf.png,pneumonia
2fc6c353-a51d-4eb7-ae51-d971f12a38d9.png,pneumonia
covid-19-pneumonia-40.jpg,COVID-19
7D2CF6CE-F529-4470-8356-D33FFAF98600.jpeg,COVID-19
3f167f68-6cde-478d-8e78-9ae22529c22f.png,pneumonia
1-s2.0-S0929664620300449-gr2_lrg-b.jpg,COVID-19
7E335538-2F86-424E-A0AB-6397783A38D0.jpeg,COVID-19
pneumocystis-pneumonia-12.png,pneumonia
ba6dbb79-14a5-442e-bcee-be7d02211e6c.png,normal
ad182aff-7085-408e-bac3-51a7c705a711.png,normal
SARS-10.1148rg.242035193-g04mr34g04a-Fig4a-day7.jpeg,pneumonia
4455076a-577d-4531-afed-17f91bca0ffc.png,pneumonia
cd70a898-0d26-4a46-9949-5dd6ea3993ff.png,normal
ace71169-f41d-4a68-a7b3-b16abf065f9c.png,pneumonia
b824baeb-ce9b-4d29-b0aa-eccba7727c65.png,normal
08bc9387-94f1-4ce8-8958-15864bca9052.png,normal
37b772bc-d179-448f-a2ba-ab3ebabdc188.png,normal
670758b6-74fd-4b1e-8307-45f114e73002.png,normal
5f4eb911-ad6e-46da-bc76-2029fcb9dc74.png,normal
pneumococcal-pneumonia-day35.jpg,pneumonia
covid-19-pneumonia-7-PA.jpg,COVID-19
wong-0000.jpg,pneumonia
c2657014-120e-456e-97e5-1adcdb908b73.png,pneumonia
ebfea9ab-3d53-4994-bec1-f76a7eadda3c.png,normal
5d2ebd89-6bbf-4bf4-94d4-4297465acc78.png,normal
17924737-81b7-4dd1-9d9b-2d75af022f8f.png,normal
b94ef581-b098-4fa2-909f-96f22d6fd446.png,normal
radiol.2020201160.fig3b.jpeg,COVID-19
e56d6e59-0695-453c-a56d-7a18cabc9bb1.png,normal
aadb6dc2-bcd7-42fe-a424-a5f7af6c9f74.png,pneumonia
kjr-21-e24-g003-l-a.jpg,COVID-19
30181ed4-6337-47e1-89b7-9dfe63c95131.png,pneumonia
ef7cd600-75c9-4b07-bb0e-f66e857fdafa.png,pneumonia
covid-19-pneumonia-41-day-2.jpg,COVID-19
eee35b66-1cde-4324-acfb-757b330a7b5b.png,normal
9fdd3c3032296fd04d2cad5d9070d4_jumbo.jpeg,COVID-19
4ad30bc6-2da0-4f84-bc9b-62acabfd518a.annot.original.png,COVID-19
7bb1c647-d8d1-4640-b495-f41c4d2a34ca.png,pneumonia
covid-19-infection-exclusive-gastrointestinal-symptoms-l.png,COVID-19
79702301-1ccc-4a54-829d-547a3af5e85a.png,normal
7471b0e8-8f55-4ced-b8e4-18a7554a0ebe.png,pneumonia
7EF28E12-F628-4BEC-A8C5-E6277C2E4F60.png,COVID-19
0906b366-f454-4c62-88fc-caf7ffb5d36b.png,normal
post-intubuation-pneumomediastium-and-pneumothorax-background-covid-19-pneumonia-day1.jpg,COVID-19
b1f0da6b-6c87-41b1-8dce-a8dca049a537.png,normal
56b0cf24-93a5-480f-b295-ec9c6e0ceb3b.png,normal
b2049c74-eb7d-46e2-be10-48bbe92cb1a6.png,normal
38dee97d-933d-48f7-8f77-dbb7bc9b2776.png,pneumonia
c7c66f99-3440-42a6-9d7e-3f66b1f6481a.png,pneumonia
2faeab4f-17bf-410e-99b9-77bf4ae75963.png,normal
15b66169-1cbc-40a5-bbd6-3acbad9f6445.png,pneumonia
9fb3a24b-206e-4d21-92e5-7818fac9105a.png,normal
952d444d-b0b3-434f-bb33-59e411657688.png,pneumonia
SARS-10.1148rg.242035193-g04mr34g07b-Fig7b-day12.jpeg,pneumonia
1F6343EE-AFEC-4B7D-97F5-62797EE18767.jpeg,COVID-19
1a062886-29be-4120-92f3-5c1c8a951959.png,pneumonia
a7ad23a1-d70b-410f-8f89-c2add3e3ad41.png,normal
gr1_lrg-b.jpg,COVID-19
a99561a5-2c12-48cd-be57-ce6b6cf58da1.png,pneumonia
radiol.2020201160.fig2a.jpeg,COVID-19
a4160584-0311-47f5-877b-9ab95fc2d553.png,pneumonia
b877bb8d-e274-483d-9586-397dc8897d45.png,normal
c1592aae-c80d-4794-ab28-463905558534.png,normal
pneumonia-7.jpg,pneumonia
67ce8121-c2fd-493a-ae78-f256b3c1b0f0.png,pneumonia
a47c09af-6f13-4057-a0e6-6e1f422b584d.png,pneumonia
320df0f4-4189-401a-a836-569ba4f8f389.png,pneumonia
d129ade5-d54c-4d3d-bf6b-a1de107fcc1b.png,normal
93550df9-7f67-404f-a974-516acecd5c48.png,pneumonia
98e9931d-aac7-43d5-abc6-33cfc6582861.png,normal
covid-19-pneumonia-53.jpg,COVID-19
covid-19-infection-exclusive-gastrointestinal-symptoms-pa.png,COVID-19
27b32500-40ef-4c14-ab88-ace5e9ceea27.png,pneumonia
auntminnie-d-2020_01_28_23_51_6665_2020_01_28_Vietnam_coronavirus.jpeg,COVID-19
covid-19-pneumonia-41-day-0.jpg,COVID-19
b5463e1b-58dd-4541-823a-6b29bb1c3ae2.png,pneumonia
1.CXRCTThoraximagesofCOVID-19fromSingapore.pdf-003-fig4b.png,COVID-19
3a23c1d9-6a57-4760-bfc4-ab335af23a91.png,normal
7c9c96d6-47f9-4ab5-ad10-9be7371ac649.png,pneumonia
radiol.2020201160.fig3c.jpeg,COVID-19
4cf194e3-ecb0-4c5e-b2e2-fe2af5469937.png,normal
25651f11-e9b6-423e-a9d0-d20347cb4caf.png,pneumonia
pneumocystis-jiroveci-pneumonia-4-PA.png,pneumonia
bc5b060f-45ae-4a00-aea9-1e7e386daf82.png,normal
8db71a26-a5b2-46fd-b069-933c7a68e2bd.png,normal
72fd2587-d327-4e42-9e18-03479b1a18f9.png,pneumonia
9a30433a-c79c-4f15-8be7-26adfa92943c.png,pneumonia
pneumocystis-jirovecii-pneumonia-3-3.jpg,pneumonia
36994bd6-13dc-405e-9f98-680a0e5b2eea.png,pneumonia
fab7b94e-97fe-4e9d-b383-f9c2bb586c08.png,normal
3c679832-d552-4db1-b170-0a82e5753da5.png,pneumonia
89e4a086-64bd-4111-8aaa-e7954129b38a.png,pneumonia
80446565-E090-4187-A031-9D3CEAA586C8.jpeg,COVID-19
1.CXRCTThoraximagesofCOVID-19fromSingapore.pdf-003-fig4a.png,COVID-19
covid-19-pneumonia-24-day12.jpg,COVID-19
b6426ddc-ac86-47f6-a0e8-080561b3b919.png,normal
9a73cc83-8871-425b-aa5b-44a5ef35bc32.png,normal
dd63324d-d1bd-4fcb-bedf-f080f6c62a57.png,normal
ac70e5ac-f93d-4fbf-a8d8-6db501f56cc2.png,pneumonia
6d4f6f7f-b446-47cc-96bb-024105e4a064.png,normal
X-ray_of_cyst_in_pneumocystis_pneumonia_1.jpg,pneumonia
78f9f5cf-ffc4-48a0-8895-bde50f783bfa.png,normal
covid-19-rapidly-progressive-acute-respiratory-distress-syndrome-ards-day-1.jpg,COVID-19
da9e9aac-de8c-44c7-ba57-e7cc8e4caaba.annot.original.jpeg,COVID-19
0c294ecf-23d6-4c56-b5e2-0482915cd102.png,pneumonia
a3d37445-e462-4e02-b292-9c73d8bd2668.png,normal
bef738ff-ef1f-41ce-baa7-e40009c8deab.png,pneumonia
nejmoa2001191_f3-PA.jpeg,COVID-19
ba06c828-df8c-4c6f-a869-b3ea7d1991cd.png,pneumonia
3f040848-3b3f-4cc9-b7e1-eb5bea7a3a7c.png,pneumonia
acf7fc42-fbe5-45d4-b099-6355aab368d8.png,normal
1e6c28f1-f8d3-4d49-bb82-0cc8709a86f1.png,pneumonia
1-s2.0-S0929664620300449-gr2_lrg-d.jpg,COVID-19
cdb24c1c-9d66-4d9c-a651-ec6daa9250cc.png,normal
a10484ee-bd1a-4eb0-9df3-1947a31991e7.png,normal
covid-19-pneumonia-20.jpg,COVID-19
591142fb-40d8-4c86-81e3-f6437d671c37.png,pneumonia
58cb9263f16e94305c730685358e4e_jumbo.jpeg,COVID-19
22d23df8-22af-410c-bea9-2e6e8eb1ce94.png,normal
3ba80992-3ec3-421a-97b8-354f1a5dbae1.png,pneumonia
32ec2e2d-9efb-4510-a7c1-14a007336a68.png,pneumonia
5931B64A-7B97-485D-BE60-3F1EA76BC4F0.jpeg,COVID-19
eebb21ea-9ef6-4d92-b8e4-1abe19ba94f4.png,normal
c3be2500-5435-41e3-ad66-1a6d65725b16.png,normal
covid-19-pneumonia-15-PA.jpg,COVID-19
761160f0-7d5b-448c-b708-c77838def919.png,pneumonia
c36d4722-8751-4593-b04e-36b5c86055db.png,normal
f919d3cb-dc68-46b6-8c29-2d3914fbaec0.png,pneumonia
1-s2.0-S1684118220300682-main.pdf-002-a1.png,COVID-19
6180c3ac-645e-41c2-8705-8358b2fcb6d9.png,normal
ryct.2020200034.fig5-day4.jpeg,COVID-19
a36e7035-fe1e-4145-85cc-e893094beb3a.png,pneumonia
1-s2.0-S1684118220300682-main.pdf-003-b2.png,COVID-19
1-s2.0-S1684118220300608-main.pdf-001.jpg,COVID-19
covid-19-pneumonia-rapidly-progressive-admission.jpg,COVID-19
0cb697cb-b775-4908-aff2-40dad27723e3.png,normal
9a135cec-aeb2-499d-8c12-6f8687b63178.png,normal
1970f74f-59cc-4acb-b9e8-b507de257943.png,normal
covid-19-pneumonia-24-day7.jpg,COVID-19
ad410976-c87b-444f-abd7-36b1292d680b.png,pneumonia
931dc0ce-081b-46ea-b9d7-0e72889e73ea.png,normal
67305076-ddff-44df-9682-9af7203dd20a.png,normal
76bf3bd7-33a3-4eac-a59b-4ae8859a6b60.png,normal
abc5356a-b8b2-4a0b-9dab-14c54efb4f29.png,pneumonia
9dbb7a32-14df-40ca-871e-410111c45c05.png,pneumonia
1-s2.0-S0929664620300449-gr2_lrg-a.jpg,COVID-19
6b44464d-73a7-4cf3-bbb6-ffe7168300e3.annot.original.jpeg,COVID-19
bcce369d-8397-46d1-8c53-5142c4fd2866.png,normal
SARS-10.1148rg.242035193-g04mr34g0-Fig8c-day10.jpeg,pneumonia
39979ed5-0595-44fc-abe2-48e4a9888bc5.png,normal
1614564a-fe0d-43dc-87ae-299d859959f6.png,pneumonia
04707463-aae0-4989-ae73-f9162275444e.png,normal
auntminnie-c-2020_01_28_23_51_6665_2020_01_28_Vietnam_coronavirus.jpeg,COVID-19
5b19a5a1-d627-495e-80dd-c367f34a448c.png,pneumonia
post-intubuation-pneumomediastium-and-pneumothorax-background-covid-19-pneumonia-day7.jpg,COVID-19
be1a004a-5911-4b0f-a431-bf909eed1e60.png,pneumonia
a229390c-68af-40e5-a2d2-8d1abba22b69.png,normal
52188e35-d9e9-47de-a3c9-71a22f5de52c.png,pneumonia
all14238-fig-0001-m-c.jpg,COVID-19
E63574A7-4188-4C8D-8D17-9D67A18A1AFA.jpeg,COVID-19
319e7123-a32b-4971-acd0-975c52958411.png,pneumonia
covid-19-pneumonia-49-day4.jpg,COVID-19
69692a08-ac46-407f-938f-a781b55e0752.png,pneumonia
figure1-5e75d0940b71e1b702629659-98-right.jpeg,COVID-19
ce400bab-2f5f-4ae6-9a1d-8fbc6db63395.png,normal
732f0a61-1553-4fb2-8e00-31d5802708ce.png,normal
da9dde80-836b-4f3e-b36b-0e344c42029d.png,pneumonia
52d3b6f1-76d3-487b-88ff-663f80ac4da9.png,normal
all14238-fig-0002-m-f.jpg,COVID-19
343cdfd6-5bfc-4f64-a4ed-e05ffbb9725a.png,normal
160ad42c-c2a4-408f-85fd-f22f5d166856.png,normal
474d1df2-4567-4b12-ac6f-3f6693f53fc1.png,normal
a1ea1b8d-697a-4d05-8455-d870bb4d4949.png,normal
9ce327fa-5175-4606-8905-c13be4264855.png,normal
covid-19-pneumonia-49-day8.jpg,COVID-19
386c97c8-8f01-4b09-ac21-80b9d83b17c1.png,normal
6C94A287-C059-46A0-8600-AFB95F4727B7.jpeg,COVID-19
a6b8e55c-5e2a-4ee3-8731-479985e068f0.png,pneumonia
9d670655-925a-4b96-8227-cb180f1cb34d.png,normal
1-s2.0-S0140673620303706-fx1_lrg.jpg,COVID-19
A7E260CE-8A00-4C5F-A7F5-27336527A981.jpeg,COVID-19
9e9e5c6f-6176-4dc2-965c-628d874015b6.png,normal
2afaf9b4-664c-4c87-b9f5-4e411789da5d.png,pneumonia
covid-19-pneumonia-evolution-over-a-week-1-day0-PA.jpg,COVID-19
figure1-5e73d7ae897e27ff066a30cb-98.jpeg,COVID-19
covid-19-pneumonia-44-day-0.jpeg,COVID-19
4766883c-4a81-4419-855e-5ed5c4142da0.png,normal
7e9bff75-80ee-40a2-a62c-2dbec8b16439.png,normal
339728a0-cc96-409e-af99-8af5c6ce5f23.png,pneumonia
fff49165-b22d-4bb4-b9d1-d5d62c52436c.annot.original.png,COVID-19
37541ec6-57df-4f39-8318-e18663fafd0d.png,pneumonia
SARS-10.1148rg.242035193-g04mr34g09c-Fig9c-day27.jpeg,pneumonia
b145a972-a2b6-4dca-b98b-37d41f7c371f.png,pneumonia
aafdf1ad-66e3-4775-9ccb-e3b391088fff.png,normal
3c8e008b-261a-4f4e-bbb3-d3651cfd7dfa.png,pneumonia
c8d05349-0e98-41f9-89d8-f4b27b5c93ea.png,normal
69897cf1-8690-47ea-a6ed-1853a52e9684.png,normal
wong-0005.jpg,pneumonia
auntminnie-b-2020_01_28_23_51_6665_2020_01_28_Vietnam_coronavirus.jpeg,COVID-19
6d5dd0d3-ca66-43ca-b4bf-46784adcce2c.png,normal
00ec0d87-8e2a-44bd-b79c-4b91cfabcacf.png,normal
a623aa2f-f1fd-49e5-af35-5ff9c4c5a4f7.png,normal
e77dfc75-8bdd-4aee-967c-c7d97f9771f8.png,normal
595bf343-9506-4548-9751-2d0fec3d6bb3.png,normal
15d9403c-bf5b-41be-add6-a5c2a9e16d35.png,pneumonia
radiol.2020201160.fig3a.jpeg,COVID-19
503b9ede-c29f-43e1-8b3d-1cfe7ee27dd0.png,normal
bf88dd53-1b28-44b4-b101-33b49816d8a0.png,normal
ryct.2020200034.fig2.jpeg,COVID-19
3a9ec087-6741-4338-b944-524a15b14733.png,normal
ec3bdec5-13df-49c0-862a-c8dd8124bfce.png,normal
4e14472a-20d8-4c6a-9322-d8977e0948c4.png,normal
94ce6989-c700-4a9c-b3c6-8c5a512b6ff1.png,pneumonia
0f1644c9-4f2e-4681-a36d-af69c7ae0e6d.png,pneumonia
792d8a75-62cb-4ad2-b8d6-e143cca5787f.png,normal
ac7bdc8e-b181-41c1-8186-f12472ad3899.png,pneumonia
ee1e76ad-01a5-4bc1-b649-c5c51dee880e.png,normal
9a7b563e-1f3b-45e9-963c-c888e85d6011.png,normal
d8adf370-83b9-4852-bedd-6e180fb95d9b.png,normal
ryct.2020200034.fig5-day7.jpeg,COVID-19
8d837773-a674-4af2-b401-2b3216586c5e.png,normal
308cf5b6-fcaf-4673-bc75-737b8d67b889.png,pneumonia
628cca99-9eb5-43e0-84ab-8a8f113aae55.png,pneumonia
6ed32587-0518-4b4b-95e6-a4b0651b1a6d.png,pneumonia
c7d389ff-e2e1-40ed-b940-aef09bae009a.png,pneumonia
64c8352e-95ee-40bd-86a5-799d705ab852.png,normal
b9adb158-7467-4c25-90a8-a356b2dc1b06.png,pneumonia
a9ed6265-89ba-4c5d-89f4-7df3ca2bf2fc.png,normal
ede3e8fc-97c6-44f6-84ed-ee91967d28c4.png,normal
ryct.2020200034.fig5-day0.jpeg,COVID-19
fd49c13b-5627-4ee1-9b61-54013d8f1fd9.png,normal
8bd092f3-8098-4b44-b0e5-72f8449df38b.png,pneumonia
