filename,class
auntminnie-c-2020_01_28_23_51_6665_2020_01_28_Vietnam_coronavirus.jpeg,COVID-19
1721fcab-c6fb-4688-a1b9-bb3677213085.png,normal
9f12306f-aeae-4898-b99a-2b15be3e81d7.png,normal
covid-19-pneumonia-15-PA.jpg,COVID-19
8930e23b-f647-4611-ad5a-fb9fd386e967.png,pneumonia
02363fdb-4cd0-4631-b3d8-7a10fddffa28.png,pneumonia
c9094902-a476-4ca6-9a64-f34734d41d07.png,normal
1-s2.0-S0929664620300449-gr2_lrg-b.jpg,COVID-19
d3a565b6-929e-4db1-8cc2-2b59e64860b5.png,pneumonia
d8d58d34-b79f-4745-950e-fdf5c5eb2409.png,normal
3d4dfd10-61c7-4305-816f-fde544d1f3a3.png,pneumonia
d8296b46-288d-4b22-a303-86606effc180.png,normal
27fdc9c2-5544-4142-92ac-11a1264d4fb8.png,normal
d7d90260-5815-4af3-b1cd-7a90bf2fa101.png,normal
47d188c2-6a54-4548-975e-85a63643b08b.png,normal
0f3ac29b-7682-4402-bbe5-89e4add87639.png,pneumonia
8182a93c-4137-4fcb-b983-9814e7a09926.png,pneumonia
covid-19-caso-70-2-APS.jpg,COVID-19
652d6bb3-56a0-4a89-9631-684ce27cfc4c.png,normal
streptococcus-pneumoniae-pneumonia-1.jpg,pneumonia
5da671da-84f7-4847-9995-334ecf044f86.png,pneumonia
d57b47b7-2324-4bdc-a0ee-27ad6925d9e0.png,pneumonia
b3e5becd-9009-4981-82ab-bbf28f4a834b.png,pneumonia
f3cf82b6-f7cd-4eb3-a55e-b6b5cb502d2c.png,normal
abbefda5-54df-4e52-b716-50fe19fff3b9.png,normal
1d80b0ab-2dfe-4d28-bb01-e0b60a3ce972.png,normal
9fd4b2e7-d443-417a-8436-b5921152ddd7.png,pneumonia
7D2CF6CE-F529-4470-8356-D33FFAF98600.jpeg,COVID-19
88d29b61-2730-4f6f-98bb-4ce5e5de3b24.png,normal
b180c8c3-adad-4d7c-aa3e-1e352f95bee8.png,normal
86bd39a4-568d-443c-9ad4-4c9807d7f136.png,normal
wong-0000.jpg,pneumonia
ab327761-77b9-45f1-8c22-6dcb35bcf672.png,normal
0ea2d36a-4ab7-4b82-b446-8be5c4089df6.png,normal
auntminnie-b-2020_01_28_23_51_6665_2020_01_28_Vietnam_coronavirus.jpeg,COVID-19
12ee00f1-d4ea-4546-a07c-d43280aca538.png,pneumonia
SARS-10.1148rg.242035193-g04mr34g0-Fig8b-day5.jpeg,pneumonia
899a3c1f-3355-4092-88a6-67848ecc137d.png,pneumonia
17c89450-d10e-4041-afa0-4c5a39adccdd.png,normal
2bbcad9d-9dce-41f6-8642-d0fdce90abd5.png,normal
nejmc2001573_f1a.jpeg,COVID-19
636a287a-d58a-489e-94b0-0b3e886c944a.png,normal
b2b88ddb-9195-4d34-96fd-6f99b7f556bf.png,normal
figure1-5e7c1b8d98c29ab001275405-98.jpeg,COVID-19
all14238-fig-0002-m-d.jpg,COVID-19
16f580c9-9242-4535-8fb6-a1724f4bbf34.png,pneumonia
6341cfa4-97f6-4c58-ba26-ed7e0972f0e7.png,normal
1-s2.0-S1684118220300608-main.pdf-002.jpg,COVID-19
0b609c12-d05a-4cfe-8204-e0c75c300d0b.png,normal
1.CXRCTThoraximagesofCOVID-19fromSingapore.pdf-002-fig3b.png,COVID-19
bc9dd747-9d7b-429a-9b7c-3c73e246b728.png,normal
44c339ba-67bc-493b-921f-77d85ce6383d.png,normal
pneumococcal-pneumonia-day0.jpg,pneumonia
fbe4ddb0-d7bd-45f9-960d-3eac5f6acf99.png,normal
ed69e597-d0bc-46ff-8e7e-c37df59ca86d.png,normal
covid-19-pneumonia-12.jpg,COVID-19
7227e6d8-8eb3-40a6-80a5-27950bc9ce97.png,pneumonia
472199cd-4922-4c8f-a6e4-4e16a8422d9e.png,normal
c0ab74ee-9995-405a-be38-4e74223b050b.png,normal
d73509a6-c0c2-4c8a-8e41-4c58eecfc035.png,normal
2C26F453-AF3B-4517-BB9E-802CF2179543.jpeg,COVID-19
7dc00dd4-ad6f-4fee-9e47-3f2b4b88d3ea.png,pneumonia
kjr-21-e24-g002-l-a.jpg,COVID-19
6439bc8e-a134-4f5c-a801-e67379549322.png,normal
446B2CB6-B572-40AB-B01F-1910CA07086A.jpeg,COVID-19
4176a497-89dd-454f-bbfe-db8d4c387432.png,normal
covid-19-pneumonia-20.jpg,COVID-19
5848e2cd-4a74-400f-8fe8-f78c136a2ec3.png,pneumonia
35147425-e8f1-494b-8cce-74252c0578d6.png,pneumonia
8a8be155-755a-48f9-a4aa-f1fd0e1e263b.png,pneumonia
02e4191e-fb03-4581-914c-f0438a17e53e.png,normal
bcaa09e2-c80d-40b6-b3e7-73edd34cf994.png,pneumonia
32659f33-5e60-4db1-9696-657e54b769c8.png,pneumonia
b0d34352-21d3-490e-8ecd-16baee334aba.png,pneumonia
f137d0ae-b2f7-4fd1-916d-773d4695b626.png,pneumonia
bd4c0bd3-4b98-4c74-8cd3-6213d2e7c279.png,normal
2c80b7ba-3929-4c36-9fd7-c7142ae83922.png,normal
right-upper-lobe-pneumonia-9-PA.jpg,pneumonia
391589be-c014-4862-ae43-84f42b030f30.png,pneumonia
040a0743-f663-4746-8224-f0e3bacc7ba5.png,pneumonia
020fb648-3b1e-404a-a0b4-f25d6b277c1a.png,normal
lancet-case2a.jpg,COVID-19
5cba9f5e-623a-4857-988f-e08ce086f36c.png,normal
8c09f9ff-a5ba-4531-b44d-d089a1f980a1.png,normal
c9464c74-1f7f-41a2-a6ac-c72e8afcbb00.png,normal
5cf12272-d4ee-4ac7-a6dc-278500dfd009.png,pneumonia
b4122129-c965-43e9-afa7-f603787a9297.png,normal
8acd8910-499e-4698-86fd-f4031de9c2b3.png,normal
84bf9b28-657a-4d4a-89c1-70cd2512e305.png,normal
covid-19-pneumonia-49-day4.jpg,COVID-19
d94616df-2f92-4612-b86b-ba5b18d423ca.png,normal
0702a884-c189-4a05-bcf5-dc72f4f406fc.png,pneumonia
3036fb15-305b-4e9b-93ab-4e555a0fd323.png,pneumonia
6d12a702-5d01-4e7e-8c58-d39eacc3dfce.png,normal
76cf9b95-b598-4788-9a10-77061046ef98.png,pneumonia
22ff9ca2-6b24-422a-b8da-6f986a870077.png,pneumonia
cavitating-pneumonia-4-day0-PA.jpg,pneumonia
fa9875b1-0e89-4112-ae6c-60436379e26c.png,normal
f93d9a23-cc0d-4eff-abf1-62139ebe80d9.png,normal
d9171b01-37ee-435c-830d-9cc3bc93e245.png,normal
be53e067-4804-4ffa-9fb7-d7855ad3bf62.png,pneumonia
92a2dfab-f33a-4324-953a-afe96680c541.png,pneumonia
b43dbfe0-cea8-4ce6-b608-e8ab671f09a4.png,pneumonia
aa09ebe6-e321-4e01-8658-2c668c1a1654.png,normal
59f84187-780f-424e-a5fa-0cd4f4098e5e.png,pneumonia
b0faf7e1-82d4-45f1-a6f3-59efa529946a.png,normal
a8c10f4b-9ae2-4304-b852-eac417123611.png,normal
FE9F9A5D-2830-46F9-851B-1FF4534959BE.jpeg,COVID-19
aadc5c44-f71c-4975-8946-d5e8b484441a.png,pneumonia
1-s2.0-S0929664620300449-gr2_lrg-a.jpg,COVID-19
covid-19-rapidly-progressive-acute-respiratory-distress-syndrome-ards-day-2.jpg,COVID-19
bef4ff3a-6fb0-4213-a5a9-125eff87dc22.png,pneumonia
aceadc8e-a025-4184-af7c-20325cb516a3.png,pneumonia
988ba152-ec89-4213-b2dd-7e167f6dceff.png,normal
8609c224-17bc-4886-a08f-d82e098fe891.png,pneumonia
bef1fdfe-b4a3-4170-88de-d57338d602ac.png,pneumonia
93FE0BB1-022D-4F24-9727-987A07975FFB.jpeg,COVID-19
d31b42c9-c5d0-4d65-978f-b75e6ff3b7d9.png,pneumonia
B2D20576-00B7-4519-A415-72DE29C90C34.jpeg,COVID-19
0cc09b0a-1afc-4492-929e-ac53f15286b6.png,pneumonia
dfc1a68e-3314-4059-8a76-4e4e0981a948.png,pneumonia
all14238-fig-0001-m-c.jpg,COVID-19
189fec61-2bb1-46e3-a285-1dc3a09e8860.png,normal
dc5986a8-e66a-45e9-99b4-695454b82fc5.png,normal
a35df48c-325d-4b85-8f4d-5b96e886634e.png,pneumonia
b3ec67fe-d86d-4d7c-bcfc-51c81d7153d5.png,normal
4c712f9f-9bf7-4e8a-9a64-e418d8fbf176.png,normal
af31012f-209d-41cf-a2f4-4ef1105067c9.png,pneumonia
afff57ee-fdb2-408a-a01e-7814931892e0.png,pneumonia
9b77ea8c-45cb-422e-b0b2-d2c14d58af25.png,normal
bf27db61-1c2e-4710-9f25-31eacb526f5e.png,pneumonia
1.CXRCTThoraximagesofCOVID-19fromSingapore.pdf-001-fig2a.png,COVID-19
97be853a-7fc0-43cd-85c3-a92ad92e5350.png,pneumonia
dede78fc-ba09-470f-b875-009a6edfac6f.png,normal
4ebf1975-7346-4f23-82b2-17f8e18dce6a.png,pneumonia
9271f16e-e163-4ade-939b-3383b8252da3.png,pneumonia
d6cbbf34-2e37-441e-8d38-fc136ca0b614.png,normal
7462adfa-a0fc-4489-8d58-89f1d012c26a.png,normal
SARS-10.1148rg.242035193-g04mr34g07a-Fig7a-day5.jpeg,pneumonia
03BF7561-A9BA-4C3C-B8A0-D3E585F73F3C.jpeg,COVID-19
c3b0adf1-3768-412f-a3b1-7a7f2a6dc928.png,pneumonia
e0b3b20a-cf65-4f4e-bf96-ac32eca375fa.png,normal
b8c6fd19-ac22-441f-8d13-d7433934baf2.png,pneumonia
e2a8cad0-7dd0-4d15-83ac-5414e0fe9759.png,normal
nejmoa2001191_f1-PA.jpeg,COVID-19
467124b4-e638-4642-9ef7-8427859ecb62.png,normal
covid-19-caso-70-1-PA.jpg,COVID-19
C6EA0BE5-B01E-4113-B194-18D956675E25.jpeg,COVID-19
29fbf731-2297-4336-8b59-f3399684c486.png,normal
58cb9263f16e94305c730685358e4e_jumbo.jpeg,COVID-19
83bef258-f056-428b-adc2-2f2d72ed4586.png,normal
1-s2.0-S1684118220300682-main.pdf-003-b2.png,COVID-19
d72dedce-c6e6-4d67-8507-9e2bf16dd853.png,normal
50b72f46-6536-44c4-a040-7bff3df602f5.png,normal
53da51f9-d894-4a24-9d1c-513b6c1433f8.png,pneumonia
b8fbe64b-f29f-4c6e-9b4e-999d69719ab8.png,pneumonia
d6f778c4-3a9a-4b12-a4d5-a74d04ec431b.png,normal
193ebe3c-905d-4ee0-87c0-b72999547d3b.png,pneumonia
fb771e55-ad38-4f26-8eee-30573851bc48.png,pneumonia
d094558c-2614-4d0b-b142-a9de0864f572.png,pneumonia
22c13a41-b046-441e-adbf-ed77104b6249.png,pneumonia
SARS-10.1148rg.242035193-g04mr34g09b-Fig9b-day19.jpeg,pneumonia
920cb58d-e9c4-4055-a361-6eddea60207b.png,normal
b73735b9-8b15-4def-9131-891baa6f64a9.png,pneumonia
5d7db043-8815-455f-b5ce-bfe012697057.png,normal
319a8d01-4507-4882-a8fd-f667073fc847.png,pneumonia
76d42841-2e66-438a-b987-731432f76469.png,normal
9fdd3c3032296fd04d2cad5d9070d4_jumbo.jpeg,COVID-19
all14238-fig-0001-m-b.jpg,COVID-19
8a545321-245d-4e23-a4ca-634a90c5ba89.png,pneumonia
84a14ff5-f4fe-4ee4-9873-ccb84b76d5a8.png,pneumonia
05b970e1-b223-4c17-a6a8-3f78c43c5308.png,pneumonia
93bd4591-e969-4748-825c-2f35b53211b9.png,normal
0b0073e0-9c19-4da4-88f2-b3d2ebc6f1f4.png,pneumonia
74fc0444-3b29-4b22-8e3d-6a92f87f725f.png,pneumonia
8d56bf18-c3e3-4872-9fc0-a3db283b0cee.png,normal
E1724330-1866-4581-8CD8-CEC9B8AFEDDE.jpeg,COVID-19
9d2c812a-8537-454f-84e2-be8ebe51b23d.png,normal
fe8ce5ce-10ce-47b5-aed2-77094801f185.png,normal
X-ray_of_cyst_in_pneumocystis_pneumonia_1.jpg,pneumonia
nejmc2001573_f1b.jpeg,COVID-19
630f5987-5a5b-4844-978d-4b907c1daa8d.png,normal
pneumocystis-jiroveci-pneumonia-2.png,pneumonia
371ef146-4a13-4b5f-9d48-7889a12d8ebf.png,pneumonia
d639b44e-32ea-4719-a519-daca89e77596.png,normal
e6214801-41ee-45d3-852e-18541823c2ee.png,normal
pneumocystis-jiroveci-pneumonia-4-PA.png,pneumonia
fd147f16-7eeb-474f-98df-c3b0c39c163c.png,pneumonia
5e528963-b34e-4605-be13-8faaa2b0c65b.png,pneumonia
ciaa199.pdf-001-a.png,COVID-19
832737e0-1f29-47a7-b220-9d63c4e9d6eb.png,normal
pneumocystis-carinii-pneumonia-1-PA.jpg,pneumonia
ba221090-4382-4ccf-afc2-cda9af445aa5.png,pneumonia
9778f137-de03-40da-9d6b-3187d59fd9aa.png,normal
793b04cc-60bb-4413-a2a7-36c7c56ac05c.png,pneumonia
9e58a954-94fe-47bb-91d6-772163873124.png,normal
6a2ce02b-03d6-4326-a29e-17690ac03fb9.png,normal
3537a092-af77-448a-9cfb-f28903403012.png,normal
radiol.2020201160.fig2c.jpeg,COVID-19
356b4fae-852c-40cc-b736-53b64ea38a99.png,pneumonia
1-s2.0-S1684118220300682-main.pdf-002-a2.png,COVID-19
radiol.2020201160.fig3c.jpeg,COVID-19
4da3373a-7cac-4c8f-8b34-f480331426fe.png,normal
covid-19-pneumonia-41-day-0.jpg,COVID-19
f5fb166f-fbb1-474f-a7ad-1677dc6d60a7.png,pneumonia
a33882f0-bccb-4c22-8104-deae4a3b3b4c.png,pneumonia
7bd0fbaa-3042-4771-8dd8-d7a2f5450c65.png,pneumonia
71bed21d-d089-4918-a058-2b6602d176a2.png,pneumonia
1c63da74-f68a-498d-a4b8-fc637227a4fa.png,pneumonia
pneumocystis-pneumonia-1.jpg,pneumonia
3cf312c7-2d29-463b-bcc2-2a7e074d1d06.png,normal
39276e28-456a-46f8-b74d-42601c7ec17e.png,normal
2B8649B2-00C4-4233-85D5-1CE240CF233B.jpeg,COVID-19
73ad70a9-4028-4129-8faa-d98afcfb74a4.png,normal
0b9736d7-413f-4fe0-8ff3-163c290e2679.png,normal
f7ee1e68-4179-4703-a902-b35b8e2ccae7.png,normal
2966893D-5DDF-4B68-9E2B-4979D5956C8E.jpeg,COVID-19
1F6343EE-AFEC-4B7D-97F5-62797EE18767.jpeg,COVID-19
737007e0-adbe-4773-8e57-da8a0c7b3f53.png,pneumonia
0ac2fb38-efab-454a-971e-d8349b8ad28d.png,pneumonia
kjr-21-e25-g001-l-a.jpg,COVID-19
be56df34-77ad-4833-8179-18bf26d1cba5.png,normal
covid-19-pneumonia-19.jpg,COVID-19
b9a05d0d-8f3f-40db-8114-c3fd1a4792b0.png,pneumonia
45ebc3a3-ab24-48c1-bc76-ced6a7f8e081.png,normal
covid-19-infection-exclusive-gastrointestinal-symptoms-pa.png,COVID-19
76c091fb-7149-448c-bf1d-ae3320317b33.png,pneumonia
16fff742-c937-4b49-b7bd-b6d9f7b75847.png,pneumonia
35cda03a-0898-4f8b-92d3-6f263aed23ff.png,normal
19233158-5ea5-4183-9774-532a0fdb6b63.png,pneumonia
post-intubuation-pneumomediastium-and-pneumothorax-background-covid-19-pneumonia-day6-2.jpg,COVID-19
c1f6b555-2eb1-4231-98f6-50a963976431.png,normal
f8119c58-ee61-473b-935f-d7b80004430a.png,normal
b91c5ce3-ca11-4e93-9e0f-bf1becf36b74.png,pneumonia
B59DD164-51D5-40DF-A926-6A42DD52EBE8.jpeg,COVID-19
e626d891-0a76-4cad-9671-1d1f2993ecef.png,normal
94487dce-0045-43e5-959e-3e3bf9a9ab9b.png,normal
9fc06af9-a9d4-454d-bc5e-22eb2d2d975e.png,normal
3dcd38ce-8adc-4c9b-92f7-768a33611f57.png,pneumonia
171CB377-62FF-4B76-906C-F3787A01CB2E.jpeg,COVID-19
covid-19-pneumonia-evolution-over-a-week-1-day3.jpg,COVID-19
5CBC2E94-D358-401E-8928-965CCD965C5C.jpeg,COVID-19
ab93d6fb-751b-4eb9-a022-9affc62846ed.png,pneumonia
731bc722-4bd2-4d18-91c0-e9adfcfffa98.png,normal
a0a8370a-dc3f-4f70-a440-e3fa9827928a.png,pneumonia
aaa75c43-b169-4831-a539-f6fb2b173a05.png,pneumonia
3f283405-31fa-4865-acbc-0be1e297546d.png,pneumonia
79bb5ea3-ca6c-4d75-a379-a6ee6c6da659.png,pneumonia
0cb23e5a-a46a-4a32-89c0-8030941b6301.png,normal
e063b161-8c89-4324-92df-d99acbe65aa2.png,pneumonia
1f5f1dc7-7681-41c4-a380-a47e0c90057d.png,normal
ryct.2020200034.fig2.jpeg,COVID-19
8e8955c9-dc5b-4109-80e8-06a714111cb0.png,pneumonia
65baf406-5fa2-4596-a875-b3a812207328.png,normal
73d61c35-605f-435e-af98-5cc68b188a46.png,pneumonia
c1d32bfe-9f53-4c13-b464-58dae483352d.png,normal
covid-19-pneumonia-20-pa-on-admission.jpg,COVID-19
44dc24f3-2954-4a43-be42-eb8d52fd252f.png,normal
7b94fc31-0735-4840-beb8-c685f22ec90b.png,pneumonia
covid-19-pneumonia-35-2.jpg,COVID-19
73557193-9f08-4353-adb9-a9e0f54bbd8c.png,normal
80446565-E090-4187-A031-9D3CEAA586C8.jpeg,COVID-19
181f55a1-d776-42e0-b2a1-ab2e73dc31a2.png,pneumonia
bd20a471-4892-4763-ae4a-936878eefede.png,pneumonia
a3558c74-f838-4da4-a8be-ad248ad502cf.png,pneumonia
7a1faa41-252e-44d2-b019-63ebc8dd4ee2.png,normal
ryct.2020200034.fig5-day4.jpeg,COVID-19
1.CXRCTThoraximagesofCOVID-19fromSingapore.pdf-002-fig3a.png,COVID-19
fff49165-b22d-4bb4-b9d1-d5d62c52436c.annot.original.png,COVID-19
f3b1b61e-693d-4fee-b67b-fa4f09554391.png,pneumonia
41591_2020_819_Fig1_HTML.webp-day5.png,COVID-19
2dc46628-e8b4-4499-adc1-78907fa247cc.png,normal
ryct.2020200034.fig5-day0.jpeg,COVID-19
e5450e59-4119-483d-aee2-1d30b44f8fa8.png,normal
21afc084-1c98-42f5-b767-edb5cb8f2884.png,pneumonia
figure1-5e73d7ae897e27ff066a30cb-98.jpeg,COVID-19
871e5b63-69a7-48bd-93bb-cce86072bfc1.png,normal
ryct.2020200034.fig5-day7.jpeg,COVID-19
9a2e09e1-071d-43b8-83f1-ca546b1f0a03.png,normal
SARS-10.1148rg.242035193-g04mr34g07b-Fig7b-day12.jpeg,pneumonia
post-intubuation-pneumomediastium-and-pneumothorax-background-covid-19-pneumonia-day7.jpg,COVID-19
f50b0e32-b723-4a51-9c27-0f7c2582f3f7.png,normal
c386e937-e121-4981-87f1-14afe0315fea.png,normal
77e9a287-61ee-4686-b029-c7e1b09b7dbb.png,normal
7dece74f-6189-4e58-8d14-0659b1db8527.png,normal
784937c8-08f4-4c04-a2fe-b4dde8643154.png,pneumonia
a1d83865-3f10-4689-b641-1c5e50bd250d.png,normal
bc3d8c7d-fee7-4138-a182-9773c157b1d5.png,normal
fb6802dd-a4d0-4474-8000-c6dc8c3cdc5f.png,normal
1dad3414-88c9-4c56-af5d-3a1488af452c.png,pneumonia
all14238-fig-0002-m-f.jpg,COVID-19
70c1019f-e519-4bc3-9769-1344e65e3b38.png,pneumonia
5b12801f-aaf7-442e-b994-ec8f15ce78e5.png,normal
f2252c5e-084f-4653-8fa9-0dc963f0755b.png,normal
cavitating-pneumonia-4-day28-PA.png,pneumonia
7f011de2-72be-480f-b9aa-4967985778f0.png,pneumonia
a36bcdda-c363-4ae6-a8b9-47bb0e05dc43.png,pneumonia
b396e6cc-f447-49bd-9b86-c75c778f1e35.png,pneumonia
9caad2e4-1f2f-4670-a82a-f7d2fd23e4a6.png,normal
a1945e4f-7541-4dca-bd3a-700fce9bd570.png,normal
94b95919-9eae-4049-a578-7803f8e06753.png,normal
covid-19-pneumonia-24-day12.jpg,COVID-19
6d2e3884-793c-487b-a3d3-dd8cc2ce1031.png,pneumonia
pneumocystis-jirovecii-pneumonia-3-1.jpg,pneumonia
3b8b8777-a1f6-4384-872a-28b95f59bf0d.png,normal
989620ed-615e-47a9-a2be-402c3b6f937e.png,pneumonia
39d69ac2-14d7-4659-af55-125893812ad8.png,pneumonia
15884ec8-c8d3-471b-a234-059591200be1.png,pneumonia
ed6d4b42-0789-4c10-9f79-606233052103.png,normal
pneumonia-7.jpg,pneumonia
7e186a19-babe-4152-b882-e3eae737b9d7.png,normal
a0c4fc4a-52c9-49df-8564-5d23e9d0ebc0.png,pneumonia
1.CXRCTThoraximagesofCOVID-19fromSingapore.pdf-003-fig4b.png,COVID-19
d4785e7d-1851-4347-8f23-5b0b9e1297d2.png,normal
ff1184dd-a8d8-44b5-bc78-eb3d38adc03f.png,normal
342209eb-5fc1-46cf-83af-4beaee1a60b6.png,pneumonia
lancet-case2b.jpg,COVID-19
52f18c9e-7262-4fcc-a6bc-78e707214886.png,normal
F4341CE7-73C9-45C6-99C8-8567A5484B63.jpeg,COVID-19
covid-19-pneumonia-30-PA.jpg,COVID-19
bc234c2b-96aa-4263-931b-b7420c235daa.png,pneumonia
3df4ad7a-a371-43bf-bf9b-14190c08944f.png,normal
53553403-f449-4bf1-9d54-b76827ef7ffc.png,normal
ffb9f122-b2f4-4531-8297-416fc0e47cda.png,normal
5a556acb-93d0-4f0c-82e7-dcedb1511c36.png,normal
covid-19-pneumonia-24-day6.jpg,COVID-19
auntminnie-a-2020_01_28_23_51_6665_2020_01_28_Vietnam_coronavirus.jpeg,COVID-19
d442daf0-cc56-4c05-8874-94712aa53704.png,normal
pneumococcal-pneumonia-day35.jpg,pneumonia
8a38f81b-8ab1-4ea6-906c-5d803833ffdb.png,normal
cb549f09-ebee-4b34-8035-ff9756800541.png,normal
covid-19-pneumonia-35-1.jpg,COVID-19
pneumocystis-jirovecii-pneumonia-2.jpg,pneumonia
e6f5c238-2bfb-4ab3-af53-7966b0277665.png,pneumonia
495f5600-1fe1-450b-ac25-22dd75bae685.png,normal
a887251c-8046-4ff2-b5e5-9ef155ef94a7.png,pneumonia
353889E0-A1E8-4F9E-A0B8-F24F36BCFBFB.jpeg,COVID-19
958ef5a8-9119-4b34-b009-6a3fa8abff64.png,pneumonia
0bbe0f92-940f-431a-b8c4-3b371ea7d9aa.png,pneumonia
covid-19-pneumonia-rapidly-progressive-12-hours.jpg,COVID-19
88522719-8558-4845-8e97-38ce464908fd.png,normal
auntminnie-d-2020_01_28_23_51_6665_2020_01_28_Vietnam_coronavirus.jpeg,COVID-19
882203ce-6bd1-4fee-905f-2d72d9dde0ce.png,pneumonia
35b74418-4c61-42dd-932d-94021f9a75f9.png,normal
7802c9a7-66c9-45a2-9005-ba61a5ea588a.png,pneumonia
c9814a4b-8bd5-4583-b968-d78138131baa.png,normal
82531180-8586-4d28-89a0-466725cd4514.png,normal
1-s2.0-S1684118220300608-main.pdf-001.jpg,COVID-19
826c7ade-8228-4f43-b5fc-a8b0591ba3e8.png,normal
fd8770d4-c595-4cfe-965b-9e51bf004dbd.png,normal
SARS-10.1148rg.242035193-g04mr34g09a-Fig9a-day17.jpeg,pneumonia
7AF6C1AF-D249-4BD2-8C26-449304105D03.jpeg,COVID-19
44c61fc8-0540-4180-8914-2961879067ea.png,normal
gr1_lrg-a.jpg,COVID-19
3c958476-01ca-4d79-929a-5f1ee467ee27.png,pneumonia
4b99e3a5-a6c0-46b3-b59a-10c4df80d2b5.png,normal
3734bc4a-f4dd-4022-a23d-39b41ac8ec3f.png,pneumonia
10163e08-1de2-44e1-9145-1922f4dd6805.png,normal
98bb1e88-54ca-40a8-b875-1477108d8561.png,normal
2e951e03-086d-464d-87fa-bfab0e329721.png,normal
3538b9f3-b604-4e3c-8f04-bb5b1127733c.png,pneumonia
3b8f18ac-4583-4d1f-b3d5-27b8ee43f5e2.png,pneumonia
05b91b32-5635-4071-b45d-6a73f8eea918.png,pneumonia
covid-19-pneumonia-43-day0.jpeg,COVID-19
7999e55b-1fac-4460-b340-2a3003772cf5.png,pneumonia
kjr-21-e24-g001-l-a.jpg,COVID-19
081a54bb-0144-4c22-9909-e3e45b15ff4c.png,pneumonia
82193858-3906-4c2f-b5b4-8aa1280f6181.png,pneumonia
1312A392-67A3-4EBF-9319-810CF6DA5EF6.jpeg,COVID-19
b95d289f-8019-4491-8f90-39a55d321c37.png,pneumonia
ba3b13ee-0a05-4219-a45a-90eb7d91dc5d.png,normal
31ec89aa-09c7-4342-8bb5-ba7b585e875e.png,pneumonia
E63574A7-4188-4C8D-8D17-9D67A18A1AFA.jpeg,COVID-19
6281dfab-a319-4c68-adc9-6bca8c2ab25a.png,normal
all14238-fig-0002-m-e.jpg,COVID-19
92e14d7b-842b-4b05-bb5d-4aab98d9acfb.png,pneumonia
RX-torace-a-letto-del-paziente-in-unica-proiezione-AP-1-1.jpeg,COVID-19
radiol.2020201160.fig2a.jpeg,COVID-19
911027e5-82d0-44f8-af40-de9049922430.png,pneumonia
pneumocystis-jirovecii-pneumonia-3-3.jpg,pneumonia
aeb2a32c-595a-44c2-b827-c6ce0f6ff4f3.png,pneumonia
b1066280-4520-4377-ac12-b466c84828ed.png,normal
a2a093bc-6179-4a31-bcbb-645d2f136a80.png,pneumonia
ba5c9439-e386-4cea-90bf-643272f3b822.png,pneumonia
covid-19-pneumonia-rapidly-progressive-admission.jpg,COVID-19
a71d3def-7297-4a2b-9695-cb6c77a28bed.png,normal
covid-19-pneumonia-evolution-over-a-week-1-day4.jpg,COVID-19
1.CXRCTThoraximagesofCOVID-19fromSingapore.pdf-000-fig1b.png,COVID-19
ed37211b-bc6e-41b2-b246-e47707a07687.png,pneumonia
pneumococcal-pneumonia-day7.jpg,pneumonia
39EE8E69-5801-48DE-B6E3-BE7D1BCF3092.jpeg,COVID-19
SARS-10.1148rg.242035193-g04mr34g0-Fig8a-day0.jpeg,pneumonia
4e601c9a-a233-4205-aa59-39718879a0c9.png,normal
covid-19-rapidly-progressive-acute-respiratory-distress-syndrome-ards-day-3.jpg,COVID-19
553e5581-e9ac-44da-9a81-a95ed7320afd.png,pneumonia
f4fffaa6-a5b8-494e-911b-1560d1937422.png,pneumonia
bda1d8b6-2a74-41c3-8cef-3ff7864e4613.png,pneumonia
8fa5d758-4797-4c75-99eb-65502fd35612.png,normal
e62f8c0e-25d1-42cd-ade3-42dfbd51bc31.png,normal
74eb29cc-33a7-4ad4-b420-a4f4ba34cf19.png,normal
da9e9aac-de8c-44c7-ba57-e7cc8e4caaba.annot.original.jpeg,COVID-19
ecbe84f7-1283-4131-bea3-d8b380179c47.png,normal
figure1-5e71be566aa8714a04de3386-98-left.jpeg,COVID-19
4e43e48d52c9e2d4c6c1fb9bc1544f_jumbo.jpeg,COVID-19
78214c64-ebb6-4a9c-b4ca-ea65da449fd2.png,normal
3b31cd2d-db9f-4671-8adc-c41203f013ae.png,normal
810c9bac-dab2-4cd3-9a1f-93760791b040.png,normal
a663c486-b367-462d-bd33-ba415987c4b1.png,normal
6d631a71-9364-4e18-b6c0-ea6269812a62.png,normal
a36e7bd8-9836-4870-bc9b-bd1119b81cd0.png,normal
34a86615-92b7-4b4a-813b-9e62e51b6d10.png,pneumonia
23ca6e02-56e8-4872-b323-ded9792a7fa9.png,normal
7781ae62-9313-42e2-9d82-9fa82b054195.png,normal
a9552aa7-691e-40ab-835b-16237c608b03.png,pneumonia
41560731-6e3f-44b9-b951-e789bb8e0cc8.png,pneumonia
covid-19-pneumonia-41-day-2.jpg,COVID-19
ef7badd9-6de6-436c-ac89-d77e4cced196.png,normal
bcc517e0-614c-4c16-a2f4-50bbe10cb068.png,normal
eeb9b9e9-1502-49c0-b622-94f43a0b07c8.png,pneumonia
1-s2.0-S0929664620300449-gr2_lrg-d.jpg,COVID-19
7ad05803-8238-4bb8-bddd-365cc1381680.png,normal
b4ad7f93-d7fc-4c48-a164-8da23cb88cc1.png,pneumonia
covid-19-pneumonia-14-PA.png,COVID-19
parapneumonic-effusion-1-PA.png,pneumonia
336c9afc-e140-4d5e-ab50-7b11809dbc1f.png,pneumonia
f758a20a-506d-4e4e-97d7-54043148fb59.png,normal
c537edd0-15e7-4a53-bca5-80db800d6e68.png,normal
3f318eac-10a7-4f8d-a5f2-b32ff6efa879.png,normal
95bb8cc2-d5d5-4ef3-ade0-18e5ff5b2e08.png,normal
8c79e5d7-7862-4db1-8d88-062abff2e172.png,pneumonia
bf60b3fd-3040-4a61-a009-37ce6bc19976.png,normal
post-intubuation-pneumomediastium-and-pneumothorax-background-covid-19-pneumonia-day6-1.jpg,COVID-19
radiol.2020201160.fig3a.jpeg,COVID-19
892c7112-9d18-48b9-952c-d6d29c08d8d0.png,normal
17551520-eef9-476d-bdcd-9556dca30e14.png,pneumonia
4865d15d-81e2-4ed3-a40b-b19001cea8b0.png,normal
be108ff0-e920-4b6e-901d-ce8a800f6191.png,pneumonia
dd027248-ab0d-42d3-b171-e0f598cb3099.png,normal
11c4dd33-9f7a-4b01-804e-051ab0d0e3e6.png,pneumonia
4d9b900c-2dd1-4532-aeb2-9b5f68c4b838.png,normal
0e88742f-1e63-4604-94d7-be3de0415200.png,normal
covid-19-pneumonia-43-day2.jpeg,COVID-19
6b6e92df-63fb-407d-9b69-e2de8ff1dcb8.png,normal
9a5ed3c8-2b01-433e-87db-e179be47d388.png,normal
3a7feaee-a0fb-4db7-814d-ebc3a9f98824.png,normal
3b081d12-6804-4a33-85cd-712a886e4e01.png,pneumonia
radiol.2020201160.fig2b.jpeg,COVID-19
1.CXRCTThoraximagesofCOVID-19fromSingapore.pdf-001-fig2b.png,COVID-19
7fb3786c-5045-4a90-981d-c55b53d4d5d3.png,normal
ffad4160-d78e-4bcc-ab1f-47e20e613bd6.png,normal
SARS-10.1148rg.242035193-g04mr34g09c-Fig9c-day27.jpeg,pneumonia
nejmoa2001191_f3-PA.jpeg,COVID-19
b957974c-211b-4f52-86d3-25d18825dfa3.png,pneumonia
e23c79f5-4c5d-4682-b770-1b33651426aa.png,normal
928fedb8-0cf6-447f-b6f3-292ac06b2b35.png,normal
ciaa199.pdf-001-b.png,COVID-19
f4b5f778-32f9-4197-b765-2347e3a4973d.png,pneumonia
bc7b5348-574e-49a2-a20a-719d942a9c31.png,pneumonia
6e2aacb3-74b4-4909-afd1-5e9765df303a.png,pneumonia
a5d13986-5ec1-4eab-b8a4-c01d46122a3f.png,normal
bdb79995-00a2-4b13-bfc7-6f06f8639498.png,pneumonia
1B734A89-A1BF-49A8-A1D3-66FAFA4FAC5D.jpeg,COVID-19
4525bf0b-20b4-4f4f-9149-e32632812d89.png,pneumonia
covid-19-pneumonia-rapidly-progressive-3-days.jpg,COVID-19
09591753-b569-435e-bd44-a80a3cfc6927.png,normal
e8561858-d226-494a-94dc-1efb11d00a98.png,normal
bd3e9f4d-d4dd-4550-ad5c-a48bd452a2a7.png,pneumonia
1f447431-e2b3-4d18-8c22-30684ab71ffb.png,pneumonia
26950e98-3b48-4d7c-b2d0-daa4249be551.png,pneumonia
87c1129f-231b-4680-ac14-108e64a4a48e.png,normal
pneumocystis-jiroveci-pneumonia-4-L.png,pneumonia
pneumocystis-jirovecii-pneumonia-3-2.jpg,pneumonia
pneumocystis-pneumonia-2-PA.png,pneumonia
f1c7109d-34c0-4483-bf2d-a42fa909eba0.png,normal
4fa69712-d57b-4ea9-bdf3-40cdc03f02ff.png,pneumonia
nejmoa2001191_f5-PA.jpeg,COVID-19
ac2f43b0-3e63-47e0-9e50-4ba59b9b747e.png,pneumonia
9a2b6eec-e5d9-4b92-90c7-3c479e8a84ae.png,normal
89b8ae25-5f32-436a-9a03-4b39a9a25879.png,normal
6b44464d-73a7-4cf3-bbb6-ffe7168300e3.annot.original.jpeg,COVID-19
32ceee8d-3208-4abc-b329-55f7d2264398.png,pneumonia
5931B64A-7B97-485D-BE60-3F1EA76BC4F0.jpeg,COVID-19
591ef0ea-6a2f-4079-9bc2-20c988507809.png,pneumonia
419e1001-50d6-40bb-a448-57abdb795117.png,pneumonia
99259c38-32f9-42fd-bb3e-8a3b59521784.png,normal
788e8f37-4c9c-42a3-a731-a4d7a6865cea.png,pneumonia
0da8c767-77b7-4c69-98d4-2c5c91b9affc.png,pneumonia
3916c02c-db1b-459d-a490-db001b4b63fd.png,normal
a88b1cbc-3ab1-4cbc-b0b6-386e90185260.png,pneumonia
covid-19-pneumonia-28.png,COVID-19
83691ce2-bb15-42b0-a2bc-6383bd3c3a29.png,normal
338019e9-6ee8-47cc-b49f-32dd39c0adbc.png,pneumonia
00ddefb9-d94e-4e86-b945-970be30483d7.png,normal
4ad30bc6-2da0-4f84-bc9b-62acabfd518a.annot.original.png,COVID-19
6C94A287-C059-46A0-8600-AFB95F4727B7.jpeg,COVID-19
nCoV-radiol.2020200269.fig1-day7.jpeg,COVID-19
gr1_lrg-b.jpg,COVID-19
c5930fd9-a326-4253-aaea-3245f49efaa2.png,normal
A7E260CE-8A00-4C5F-A7F5-27336527A981.jpeg,COVID-19
CD50BA96-6982-4C80-AE7B-5F67ACDBFA56.jpeg,COVID-19
5411ca96-8ca4-4029-a422-1a09dfa80b8f.png,normal
14c9d780-c5d1-4a21-a847-9fee0ec3bd43.png,normal
1-s2.0-S0929664620300449-gr2_lrg-c.jpg,COVID-19
3ea0e730-1b82-4184-a4b7-b2101e40fc93.png,normal
55ca872c-8c78-4f06-b0e2-718c2c200e54.png,pneumonia
pneumocystis-pneumonia-8.jpg,pneumonia
1fc9ff06-f015-4fad-bb4f-e41e001294c8.png,normal
39ebb0a8-3fad-42c6-83d1-b92272c32f6f.png,normal
9ebc1edb-315f-4f0f-bc9b-dfa933bc67d3.png,pneumonia
53EC07C9-5CC6-4BE4-9B6F-D7B0D72AAA7E.jpeg,COVID-19
b2e2dafc-0946-4b7d-a41b-51b18e8ecee4.png,normal
5e6dd879fde9502400e58b2f.jpeg,COVID-19
4c25cbad-6e6e-4490-b7ae-7c440a221b00.png,normal
5A78BCA9-5B7A-440D-8A4E-AE7710EA6EAD.jpeg,COVID-19
c39e60a0-f1dc-4a16-aae8-c6df8362a877.png,normal
3761df44-73dd-4294-8200-d37dfbea1d87.png,normal
SARS-10.1148rg.242035193-g04mr34g0-Fig8c-day10.jpeg,pneumonia
089df963-c3c7-499c-afd8-2b0f9224c442.png,normal
ciaa199.pdf-001-c.png,COVID-19
f5257a21-9efd-491f-94da-5cbce76d8f95.png,pneumonia
covid-19-pneumonia-40.jpg,COVID-19
1.CXRCTThoraximagesofCOVID-19fromSingapore.pdf-000-fig1a.png,COVID-19
7c39b797-9f03-44ba-ba1f-60763e865923.png,normal
80e23d5e-c9f9-4f89-ab8f-d7b1a48efd84.png,pneumonia
389f71ac-2b49-4e1f-a32e-f678d04483c8.png,normal
babdbcc1-8748-482f-b646-8034334fec25.png,normal
c8906ba7-b6b5-425d-bcc7-e5cb69ee88ea.png,normal
b8397df9-1bd5-4961-b756-978ff4aed6cf.png,pneumonia
46660df8-f835-40d3-8609-9518b00eab7e.png,normal
fe55d2e8-b8a5-4372-825e-ae4d81632e3d.png,normal
ab7d4c3c-d22d-4d21-a0c1-c78e26a2cca6.png,pneumonia
SARS-10.1148rg.242035193-g04mr34g04b-Fig4b-day12.jpeg,pneumonia
230cf514-a68f-4a2e-8d76-14756b40d4d7.png,normal
3be0c383-ad5b-422e-a003-5676bc9d66df.png,normal
afbd53b1-ea57-4201-9690-9e2bba0002ae.png,normal
7fc478ab-7eca-454d-885c-6aec22dc6903.png,pneumonia
covid-19-infection-exclusive-gastrointestinal-symptoms-l.png,COVID-19
486777ec-9e13-4bc8-b578-f7d48c098c6b.png,normal
5bc12970-af13-48bb-bd12-a5cc72fb7154.png,pneumonia
c5be166d-9c0c-435f-9af0-6997b5009ba2.png,normal
27d1956f-5e94-4fa3-b1ee-0fb2896d9c7d.png,normal
b5a5a9a8-9fe4-4eff-8ebb-9da7b9cb014d.png,pneumonia
radiol.2020201160.fig3b.jpeg,COVID-19
figure1-5e7c1b8d98c29ab001275405-98-later.jpeg,COVID-19
b8a563db-5bfd-4638-9b55-30c3a230485f.png,pneumonia
f2ca38b7-7222-4f3e-819d-c3c3713d9238.png,normal
7E335538-2F86-424E-A0AB-6397783A38D0.jpeg,COVID-19
b5737d98-457b-4b85-9c95-264d48ec6210.png,normal
dcd079c6-921d-4d52-8c7e-bf120d73ddb1.png,normal
covid-19-pneumonia-7-PA.jpg,COVID-19
covid-19-pneumonia-42.jpeg,COVID-19
945a109f-4015-4844-a49a-500b72237ce2.png,pneumonia
b039548f-9627-4701-951b-ae89efd3789f.png,pneumonia
ddaf7759-befe-418b-a464-f93063b0fdd6.png,normal
e6ef7f43-4c94-4999-9ec0-f341312f70a2.png,normal
a66d3ed0-cbef-4cbd-9748-12f48a463f73.png,pneumonia
e92fea77-9c3c-4837-a3b8-b652b6780b4c.png,normal
017c7b5b-618e-4bc9-943c-04c6a988d992.png,normal
nejmoa2001191_f4.jpeg,COVID-19
1-s2.0-S0140673620303706-fx1_lrg.jpg,COVID-19
29b9a5ae-56e4-4e15-a78d-cbaeda0c276a.png,pneumonia
1631378d-7d0d-400e-ad6c-1a57c74377e2.png,pneumonia
4b76319b-47c3-466b-80f2-6dc1e046b0ba.png,normal
905a246c-e06d-4060-88f6-98e3b063786e.png,pneumonia
b402b80c-0be4-4c25-80be-d9ace219c83b.png,pneumonia
95e2281a-1cbe-4f53-911a-0c76c84028b4.png,normal
covid-19-rapidly-progressive-acute-respiratory-distress-syndrome-ards-day-1.jpg,COVID-19
46863727-a70d-48a9-8497-fffabd1193fe.png,normal
16d8d1b9-1430-4043-acb3-d3938a354028.png,pneumonia
covid-19-pneumonia-evolution-over-a-week-1-day6.jpg,COVID-19
f4113fee-b7a0-472c-8f68-24e999fbf73a.png,pneumonia
5e9ab5d7-c02b-40c1-9b43-bfa862722f82.png,normal
7c9248d5-b2bc-4359-9667-108109a2de2e.png,pneumonia
637c0606-2cc0-4512-a9e7-9003c4af2d62.png,normal
3b253e33-a932-4d96-a8fe-f3a5be6b66a6.png,pneumonia
60503901-7daf-4af4-94ed-f5cb106b3727.png,normal
f27252da-ac5d-46b2-8df9-32e09763574b.png,pneumonia
kjr-21-e24-g003-l-a.jpg,COVID-19
797c0a13-9dae-4006-833a-5d5024328534.png,normal
b5007662-ff9c-49ad-9093-85ed7dc44bf4.png,normal
41591_2020_819_Fig1_HTML.webp-day10.png,COVID-19
covid-19-rapidly-progressive-acute-respiratory-distress-syndrome-ards-admission.jpg,COVID-19
figure1-5e75d0940b71e1b702629659-98-right.jpeg,COVID-19
1.CXRCTThoraximagesofCOVID-19fromSingapore.pdf-003-fig4a.png,COVID-19
db4b7eb8-c6f8-4a1b-9698-10e28fc216da.png,normal
covid-19-pneumonia-evolution-over-a-week-1-day0-PA.jpg,COVID-19
6544c049-a898-4268-857f-7e6b9edaf878.png,normal
32b0d04e-72fd-429a-8f71-6d1089e24415.png,pneumonia
1-s2.0-S1684118220300682-main.pdf-003-b1.png,COVID-19
7471b2a3-12dd-48dd-a43c-04c4718e5e20.png,normal
e178c7c6-a213-4023-a125-45cf59949b20.png,pneumonia
f9bf4d68-b885-4fea-9702-77924abf06eb.png,normal
aac8b420-f849-4c60-8486-0155f282633b.png,pneumonia
e2567da2-1ad5-4ad4-b3cd-d583b9be249e.png,normal
ff28b84f-2f94-4614-893d-08300c32ac88.png,normal
52816546-4463-4a7f-a120-7d492a86a524.png,pneumonia
d974dbc0-5e7d-4aac-bda5-f29096aeeb5a.png,pneumonia
e82c631b-0acb-436f-8050-fcbe1461d553.png,pneumonia
e642bc2b-664b-416c-a86f-d11b4abe8c87.png,normal
369fef8a-d290-4b0f-a4cf-02b2690bb9b0.png,normal
covid-19-pneumonia-53.jpg,COVID-19
bfb26523-d1cf-4876-8ca7-23f7050a6f76.png,pneumonia
d6fb1e39-32df-463f-9d7e-064b2b64a3bf.png,pneumonia
949b0ea6-7bb8-4c53-9c2b-5303b84ef8e2.png,normal
7EF28E12-F628-4BEC-A8C5-E6277C2E4F60.png,COVID-19
covid-19-pneumonia-24-day7.jpg,COVID-19
covid-19-pneumonia-44-day-8.jpeg,COVID-19
af2b931c-2fc3-42c1-9093-52256df224ad.png,normal
e5ee965b-7a79-4ceb-986c-a775a3c1d7a8.png,pneumonia
9067a3b6-b8bf-49a9-bc76-675853dd37b5.png,pneumonia
d32664da-313a-45dc-90f7-0759ac76e207.png,normal
6bde463a-d52c-4730-9833-091fc1fef528.png,normal
59ab729f-018c-4bb5-9858-befe89c74fcf.png,normal
5b19f8e2-420c-42a8-82d5-5e1e5d30939b.png,pneumonia
660413b7-c06e-4194-9157-be698934cbcc.png,pneumonia
39e24ec0-26d0-4eb3-9dfe-59356ed30dfc.png,pneumonia
pneumocystis-pneumonia-12.png,pneumonia
covid-19-pneumonia-44-day-0.jpeg,COVID-19
covid-19-pneumonia-49-day8.jpg,COVID-19
radiol.2020201160.fig2d.jpeg,COVID-19
33889753-8a7d-4d7b-a8bd-2b1088cf3a0f.png,normal
5003f421-e6d3-4c2c-b713-eba27a9078c2.png,pneumonia
SARS-10.1148rg.242035193-g04mr34g04a-Fig4a-day7.jpeg,pneumonia
a424f983-75af-44e1-84f6-6ef44f9580c5.png,normal
5699df0c-aa5a-4109-8f23-1bed85d1470e.png,normal
49b96a4d-7bfb-49f2-a31f-932371038652.png,pneumonia
D7AF463C-2369-492D-908D-BE1911CCD74C.jpeg,COVID-19
8949f382-c28f-462b-a902-058818235e3b.png,normal
e7fbf482-7849-4311-8fe7-60652f38d387.png,normal
1-s2.0-S1684118220300682-main.pdf-002-a1.png,COVID-19
wong-0005.jpg,pneumonia
post-intubuation-pneumomediastium-and-pneumothorax-background-covid-19-pneumonia-day1.jpg,COVID-19
23E99E2E-447C-46E5-8EB2-D35D12473C39.png,COVID-19
b1d5d7d3-774a-4894-9575-73a4c7163494.png,normal
