filename,class
6a45ca02-9492-44bb-9505-57e8db7a651e.png,normal
8788cea6-effd-4a43-9004-19a7cb1207f4.png,normal
8c4421ee-115a-472c-b3cd-48c6c3b8e42b.png,normal
094eed38-9c5b-4042-936d-344ccec4c3cc.png,pneumonia
f1677417-36ca-4ee2-886b-bb5e7c6a35ab.png,pneumonia
7779a9c7-9483-4a8b-9c24-f6dfe787cfc4.png,normal
3fa13d7f-8b18-443d-8dfe-2b098bfec24a.png,pneumonia
b9b65900-2ff9-4d1d-8dde-80990a82974f.png,normal
pneumocystis-pneumonia-1.jpg,pneumonia
e2cd26bf-9eff-48b5-bce8-3734053129e6.png,normal
dbfc2da5-fc7e-431d-b05d-9a0b580c357f.png,pneumonia
a02c7ae4-7571-4ae8-ae35-5e4121ebd250.png,pneumonia
af0bad4b-7eb8-4cbf-ac41-0b3a54526874.png,normal
005f5517-ab76-4b0d-8a26-f808d97171c4.png,normal
4d808ddb-afa5-48a4-8382-2545b566c70c.png,normal
ae7b0fa3-dc8e-405d-a8e4-de4704462541.png,normal
b3ff1452-a443-4261-a713-76c47b9932e9.png,normal
bc6bcb9d-0907-40e0-9f82-b2fe75091b48.png,normal
3b411a6e-270d-48d6-a3db-fbb4635151dd.png,pneumonia
ad445bea-e0e4-429f-97ab-11271727984e.png,pneumonia
0fff88da-4b97-4a84-8cac-67f093cbbd93.png,normal
7b2d7682-0c3a-4ce5-aae4-d06a5ab14ba9.png,pneumonia
3c92c85a-acb7-49dc-b732-1b6e203e6d7b.png,pneumonia
radiol.2020201160.fig3b.jpeg,COVID-19
SARS-10.1148rg.242035193-g04mr34g09b-Fig9b-day19.jpeg,pneumonia
ab83e64b-4204-405f-a77c-02f4fa01c6e6.png,pneumonia
covid-19-pneumonia-35-1.jpg,COVID-19
9cf09192-094a-46cd-9be8-c7be106d90d9.png,normal
09d79f22-df14-4e5a-bc98-7a1d6bcd6965.png,normal
0902e0fc-fcf3-40b5-ac04-c3ecc14c2355.png,pneumonia
cca1fb30-2635-4b30-b868-ff9f936e4531.png,normal
nejmoa2001191_f3-PA.jpeg,COVID-19
covid-19-pneumonia-43-day2.jpeg,COVID-19
pneumocystis-pneumonia-8.jpg,pneumonia
a0367348-011f-4ec9-9efa-144fd325ba5f.png,pneumonia
97f73d62-da83-4f04-a80a-ba7f28c3e87e.png,normal
4794359b-25af-4ed9-859d-3a0bdf1e4868.png,normal
all14238-fig-0001-m-c.jpg,COVID-19
pneumocystis-carinii-pneumonia-1-PA.jpg,pneumonia
d99282ee-dc00-40d4-bb8d-5f8dba263a05.png,pneumonia
1-s2.0-S1684118220300682-main.pdf-003-b2.png,COVID-19
e50133b8-d5f3-4598-b079-5ebf4522ef10.png,normal
7c919028-8325-42d6-8d89-c88595251616.png,normal
a9c988f5-86ad-4ee7-80f8-b7a1776b42c9.png,normal
bcab0525-079e-492e-8e20-c51c779884aa.png,pneumonia
defbc643-e904-457a-9819-fd9e97318242.png,normal
ryct.2020200034.fig5-day7.jpeg,COVID-19
333b7a3b-2d48-4926-9498-3e6b30239ab2.png,pneumonia
94587397-55fa-4ba5-820d-acbcf806c00c.png,normal
4edadee3-ed63-4cb8-bced-20db6b38d0cc.png,pneumonia
10f2cb81-ad90-4857-a2f7-18e7d8f66907.png,pneumonia
covid-19-rapidly-progressive-acute-respiratory-distress-syndrome-ards-day-2.jpg,COVID-19
625ad952-940e-4c0c-b429-0ef0837b457e.png,normal
159afd7a-feda-4c99-aa7b-f6eaef84afb9.png,pneumonia
7fe04b2d-3883-47b6-9921-c610a308fa9c.png,normal
covid-19-infection-exclusive-gastrointestinal-symptoms-pa.png,COVID-19
08d8e57a-4835-445b-8c79-8dd31ab17819.png,pneumonia
d91b519f-9216-4ff9-9e2a-3356bfe4e391.png,pneumonia
1d1badbd-7789-4923-a387-7ee4e3b18cc7.png,pneumonia
33da8f93-c3f9-413c-bc49-2a51f34aded2.png,pneumonia
04ce0574-5d18-4661-973f-7bfbb0707a1c.png,pneumonia
3c5b5b81-50e4-41e4-bd8f-d49d13e768d4.png,pneumonia
d8787200-cf92-4b48-8687-c6a356575939.png,normal
658f18d3-69ea-4ee6-ace7-d179d441036a.png,normal
e9f38ad5-dea1-4568-9abc-056143ae572b.png,normal
580b69d3-58de-4072-af4e-3e7d63b0ed23.png,normal
b5ea0a2e-1122-4183-931c-8027caf1eb8d.png,pneumonia
covid-19-caso-70-2-APS.jpg,COVID-19
a5333c4d-fa5f-4266-9778-f0fd9655fbb3.png,normal
9c38328e-f87d-4137-a34d-6bc9db9dfb11.png,normal
0ccb9c63-16ca-4bc3-b2ac-b7fd85a845dd.png,normal
852cc5ad-522c-4a30-af8d-6dbb53fbee4d.png,normal
65b87566-709e-4b0f-b4bb-55020515f6e7.png,pneumonia
c568ef01-6904-45ec-990e-2986a961dd00.png,normal
covid-19-pneumonia-41-day-2.jpg,COVID-19
730a4c92-d93c-4a1e-b2a4-36510e7dee3f.png,normal
3397ca1b-01c0-45c5-8a12-758df4dff9dc.png,normal
4f7c7705-738d-4ab2-818c-1fadc70c1fee.png,pneumonia
446B2CB6-B572-40AB-B01F-1910CA07086A.jpeg,COVID-19
b9c99ffa-21b9-4f54-8312-f3952ec4afdc.png,normal
4add9b3e-0e87-4875-902d-2f685166ce01.png,pneumonia
0e7d10d2-e99f-4e30-826c-2d0a18edbc74.png,pneumonia
b6cd343d-2352-445f-b5b9-28fd457c2022.png,normal
741500a4-d128-4b85-852b-428779f5c5ec.png,pneumonia
CD50BA96-6982-4C80-AE7B-5F67ACDBFA56.jpeg,COVID-19
e5e4f0cf-58ec-4442-a54c-96d5d29d8f0b.png,pneumonia
befd3b4c-d0a6-48fd-87ee-db4340ba4abb.png,normal
cd3ae8e4-09a2-4da8-a028-8b54b0b8591a.png,pneumonia
17bbf318-ef96-4dac-99e0-59fae5c60b56.png,normal
c4e96c53-34f7-4607-bab4-45e982079b2b.png,pneumonia
cb8eb60c-ebe6-4d95-b740-61a7b2606af0.png,pneumonia
385c5485-7307-464b-a0b5-a4a6612d8bd2.png,normal
47d10903-9dff-4684-a05e-95ae4c6b8ba3.png,normal
nejmoa2001191_f1-PA.jpeg,COVID-19
f26f795e-e989-40ce-a076-5763295ce46b.png,pneumonia
b0e2b584-8e6f-4849-88ad-778a07abc055.png,pneumonia
0bcb73ad-aff9-4367-adfe-f9e87b229523.png,normal
aea67005-00f8-4c5d-8b0e-782786127ba8.png,normal
C6EA0BE5-B01E-4113-B194-18D956675E25.jpeg,COVID-19
fb4b98af-d6d1-468f-8194-ceffd09d9fb0.png,normal
8f3b080b-1c92-4319-9778-267d8d55fe1f.png,normal
765f5d41-e660-4b45-97ed-0eb22390b720.png,normal
578d7a7b-a762-4713-adc4-35d476c97a75.png,normal
99d72abd-78dd-4a09-8f9f-d07478196760.png,normal
cb863b06-58a4-492d-87c7-0debe67f6dc6.png,normal
769f98fc-59c7-4f3a-af65-80a75b679923.png,pneumonia
40a2f7fd-342e-494b-a7e0-5857b73ec582.png,pneumonia
4e26257d-22cd-453f-974c-9dbf04923ace.png,normal
53872ba6-efa0-456f-80bd-bdb4ed66fc59.png,pneumonia
c380ed72-3cdd-42d2-b482-b2bcb9a3541a.png,normal
04a6aa6d-bd6d-48b1-822b-21b81c4bdf3a.png,pneumonia
2847bf15-c5f4-47fc-ab15-0fec98933128.png,normal
2966893D-5DDF-4B68-9E2B-4979D5956C8E.jpeg,COVID-19
bd912d93-28c5-47df-8971-8ca9bbc1feb9.png,pneumonia
930a7426-dfdd-4306-82da-9331e823bbaa.png,normal
D7AF463C-2369-492D-908D-BE1911CCD74C.jpeg,COVID-19
kjr-21-e24-g002-l-a.jpg,COVID-19
916a0cd0-d682-43e0-aeb2-8da59c626599.png,pneumonia
8eac99ab-25bc-4ad7-97cb-4fec4ca1305a.png,normal
184e51c6-f33b-4b55-8c9b-b4809ad88af8.png,normal
covid-19-pneumonia-41-day-0.jpg,COVID-19
1.CXRCTThoraximagesofCOVID-19fromSingapore.pdf-002-fig3b.png,COVID-19
3ed451f4-ff11-489e-9d3f-c7abf1c696be.png,normal
09f0ac0a-2933-45fc-a937-c0da67f5fd0d.png,pneumonia
6f9f6941-46d9-4c16-8c5a-e2a6de1de7e4.png,normal
50e589e1-e878-4994-b29f-ce9d731ac2db.png,pneumonia
d693d7f0-ccf8-4729-924a-fb7fc2b0d40b.png,normal
f78c5367-68ae-409b-b1e2-1c8fdb24ff96.png,normal
a917ad13-d23a-4758-b943-34c74acc19c0.png,normal
covid-19-caso-70-1-PA.jpg,COVID-19
91b8532d-9a47-4ed1-841b-ea4091f1db8c.png,normal
bda7d05e-c319-44a5-96c2-7c7c2e77ff4a.png,normal
b7d43469-6312-4261-961d-e2014d6e7dd7.png,normal
3ce512cd-65c8-480c-9707-242b3715d3da.png,pneumonia
pneumocystis-jirovecii-pneumonia-3-2.jpg,pneumonia
385ecf1e-e97c-4d79-b80c-6d0c04f8bfe9.png,normal
cavitating-pneumonia-4-day28-PA.png,pneumonia
covid-19-pneumonia-40.jpg,COVID-19
36f0c0e8-9216-42a4-9a52-4322c74fc35d.png,normal
5ed18df5-3701-4657-a87b-7a4481a65800.png,normal
86b194b5-dc85-47a9-b77c-e17f68d6d5c9.png,normal
f121c24f-3b09-468f-a097-29a73036c61f.png,normal
covid-19-pneumonia-49-day8.jpg,COVID-19
85b2bf9e-fc98-45be-99f8-4af786805333.png,normal
75e34c04-4486-410b-b6d8-46543c1af5a2.png,normal
d03b693d-8e4d-48ee-8cb3-8577680a55e4.png,pneumonia
8ee256be-e94d-4554-8929-a352bc0fba56.png,normal
a1c1a92c-fe13-4c64-81f8-1482e18c5a49.png,normal
3dcc0fa9-312e-427f-9a03-132bcb72b3e0.png,pneumonia
radiol.2020201160.fig2c.jpeg,COVID-19
6b44464d-73a7-4cf3-bbb6-ffe7168300e3.annot.original.jpeg,COVID-19
dbea4851-d8c8-435f-834d-b0895ab0475b.png,pneumonia
df50d16a-01d7-46e0-bdd4-35c605d20307.png,normal
covid-19-pneumonia-35-2.jpg,COVID-19
1c5c3093-5a22-4728-8d74-84846c3cbe72.png,normal
gr1_lrg-a.jpg,COVID-19
d3bc87ed-6343-4196-b277-e94b01f1da40.png,pneumonia
7f247a86-284c-4e6e-b0f3-ea5d3d8f081c.png,normal
7EF28E12-F628-4BEC-A8C5-E6277C2E4F60.png,COVID-19
pneumocystis-jirovecii-pneumonia-3-1.jpg,pneumonia
a25b612b-59c5-4401-a60e-bf3720be8d25.png,normal
covid-19-pneumonia-14-PA.png,COVID-19
07798a86-803e-4a25-b1ca-3394ae293be5.png,normal
1B734A89-A1BF-49A8-A1D3-66FAFA4FAC5D.jpeg,COVID-19
covid-19-infection-exclusive-gastrointestinal-symptoms-l.png,COVID-19
0c9beef4-dc63-4f65-86e6-d8a6eac70670.png,normal
171CB377-62FF-4B76-906C-F3787A01CB2E.jpeg,COVID-19
316a6692-4321-44a2-b27f-ad96b2758088.png,normal
18229219-aeb9-4687-ad23-29bed791d76e.png,pneumonia
e0af96b5-9e91-4cc7-84c7-a3d04d4c9405.png,pneumonia
4ac05784-cc3a-4dc5-95fa-9367d7d898a6.png,pneumonia
eb063533-8cc2-49d9-bf1f-0aa07b26dfd2.png,normal
SARS-10.1148rg.242035193-g04mr34g0-Fig8c-day10.jpeg,pneumonia
pneumococcal-pneumonia-day0.jpg,pneumonia
98bfaf7a-d80b-491e-a7e0-c5c7316bebe9.png,normal
95fa653c-bcbf-44ea-8749-f764594e9b7f.png,normal
838d5522-d44f-49a5-a4e2-7e84a75c2f75.png,normal
826361cd-08ae-49c4-b535-25a4f14026f8.png,pneumonia
ef1746b3-1320-431d-a021-6e40a543279a.png,normal
9eeb04be-4a5f-42d5-b927-eba101889a58.png,normal
77c809fd-1fb7-4dae-a0e6-33408425eb92.png,pneumonia
bd8dbe2a-57c9-4267-9564-7d8d2f8f3a70.png,normal
3d963020-db86-43c6-8133-21c69cb65df0.png,pneumonia
b67345a4-9c06-46c0-b0a0-303cee1cc19c.png,pneumonia
56299c0b-a0fb-4f2f-bdae-54e0144fdec5.png,normal
5A78BCA9-5B7A-440D-8A4E-AE7710EA6EAD.jpeg,COVID-19
2f0f42a4-dc05-477c-91d2-fd7228d4844b.png,normal
pneumocystis-jiroveci-pneumonia-4-L.png,pneumonia
f3aa1daa-4873-446a-a5b7-7da7f955245e.png,pneumonia
e41cd301-8729-4276-ac6d-7a9a1df09cf3.png,normal
covid-19-pneumonia-evolution-over-a-week-1-day4.jpg,COVID-19
SARS-10.1148rg.242035193-g04mr34g04b-Fig4b-day12.jpeg,pneumonia
0e302d0d-b8c2-4d92-a735-12e843ff89df.png,pneumonia
6607ca20-4737-43b9-b297-d119873f1754.png,normal
7ef98cac-f239-406e-af10-67aead1e038f.png,normal
SARS-10.1148rg.242035193-g04mr34g04a-Fig4a-day7.jpeg,pneumonia
67d72432-8ea3-448c-943c-54d63a10701f.png,normal
9fdd3c3032296fd04d2cad5d9070d4_jumbo.jpeg,COVID-19
7D2CF6CE-F529-4470-8356-D33FFAF98600.jpeg,COVID-19
kjr-21-e24-g003-l-a.jpg,COVID-19
aff963a8-7c66-453f-b247-b99fac926e2f.png,pneumonia
ryct.2020200034.fig5-day4.jpeg,COVID-19
3d33aaf8-2163-4126-888b-1596478fe2be.png,pneumonia
64c717c5-62f8-4434-b967-350679a2d4b9.png,pneumonia
1-s2.0-S1684118220300608-main.pdf-001.jpg,COVID-19
SARS-10.1148rg.242035193-g04mr34g0-Fig8b-day5.jpeg,pneumonia
pneumocystis-jiroveci-pneumonia-2.png,pneumonia
lancet-case2a.jpg,COVID-19
a35c15bf-541e-4f96-b35f-4f128b9d7843.png,normal
radiol.2020201160.fig2a.jpeg,COVID-19
figure1-5e71be566aa8714a04de3386-98-left.jpeg,COVID-19
covid-19-pneumonia-15-PA.jpg,COVID-19
f3d8b643-0706-4997-8819-92bb95524626.png,pneumonia
1-s2.0-S1684118220300682-main.pdf-002-a1.png,COVID-19
be309060-220f-445f-9aa5-4a8825783fb2.png,pneumonia
f69af194-65fb-412b-8004-9b6a643b1c39.png,normal
41591_2020_819_Fig1_HTML.webp-day5.png,COVID-19
5e6dd879fde9502400e58b2f.jpeg,COVID-19
8502b7bb-f681-47a1-aa45-06f6b692841a.png,pneumonia
c5a8e91a-2d40-4355-91af-73abf5f0fdf1.png,pneumonia
nejmc2001573_f1a.jpeg,COVID-19
RX-torace-a-letto-del-paziente-in-unica-proiezione-AP-1-1.jpeg,COVID-19
876785b8-4691-4231-b8c4-6e92527dfb08.png,normal
d18074c3-5ac2-46d4-91e4-f13f9284115f.png,pneumonia
96862a19-db35-4c6f-a6f4-2f00a1bd303d.png,pneumonia
873f4d9b-de57-4129-a83c-0bfc6cdfa313.png,pneumonia
pneumonia-7.jpg,pneumonia
6207b736-fe0c-4f73-ad9b-9ef1e81aa885.png,normal
c5074fa5-ad56-4b4f-9b52-c298db7b62af.png,pneumonia
post-intubuation-pneumomediastium-and-pneumothorax-background-covid-19-pneumonia-day7.jpg,COVID-19
4d43c0dd-d87b-4ccf-83df-c82be5ea2aef.png,pneumonia
8c2e89d4-86c2-4019-a5cc-80570b8c4dfd.png,normal
019d950b-dd38-4cf3-a686-527a75728be6.png,pneumonia
1-s2.0-S0929664620300449-gr2_lrg-a.jpg,COVID-19
e72249f8-330b-4852-a7d2-bea2f75666c7.png,normal
41591_2020_819_Fig1_HTML.webp-day10.png,COVID-19
all14238-fig-0001-m-b.jpg,COVID-19
b56cf994-fd52-4c8f-8304-b820f397b954.png,pneumonia
e6b8b863-a0ce-48d8-8de2-9c72ba210f3b.png,normal
e836c27c-e180-4c15-a929-bc98fab4df67.png,pneumonia
b7069aa5-9e33-4918-aba2-f76b0abef6a4.png,pneumonia
b6468969-2e9b-4a36-aaa0-2c77b205105e.png,pneumonia
dd0b42cc-e6af-4b9f-bd8a-cd7c6edc29d7.png,normal
4ad30bc6-2da0-4f84-bc9b-62acabfd518a.annot.original.png,COVID-19
covid-19-pneumonia-44-day-8.jpeg,COVID-19
b021293c-4dd0-450c-b1a4-2d72cedab0a2.png,pneumonia
5CBC2E94-D358-401E-8928-965CCD965C5C.jpeg,COVID-19
60ae6dde-b322-4c93-ad89-1b061fa48098.png,pneumonia
8ba647d3-a5c9-4ded-815a-e24dbfe7dd59.png,normal
bddeeec2-768c-4c49-9d62-def00e1ef0e7.png,normal
8700b00c-a90b-4c7b-876a-a4d58ab2f480.png,normal
2B8649B2-00C4-4233-85D5-1CE240CF233B.jpeg,COVID-19
radiol.2020201160.fig3c.jpeg,COVID-19
lancet-case2b.jpg,COVID-19
covid-19-pneumonia-42.jpeg,COVID-19
9e43a65f-f310-4cb0-a645-8ea52d98f88f.png,pneumonia
all14238-fig-0002-m-e.jpg,COVID-19
4444f78e-c9ec-40c3-b8e4-867279366c8b.png,normal
covid-19-pneumonia-7-PA.jpg,COVID-19
af773610-ef65-46f7-b538-56403393129d.png,normal
4522fdf3-c580-49c2-9400-8d01178c3425.png,normal
f938d936-8c4a-497e-9b73-244a22786490.png,normal
covid-19-rapidly-progressive-acute-respiratory-distress-syndrome-ards-day-3.jpg,COVID-19
ryct.2020200034.fig5-day0.jpeg,COVID-19
b5022e52-4742-4b8c-b432-487fd9a9dbfe.png,pneumonia
29b0895a-a35b-4681-9706-71bf3c50f857.png,pneumonia
07045469-bbc4-42ca-a8b9-9c83ef77f704.png,normal
9ee3b37b-f1e7-4b02-8f8f-a8af4ce3990e.png,pneumonia
covid-19-pneumonia-20.jpg,COVID-19
8a504f1d-b42c-4328-8571-f4e0a8e0fb5a.png,pneumonia
pneumocystis-jirovecii-pneumonia-3-3.jpg,pneumonia
8abd6d5e-6aa0-44fc-9e02-7914ba22ad68.png,normal
67bc7433-4582-493a-af6b-82d0383d9c32.png,pneumonia
608623de-7a7a-4988-8e94-61d8a0a1cbd3.png,pneumonia
3594b48f-fcc1-4947-93f5-64be66467147.png,pneumonia
d9e8ebd5-c42a-4a1e-9b6d-02c6d97667b6.png,normal
42122fc5-12ce-4840-ae13-5f70fffdc6e5.png,normal
3bc84e99-82ac-4945-8d31-0bc0cffe91ef.png,pneumonia
aa4294f9-fe5f-4912-9e73-0cbf35bddfdf.png,pneumonia
0aa5abc0-7db8-44d4-b3b7-8133787e0862.png,normal
3a010152-9ce2-4780-bdd8-bac6fa101991.png,pneumonia
32f1f953-db5b-459c-bb4f-4b785ee2c3a2.png,pneumonia
64f134d6-370e-46f5-a16e-0c9832f1eda9.png,normal
353889E0-A1E8-4F9E-A0B8-F24F36BCFBFB.jpeg,COVID-19
covid-19-pneumonia-44-day-0.jpeg,COVID-19
pneumocystis-pneumonia-12.png,pneumonia
9deec23f-8bc9-4957-8b3e-be5c7abf2e87.png,normal
6221fb68-01c4-4351-929d-6bc91175e78b.png,normal
3e80e9c7-8f9a-4da5-b084-6f3d364d6010.png,pneumonia
777696af-08cf-4f9b-a8be-b9dc685bfa44.png,pneumonia
E63574A7-4188-4C8D-8D17-9D67A18A1AFA.jpeg,COVID-19
3cd1620d-069f-40cf-a63a-197a3eda9c66.png,pneumonia
covid-19-pneumonia-20-pa-on-admission.jpg,COVID-19
885d0a5c-ccfb-4522-b98f-824b32c763d2.png,normal
0864e801-58cb-4df8-b7a8-dd9e32c97178.png,normal
1caf3708-4998-4594-bf7f-ea4beb24b6f5.png,pneumonia
ryct.2020200034.fig2.jpeg,COVID-19
162b17de-b15d-4122-9352-ec3445f61f35.png,pneumonia
72733084-9875-4bdc-b598-1369472f5874.png,normal
8124402b-7ffa-4d3c-8387-2a20ee3c6424.png,normal
5ed0a141-2878-44e3-983b-bc51928f7e65.png,normal
covid-19-pneumonia-43-day0.jpeg,COVID-19
a5721bbd-b1c6-4e95-b6bc-0a7fbf583b6a.png,normal
7bbf45a4-044c-412b-b291-e398ff839c01.png,normal
73f63d2d-c2ae-41e9-bf79-b35228d829e5.png,normal
a8545597-2873-4afc-a0a9-77bb14feb458.png,normal
auntminnie-b-2020_01_28_23_51_6665_2020_01_28_Vietnam_coronavirus.jpeg,COVID-19
ba6d7b39-f439-455a-878c-f04c5987d668.png,pneumonia
476fd67f-33e0-47e7-b7d2-5f6e2afe4662.png,normal
0b2e67fe-09ae-40b0-8089-4dddb7c2c0cf.png,normal
90fd2173-ae4d-4342-9872-d79b856b7a37.png,normal
7c086e53-4bad-4bc6-9ff6-292614b69e07.png,pneumonia
figure1-5e75d0940b71e1b702629659-98-right.jpeg,COVID-19
7E335538-2F86-424E-A0AB-6397783A38D0.jpeg,COVID-19
1-s2.0-S0140673620303706-fx1_lrg.jpg,COVID-19
6f558e12-6030-4774-a18f-e7e7f5618bdb.png,pneumonia
b407bfac-f351-4129-9e55-53e825f7ab16.png,pneumonia
1462ffd1-939b-49b7-9234-eeeb7f4986cc.png,pneumonia
0ff34948-d637-46ff-a36b-02260dfa9b03.png,normal
E1724330-1866-4581-8CD8-CEC9B8AFEDDE.jpeg,COVID-19
e81046a7-87bc-43ef-858d-089ceb254bea.png,pneumonia
dab617ab-beb9-4878-aefe-1b532b8e7e41.png,normal
7f86ef64-225c-44ba-a1ab-e4ec82945ff0.png,normal
kjr-21-e24-g001-l-a.jpg,COVID-19
464a8cdb-4e55-48de-b61f-72edb6992e0f.png,pneumonia
95dd5cf3-9b53-444d-bf9b-705f8ff22e92.png,normal
figure1-5e73d7ae897e27ff066a30cb-98.jpeg,COVID-19
1794b7b4-de8c-479a-bfa7-2ab868c3061b.png,pneumonia
889fbb03-ad00-4da1-abea-6ad0a8843335.png,pneumonia
f363306d-1c02-4182-9118-17e28d66d265.png,normal
e163b4d7-9ff9-468f-a3c9-583baf4a58f9.png,normal
91671d38-4311-4998-85d5-870181df120d.png,pneumonia
3576b088-b3b9-40f2-bd44-de169e3e82f7.png,pneumonia
covid-19-pneumonia-49-day4.jpg,COVID-19
4b004c64-d809-4309-9840-bdf38aaed74a.png,normal
d60b0cba-c1bd-4741-86ef-c24760605b03.png,pneumonia
b8960e8b-c5da-4d8f-b4c3-bc4f3706a061.png,normal
e1f8ab90-954e-4254-b8e3-07608bace40d.png,normal
pneumococcal-pneumonia-day35.jpg,pneumonia
bca964e1-2a1e-4d66-b191-1550430659cb.png,normal
dc825e82-69cb-49a7-b399-62f79385bb90.png,normal
covid-19-pneumonia-24-day6.jpg,COVID-19
45b4a690-d6a0-400b-bd1e-80ce669bc5c4.png,normal
wong-0000.jpg,pneumonia
FE9F9A5D-2830-46F9-851B-1FF4534959BE.jpeg,COVID-19
081a1f56-6c47-4b80-988a-3d357c977d65.png,pneumonia
b827ba3b-f514-48c8-a317-b84adc9e0b31.png,normal
2616cf22-5180-4ac5-ab85-6285543093aa.png,normal
covid-19-pneumonia-28.png,COVID-19
64b8ea51-056b-4fa3-a1cd-8913f49424cb.png,normal
b9c687bf-4fa5-447c-b526-24ea3ce3d6e2.png,pneumonia
b2103ba0-f721-45a3-876e-c4e53ebfe890.png,pneumonia
ba56174f-98a1-4e80-b040-7edf29f8db86.png,normal
bf1da0dc-850f-47e9-aad9-a5a94d6e67bd.png,pneumonia
457f1eb5-65e1-4c8a-9c0f-08fc9f5a9fdd.png,normal
covid-19-pneumonia-evolution-over-a-week-1-day3.jpg,COVID-19
afe8e940-8718-4fbe-b852-fd462a7c3274.png,pneumonia
22fdcdc2-9d80-472e-b3b2-f5385004c16e.png,normal
46baab38-2341-4b1b-bd3c-fb16e4b1237f.png,normal
streptococcus-pneumoniae-pneumonia-1.jpg,pneumonia
eae2ac78-a276-48a5-8d15-1d2c89f10ea4.png,normal
bb3857ed-9f85-4afc-96ee-c8b6b637490c.png,pneumonia
751b96bd-f68e-4d48-abbe-65c8f16440f4.png,normal
3cb7ea27-e85c-45a9-a5d6-185b9ec18b17.png,normal
8f0e79ea-5db6-4a83-9886-c7d58f5f4825.png,pneumonia
figure1-5e7c1b8d98c29ab001275405-98.jpeg,COVID-19
ed55f8dc-45a7-4416-ae94-847bb41a35c3.png,pneumonia
393e9541-7b37-47cb-a706-a3e518f440af.png,pneumonia
B2D20576-00B7-4519-A415-72DE29C90C34.jpeg,COVID-19
7efe1069-9223-445f-a8d5-64b5a35438d2.png,pneumonia
2b0fe1f0-e5e8-41b1-8d57-270cc19c5961.png,normal
d21874a7-4f0f-4f9c-b96b-349095f57898.png,normal
9003ee77-f609-41e6-b4e9-a0fb1f95c415.png,normal
X-ray_of_cyst_in_pneumocystis_pneumonia_1.jpg,pneumonia
8c90906b-b272-4ad8-ba3c-9a6faf0e03f4.png,normal
00436515-870c-4b36-a041-de91049b9ab4.png,pneumonia
covid-19-pneumonia-12.jpg,COVID-19
B59DD164-51D5-40DF-A926-6A42DD52EBE8.jpeg,COVID-19
pneumococcal-pneumonia-day7.jpg,pneumonia
37b36218-c174-4940-a7bc-5e5601df63d6.png,pneumonia
39EE8E69-5801-48DE-B6E3-BE7D1BCF3092.jpeg,COVID-19
1-s2.0-S1684118220300682-main.pdf-002-a2.png,COVID-19
c5f707b9-acc7-4c16-add0-6f0d60d8f5c1.png,pneumonia
covid-19-pneumonia-evolution-over-a-week-1-day6.jpg,COVID-19
3ed75b04-2a32-44a8-9297-0e58441f0e8c.png,pneumonia
91c00a0a-b2fc-446c-930a-0567100f54e7.png,pneumonia
6851fb69-3777-49a6-a1bb-632c34316799.png,normal
39a5e461-791e-45f0-a4a9-2f4d06c8eca8.png,pneumonia
06893030-14ab-456d-a22d-05070773e370.png,pneumonia
6f0797fa-820f-489f-b7d5-75231b307bf7.png,pneumonia
1.CXRCTThoraximagesofCOVID-19fromSingapore.pdf-003-fig4b.png,COVID-19
f44b65ac-fe69-411e-be10-56a8498fc620.png,normal
363fb4cd-363a-42eb-8a44-7bc088a57f69.png,pneumonia
2C26F453-AF3B-4517-BB9E-802CF2179543.jpeg,COVID-19
9349039d-f052-418e-be33-181237ca8a60.png,normal
3f24788a-dea2-4936-8290-68b53dd532e2.png,pneumonia
SARS-10.1148rg.242035193-g04mr34g09c-Fig9c-day27.jpeg,pneumonia
71c7d986-b660-4df2-9c2c-a346d0aa7f03.png,pneumonia
4dfe5842-e83c-4533-8601-66945c8b0163.png,normal
fd358431-c2ec-4b19-a689-b2fd369d84e1.png,pneumonia
67e6db21-bb11-42e2-ae31-e11ac0596d1a.png,normal
covid-19-rapidly-progressive-acute-respiratory-distress-syndrome-ards-day-1.jpg,COVID-19
317d21c4-c8d5-4d83-af01-755be49aebc8.png,normal
c060c23e-dff3-4cbd-b823-b8e70b80b2b4.png,pneumonia
cd324889-a183-4d10-916f-d69384b4cb1d.png,pneumonia
covid-19-pneumonia-rapidly-progressive-admission.jpg,COVID-19
a5ba75bd-c961-4096-b9fd-6253788cfffd.png,pneumonia
post-intubuation-pneumomediastium-and-pneumothorax-background-covid-19-pneumonia-day6-1.jpg,COVID-19
180702e4-92dc-481f-b6dc-23419ef8a0c5.png,normal
f95dd310-be6f-40b1-a6c5-b293aef2357f.png,normal
f0a45a84-929c-4233-8624-fc34f5753f97.png,normal
50acfb42-e161-455c-982f-78d2ffeb12e3.png,normal
177648ba-1d97-4195-bd33-f4d11e826aa8.png,pneumonia
nCoV-radiol.2020200269.fig1-day7.jpeg,COVID-19
1-s2.0-S0929664620300449-gr2_lrg-b.jpg,COVID-19
35a803ec-bb19-4bcc-a2a3-10e0c30a9c3a.png,normal
85929859-0277-4118-8775-a4b1ca637dfe.png,normal
9fa50949-d641-4a97-b205-72f750a0b651.png,normal
c18d1138-ba74-4af5-af21-bdd4d2c96bb5.png,pneumonia
36c0d012-2a39-43f1-a871-914447931fa8.png,normal
8a90ffce-3f6e-4d49-8307-0351381be2ee.png,pneumonia
3b18606f-8f64-4492-9438-235228fc1ae1.png,pneumonia
nejmc2001573_f1b.jpeg,COVID-19
6c0db351-5354-4a88-915a-2952ed2b2690.png,normal
ciaa199.pdf-001-a.png,COVID-19
6C94A287-C059-46A0-8600-AFB95F4727B7.jpeg,COVID-19
1.CXRCTThoraximagesofCOVID-19fromSingapore.pdf-002-fig3a.png,COVID-19
bd7eeff5-2546-40e6-aae5-fb8826bbeda5.png,normal
680fac3f-966d-4c7d-a188-a0cc14f735b9.png,normal
3ff30575-fa0f-4e5c-bba6-651f4ea724af.png,pneumonia
post-intubuation-pneumomediastium-and-pneumothorax-background-covid-19-pneumonia-day6-2.jpg,COVID-19
8e3b4193-6de6-4af0-a558-b573e1b84ca4.png,normal
1-s2.0-S1684118220300608-main.pdf-002.jpg,COVID-19
abe4dcac-25e1-40f1-9deb-0a18079fff6c.png,pneumonia
post-intubuation-pneumomediastium-and-pneumothorax-background-covid-19-pneumonia-day1.jpg,COVID-19
6ec8cf52-32f7-4995-91d2-07b4d6bd9d1f.png,pneumonia
radiol.2020201160.fig2d.jpeg,COVID-19
5dc0d1ca-756d-4053-9031-ed4d97fe36aa.png,normal
auntminnie-d-2020_01_28_23_51_6665_2020_01_28_Vietnam_coronavirus.jpeg,COVID-19
0efbd9ef-d4c3-4420-924d-db1ff63200f9.png,normal
b97e1021-d9fc-41f6-86e4-4a673babf442.png,normal
490984fb-c110-4d82-b779-11c70ca9f0c9.png,pneumonia
fa2492de-0260-45e3-9491-a0eaed9658a0.png,pneumonia
636c69a8-5df4-43a5-b723-fd6372cf7f89.png,pneumonia
f14422e1-ed58-4a91-84f6-82d75ddc0139.png,normal
7a58d08a-565b-4abb-a328-cb8b83391415.png,pneumonia
95eeb017-71da-46b2-8bee-aee7de098d63.png,normal
07f78db5-7d9a-4ba0-a00f-02c36953020f.png,pneumonia
dc244dca-9414-4555-a2b0-935933366861.png,pneumonia
b2b15756-fb84-41d3-b8c5-18b425ef54bd.png,pneumonia
F4341CE7-73C9-45C6-99C8-8567A5484B63.jpeg,COVID-19
ab6619ee-546c-4245-be8d-6e0eece3581a.png,pneumonia
e2bc24a7-e469-48e2-9d5a-6ffc8557d59e.png,pneumonia
1cfe520b-cb8f-4aeb-8861-ac8ef6c79d8c.png,normal
covid-19-pneumonia-rapidly-progressive-3-days.jpg,COVID-19
ciaa199.pdf-001-b.png,COVID-19
c7c814c0-aca7-449c-a286-83fb143a6c3b.png,normal
60370334-2b17-4c9d-a05b-b5746bdaa3b1.png,pneumonia
75fe9adb-b0b0-4b00-ba5f-010773408a8c.png,normal
b76086b3-9550-44f9-a2a8-394c7793bac8.png,pneumonia
2cafbcf4-4191-44a1-b81e-b3b6c75ecc7d.png,pneumonia
625f584b-0262-4acd-85df-f299c9ca5e83.png,normal
639a7b70-1b46-42c1-bc8d-05b1861292ef.png,pneumonia
d373b335-d9d9-4594-b97e-03ec9aa8daa2.png,pneumonia
dc2a40bc-23b0-4c62-9037-6c33a39ba0c8.png,normal
b64e0ee1-82db-47fa-a91a-f1e187f84696.png,pneumonia
90b1ce86-6956-4957-a33f-280c1354db0d.png,pneumonia
all14238-fig-0002-m-d.jpg,COVID-19
b55da719-65b6-4bca-900d-a0a1003509fb.png,normal
a3d54ec1-68db-497a-ba57-b7feeb3b7739.png,pneumonia
covid-19-pneumonia-rapidly-progressive-12-hours.jpg,COVID-19
d7b27590-3f78-4e51-9ab0-4490b6de0019.png,normal
nejmoa2001191_f4.jpeg,COVID-19
ae2e618e-ca4d-4fbc-aae5-d6f39e4b484f.png,pneumonia
gr1_lrg-b.jpg,COVID-19
A7E260CE-8A00-4C5F-A7F5-27336527A981.jpeg,COVID-19
kjr-21-e25-g001-l-a.jpg,COVID-19
3857408a-0d0c-4389-bf01-6284b714193b.png,normal
5503ca33-0018-468a-a0a1-c5d8b8bf8321.png,normal
31902a4d-1835-463a-a19a-5a84cd646751.png,pneumonia
d6ec5711-f4f6-4548-8ea5-b002ecc19423.png,pneumonia
right-upper-lobe-pneumonia-9-PA.jpg,pneumonia
af59f4a2-32d4-4888-ac7f-fc0bcc23abd2.png,pneumonia
35aea96c-a183-4e11-b13e-f887f9a59d6d.png,normal
93FE0BB1-022D-4F24-9727-987A07975FFB.jpeg,COVID-19
b24c6410-39a2-467f-9994-c933af83d198.png,pneumonia
0befe74c-5802-4fd4-aa1a-e5487d685558.png,pneumonia
39c9fa1b-d758-4985-86cc-ad6e8f5f2171.png,normal
6325a116-aefd-48b2-8ab3-f10f2e24f4b2.png,normal
03BF7561-A9BA-4C3C-B8A0-D3E585F73F3C.jpeg,COVID-19
99b9190e-c092-4d21-bc5f-d6c82c513c92.png,pneumonia
ad7d8292-0c51-49fc-92ba-4d6b8d92df7e.png,normal
radiol.2020201160.fig3a.jpeg,COVID-19
e8485b0f-293d-4ca8-8b71-92db61c8ee3e.png,normal
30b439a2-0a05-4684-b890-85c63b81778c.png,normal
b47f9472-39dc-4f3b-9321-983be2324579.png,pneumonia
9e207408-a24d-4116-b581-6325de312196.png,normal
60bab750-3d16-4e10-ae2d-5f4cf93ec424.png,normal
5f137fa7-6539-499e-b0d5-0e481221bf5a.png,normal
831d8a07-1024-42a3-af2c-181144351cab.png,normal
figure1-5e7c1b8d98c29ab001275405-98-later.jpeg,COVID-19
auntminnie-c-2020_01_28_23_51_6665_2020_01_28_Vietnam_coronavirus.jpeg,COVID-19
covid-19-pneumonia-24-day12.jpg,COVID-19
4f3ceb29-12f8-40f4-9511-816fa21ca683.png,normal
54d407f3-084b-42ff-a00e-74a5d61b3c06.png,normal
pneumocystis-pneumonia-2-PA.png,pneumonia
1.CXRCTThoraximagesofCOVID-19fromSingapore.pdf-001-fig2a.png,COVID-19
covid-19-pneumonia-evolution-over-a-week-1-day0-PA.jpg,COVID-19
bf152efc-210c-4f7a-b112-bf49164d8a1e.png,normal
covid-19-pneumonia-30-PA.jpg,COVID-19
342bd0cf-b337-40e9-8512-eb170292e2f2.png,pneumonia
58cb9263f16e94305c730685358e4e_jumbo.jpeg,COVID-19
961041ed-849e-4253-8d6a-97a8aa29b2d4.png,pneumonia
b8020472-9c2d-44ce-a09b-f5795b95f230.png,pneumonia
f1c09395-da36-4feb-9884-b9121e115e75.png,normal
e73c5207-d11a-453d-a54d-4bb350126e1f.png,normal
7ebeb647-d104-412c-a202-247b650f7cc0.png,pneumonia
88eab2fe-0e34-4c90-ad6c-3c7eab376c74.png,normal
35b69e13-ffe9-4034-8d6c-32b5ad8e8b1f.png,pneumonia
c5dfc1a7-4669-42ce-af9f-62c3d8322049.png,normal
d99e786f-9de0-44b4-bb3a-00fba6c72994.png,pneumonia
6831fdb0-41b6-4171-ad98-7487f0a8fd5b.png,normal
8b3dccfa-0ea1-4503-9c12-47bb4008b271.png,normal
3cb60780-aa4c-4b95-91c1-0c1d7911ff40.png,normal
53EC07C9-5CC6-4BE4-9B6F-D7B0D72AAA7E.jpeg,COVID-19
a6dfffb9-e267-4535-bb87-62ca8098dbf4.png,normal
covid-19-pneumonia-24-day7.jpg,COVID-19
fff49165-b22d-4bb4-b9d1-d5d62c52436c.annot.original.png,COVID-19
1F6343EE-AFEC-4B7D-97F5-62797EE18767.jpeg,COVID-19
1-s2.0-S0929664620300449-gr2_lrg-c.jpg,COVID-19
0b1c0cf3-21b9-49f0-b33b-3e71b24295eb.png,normal
8b453abb-a8e9-4dfb-8484-69c62b42d1db.png,normal
960131aa-4ce4-4b26-aa12-5f73d8d81453.png,normal
pneumocystis-jiroveci-pneumonia-4-PA.png,pneumonia
8f4ed552-fe19-49b1-8c01-c805eb7a2a43.png,normal
5947097b-9d53-4044-b42f-51a0b72a2c05.png,normal
869e160d-9d79-42dc-beab-04bd3607862a.png,normal
698978d8-6d98-4221-a335-697bcee29e62.png,normal
da9e9aac-de8c-44c7-ba57-e7cc8e4caaba.annot.original.jpeg,COVID-19
parapneumonic-effusion-1-PA.png,pneumonia
b17fc3e8-99ee-4297-8432-0bbef7d24e1b.png,pneumonia
all14238-fig-0002-m-f.jpg,COVID-19
dbc50f97-e677-4c35-ac46-5eb7cdeba416.png,normal
77823cf2-2603-4db9-9c50-ec8ae13674e3.png,pneumonia
c2ee643f-0568-4816-9fa5-19d50cde5386.png,pneumonia
80446565-E090-4187-A031-9D3CEAA586C8.jpeg,COVID-19
06cc9b59-b8ff-4a6b-9e5b-f127c7c1208d.png,pneumonia
e4148f01-792f-4d32-ba64-aca36756b91b.png,normal
85444c90-e9d1-42cf-8ac4-f9968d27473d.png,pneumonia
bdf9677f-6a0d-46ab-81f8-e6b64b8e839a.png,normal
auntminnie-a-2020_01_28_23_51_6665_2020_01_28_Vietnam_coronavirus.jpeg,COVID-19
3cb2bebe-0b95-42af-9bfe-72aeff44f745.png,pneumonia
e2b39ca3-b875-45d0-ae31-9b40ac86d10b.png,normal
1.CXRCTThoraximagesofCOVID-19fromSingapore.pdf-003-fig4a.png,COVID-19
afbe84b7-428f-45d7-8d51-8b54a7547c98.png,pneumonia
65dc4d7e-6ac1-4e6b-8604-287aaf7cb1e5.png,normal
wong-0005.jpg,pneumonia
1312A392-67A3-4EBF-9319-810CF6DA5EF6.jpeg,COVID-19
31ea34d0-7ac3-4069-85ce-641bb524ec63.png,pneumonia
SARS-10.1148rg.242035193-g04mr34g07b-Fig7b-day12.jpeg,pneumonia
b3016500-907e-4fbe-b100-6bedc5128ec6.png,pneumonia
1c44e0a4-4612-438f-9a83-8d5bf919cb67.png,pneumonia
5c295ea5-8c62-4068-b5f0-f5ed770c3773.png,normal
0b025ff6-4fa0-4302-b02c-fe2069dfa7ce.png,normal
be50bdf3-f7c1-4f8f-8eba-76a22dc59de5.png,normal
1-s2.0-S1684118220300682-main.pdf-003-b1.png,COVID-19
85aadfc1-5df3-4076-baf7-c511b627713d.png,normal
36af11b1-75ca-473d-b29c-4bfa1802a81e.png,pneumonia
1-s2.0-S0929664620300449-gr2_lrg-d.jpg,COVID-19
5458205b-c67a-44de-a1e3-009f977b4f98.png,normal
SARS-10.1148rg.242035193-g04mr34g09a-Fig9a-day17.jpeg,pneumonia
c5cc1733-1ccf-4de4-a314-e7e39a7c2941.png,normal
cavitating-pneumonia-4-day0-PA.jpg,pneumonia
46b861c5-844c-40be-b390-63008b567261.png,pneumonia
4fbca954-47d2-4bcb-b0c4-3963548901f5.png,normal
23E99E2E-447C-46E5-8EB2-D35D12473C39.png,COVID-19
05b2d676-777a-4a4d-82ab-bf3f5f9b4d60.png,pneumonia
a4f59dc8-23f9-4738-9a5b-e72a28938115.png,normal
9c025c17-e81d-4e8a-b466-01a4d1c0d553.png,pneumonia
d4532e6a-a432-4fc1-86d3-28025329dfe3.png,normal
f3142a9f-b625-41d9-a7b7-9a4aba0c2abb.png,pneumonia
88d25c7b-029a-484e-b860-284e164422cf.png,pneumonia
1.CXRCTThoraximagesofCOVID-19fromSingapore.pdf-000-fig1a.png,COVID-19
7AF6C1AF-D249-4BD2-8C26-449304105D03.jpeg,COVID-19
5931B64A-7B97-485D-BE60-3F1EA76BC4F0.jpeg,COVID-19
b5c69c5b-e88c-4070-afa8-ab647f9899fe.png,normal
59894658-97ba-4ba2-9fde-50987588f1a7.png,normal
65b5430c-faff-4993-a138-f2cb1fb2ad06.png,pneumonia
1.CXRCTThoraximagesofCOVID-19fromSingapore.pdf-001-fig2b.png,COVID-19
36e2d7a1-bfea-4126-a44c-0388463a7461.png,normal
33df5e75-0b13-4c2b-b217-a0b32e3fc396.png,pneumonia
1.CXRCTThoraximagesofCOVID-19fromSingapore.pdf-000-fig1b.png,COVID-19
d87efba3-87d4-4f09-95a0-f927a1a22df7.png,normal
28f1790b-5643-4db3-9d4d-de30d4784a0c.png,normal
d77b519d-abb7-49d7-8bec-dedebe8f50d1.png,pneumonia
131dd766-23cb-43e2-9653-13033d70765c.png,pneumonia
b1ee3437-1d7a-4a85-a406-f2f7bca754dc.png,pneumonia
4e43e48d52c9e2d4c6c1fb9bc1544f_jumbo.jpeg,COVID-19
radiol.2020201160.fig2b.jpeg,COVID-19
070efe1f-2b7a-4585-9e9b-561a4432fa57.png,normal
79ffd214-6464-406a-a78b-5aaa8cc1fe7e.png,normal
covid-19-rapidly-progressive-acute-respiratory-distress-syndrome-ards-admission.jpg,COVID-19
7d3f01b0-1283-49f8-94f9-17d751a8b3a9.png,normal
3768dc07-b49f-4e4d-8233-5dda9692ca68.png,pneumonia
524f5b87-d37d-4287-b7fe-0e7d05fa9d25.png,pneumonia
ciaa199.pdf-001-c.png,COVID-19
f5e587fa-9b99-4e6f-a0f6-b510bdad6183.png,normal
327573f4-41c7-471b-b613-50dbb86a02da.png,pneumonia
5fe5ff08-5be1-4676-9bc7-4395b67514aa.png,pneumonia
a9640dbb-05f9-462c-85ec-8fefecd9a235.png,normal
35394354-d37b-4d2f-89ee-152ad05a6b8f.png,normal
59cdf0f8-72cf-414c-8c16-1140498012c0.png,pneumonia
f17a5597-874f-43ef-82f0-50b716a86856.png,normal
3922a7cc-ff8d-4479-893c-b82d86109414.png,pneumonia
pneumocystis-jirovecii-pneumonia-2.jpg,pneumonia
a66f3632-fdaa-4d33-8586-60c701c0f859.png,normal
covid-19-pneumonia-53.jpg,COVID-19
06199c4d-5f6f-4736-81b1-07bf5b76bd78.png,normal
SARS-10.1148rg.242035193-g04mr34g0-Fig8a-day0.jpeg,pneumonia
6403ef2f-fb2b-434c-a605-71c4f6db41ba.png,normal
dda53143-9bcc-4c5f-aca6-970626733e17.png,pneumonia
44ee4739-b5ff-402c-a4d1-b6bd7362024b.png,normal
nejmoa2001191_f5-PA.jpeg,COVID-19
covid-19-pneumonia-19.jpg,COVID-19
c387f123-e29a-46aa-86d1-94338bb8f885.png,normal
cf220ea1-8751-4c2c-9e3d-7d5430ef538f.png,normal
a5649f7f-1de4-494b-a33a-b56d47da8bc7.png,normal
SARS-10.1148rg.242035193-g04mr34g07a-Fig7a-day5.jpeg,pneumonia
8da250c6-2d84-4977-b539-dff43c3ba1f5.png,normal
d62be218-d914-4c91-94ec-7f84fa887927.png,normal
ec811ac3-19ca-4a43-990b-4e4704a7b649.png,normal
09cdcb9a-3768-4403-a85e-37a65711aec4.png,pneumonia
7be096ac-d43e-47e6-8325-4d404ed8106b.png,pneumonia
31bac031-0b6b-408f-8acc-1651bd777dc0.png,pneumonia
